{"type":"FeatureCollection","name":"meridia_buildings","provenance":"Synthetic","generated_by":"data/generate_buildings.py","seed":7,"schema":{"z":"zone id","k":"kind (tower|office|podium|mixed|residential|industrial|lowrise|park)","h":"height in metres at t=0","dh":"metres added by year 10 under the do-nothing baseline","td":"extra metres by year 10 under transit investment (TOD)","t0":"year the building appears (0 = already standing)","g":"1 = lot can become public realm under pedestrianisation","cbd":"1 = inside the charge cordon","d":"km from city centre"},"features":[{"type":"Feature","id":"B0000","properties":{"z":"Z000","k":"industrial","h":7.4,"dh":3.4,"td":0.1,"t0":0.0,"g":0,"cbd":0,"d":4.26},"geometry":{"type":"Polygon","coordinates":[[[8.9577288,45.0239798],[8.9590487,45.0239798],[8.9590487,45.0249703],[8.9577288,45.0249703],[8.9577288,45.0239798]]]}},{"type":"Feature","id":"B0001","properties":{"z":"Z000","k":"industrial","h":15.7,"dh":0.0,"td":0.0,"t0":0.0,"g":0,"cbd":0,"d":4.147},"geometry":{"type":"Polygon","coordinates":[[[8.9595702,45.0239698],[8.961009,45.0239698],[8.961009,45.0249803],[8.9595702,45.0249803],[8.9595702,45.0239698]]]}},{"type":"Feature","id":"B0002","properties":{"z":"Z000","k":"industrial","h":7.2,"dh":1.6,"td":0.1,"t0":0.0,"g":0,"cbd":0,"d":4.358},"geometry":{"type":"Polygon","coordinates":[[[8.9577881,45.0253646],[8.9589894,45.0253646],[8.9589894,45.0262737],[8.9577881,45.0262737],[8.9577881,45.0253646]]]}},{"type":"Feature","id":"B0003","properties":{"z":"Z000","k":"industrial","h":10.7,"dh":2.9,"td":0.0,"t0":0.0,"g":0,"cbd":0,"d":4.246},"geometry":{"type":"Polygon","coordinates":[[[8.9595961,45.0253952],[8.960983,45.0253952],[8.960983,45.0262431],[8.9595961,45.0262431],[8.9595961,45.0253952]]]}},{"type":"Feature","id":"B0004","properties":{"z":"Z000","k":"industrial","h":11.6,"dh":0.0,"td":0.2,"t0":0.0,"g":0,"cbd":0,"d":3.96},"geometry":{"type":"Polygon","coordinates":[[[8.9628506,45.0240068],[8.9641219,45.0240068],[8.9641219,45.0249433],[8.9628506,45.0249433],[8.9628506,45.0240068]]]}},{"type":"Feature","id":"B0005","properties":{"z":"Z000","k":"industrial","h":9.8,"dh":0.0,"td":0.0,"t0":0.0,"g":0,"cbd":0,"d":3.853},"geometry":{"type":"Polygon","coordinates":[[[8.9647742,45.0240997],[8.9659999,45.0240997],[8.9659999,45.0248504],[8.9647742,45.0248504],[8.9647742,45.0240997]]]}},{"type":"Feature","id":"B0006","properties":{"z":"Z000","k":"park","h":0.0,"dh":0.0,"td":0.0,"t0":0.0,"g":0,"cbd":0,"d":4.065},"geometry":{"type":"Polygon","coordinates":[[[8.962786,45.0253798],[8.9641864,45.0253798],[8.9641864,45.0262585],[8.962786,45.0262585],[8.962786,45.0253798]]]}},{"type":"Feature","id":"B0007","properties":{"z":"Z000","k":"industrial","h":16.2,"dh":0.0,"td":0.0,"t0":0.0,"g":0,"cbd":0,"d":3.96},"geometry":{"type":"Polygon","coordinates":[[[8.9648077,45.0254255],[8.9659664,45.0254255],[8.9659664,45.0262128],[8.9648077,45.0262128],[8.9648077,45.0254255]]]}},{"type":"Feature","id":"B0008","properties":{"z":"Z000","k":"industrial","h":11.8,"dh":0.0,"td":0.0,"t0":0.0,"g":0,"cbd":0,"d":4.528},"geometry":{"type":"Polygon","coordinates":[[[8.9577598,45.0276983],[8.9590177,45.0276983],[8.9590177,45.0284607],[8.9577598,45.0284607],[8.9577598,45.0276983]]]}},{"type":"Feature","id":"B0009","properties":{"z":"Z000","k":"industrial","h":12.9,"dh":0.0,"td":0.0,"t0":4.46,"g":0,"cbd":0,"d":4.421},"geometry":{"type":"Polygon","coordinates":[[[8.9597863,45.0276953],[8.9607928,45.0276953],[8.9607928,45.0284637],[8.9597863,45.0284637],[8.9597863,45.0276953]]]}},{"type":"Feature","id":"B0010","properties":{"z":"Z000","k":"industrial","h":10.9,"dh":0.0,"td":0.0,"t0":0.0,"g":0,"cbd":0,"d":4.632},"geometry":{"type":"Polygon","coordinates":[[[8.9578328,45.0289248],[8.9589446,45.0289248],[8.9589446,45.0299225],[8.9578328,45.0299225],[8.9578328,45.0289248]]]}},{"type":"Feature","id":"B0011","properties":{"z":"Z000","k":"industrial","h":9.7,"dh":0.0,"td":0.0,"t0":0.0,"g":0,"cbd":0,"d":4.528},"geometry":{"type":"Polygon","coordinates":[[[8.9597606,45.029039],[8.9608185,45.029039],[8.9608185,45.0298083],[8.9597606,45.0298083],[8.9597606,45.029039]]]}},{"type":"Feature","id":"B0012","properties":{"z":"Z000","k":"industrial","h":9.2,"dh":0.0,"td":0.1,"t0":0.0,"g":0,"cbd":0,"d":4.246},"geometry":{"type":"Polygon","coordinates":[[[8.9627858,45.0275884],[8.9641866,45.0275884],[8.9641866,45.0285706],[8.9627858,45.0285706],[8.9627858,45.0275884]]]}},{"type":"Feature","id":"B0013","properties":{"z":"Z000","k":"industrial","h":14.2,"dh":0.0,"td":0.2,"t0":0.0,"g":0,"cbd":0,"d":4.147},"geometry":{"type":"Polygon","coordinates":[[[8.9647377,45.027653],[8.9660364,45.027653],[8.9660364,45.028506],[8.9647377,45.028506],[8.9647377,45.027653]]]}},{"type":"Feature","id":"B0014","properties":{"z":"Z000","k":"industrial","h":10.9,"dh":0.0,"td":0.0,"t0":0.0,"g":0,"cbd":0,"d":4.358},"geometry":{"type":"Polygon","coordinates":[[[8.9629331,45.0290481],[8.9640394,45.0290481],[8.9640394,45.0297991],[8.9629331,45.0297991],[8.9629331,45.0290481]]]}},{"type":"Feature","id":"B0015","properties":{"z":"Z000","k":"industrial","h":7.2,"dh":2.7,"td":0.1,"t0":0.0,"g":0,"cbd":0,"d":4.26},"geometry":{"type":"Polygon","coordinates":[[[8.9647002,45.0289302],[8.9660739,45.0289302],[8.9660739,45.029917],[8.9647002,45.029917],[8.9647002,45.0289302]]]}},{"type":"Feature","id":"B0016","properties":{"z":"Z001","k":"industrial","h":10.4,"dh":0.0,"td":0.0,"t0":0.0,"g":0,"cbd":0,"d":3.715},"geometry":{"type":"Polygon","coordinates":[[[8.9673247,45.0239794],[8.9685087,45.0239794],[8.9685087,45.0249707],[8.9673247,45.0249707],[8.9673247,45.0239794]]]}},{"type":"Feature","id":"B0017","properties":{"z":"Z001","k":"park","h":0.0,"dh":0.0,"td":0.0,"t0":0.0,"g":0,"cbd":0,"d":3.615},"geometry":{"type":"Polygon","coordinates":[[[8.9691909,45.0240349],[8.9704443,45.0240349],[8.9704443,45.0249152],[8.9691909,45.0249152],[8.9691909,45.0240349]]]}},{"type":"Feature","id":"B0018","properties":{"z":"Z001","k":"industrial","h":23.5,"dh":0.0,"td":0.4,"t0":8.13,"g":0,"cbd":0,"d":3.826},"geometry":{"type":"Polygon","coordinates":[[[8.9672049,45.0253556],[8.9686286,45.0253556],[8.9686286,45.0262827],[8.9672049,45.0262827],[8.9672049,45.0253556]]]}},{"type":"Feature","id":"B0019","properties":{"z":"Z001","k":"industrial","h":16.1,"dh":0.0,"td":0.4,"t0":0.0,"g":0,"cbd":0,"d":3.729},"geometry":{"type":"Polygon","coordinates":[[[8.9690882,45.0253863],[8.970547,45.0253863],[8.970547,45.026252],[8.9690882,45.026252],[8.9690882,45.0253863]]]}},{"type":"Feature","id":"B0020","properties":{"z":"Z001","k":"industrial","h":9.1,"dh":0.0,"td":0.0,"t0":0.0,"g":0,"cbd":0,"d":3.455},"geometry":{"type":"Polygon","coordinates":[[[8.9724032,45.0240838],[8.9736253,45.0240838],[8.9736253,45.0248663],[8.9724032,45.0248663],[8.9724032,45.0240838]]]}},{"type":"Feature","id":"B0021","properties":{"z":"Z001","k":"industrial","h":15.9,"dh":0.0,"td":0.7,"t0":1.21,"g":0,"cbd":0,"d":3.365},"geometry":{"type":"Polygon","coordinates":[[[8.9743709,45.0240773],[8.9754593,45.0240773],[8.9754593,45.0248728],[8.9743709,45.0248728],[8.9743709,45.0240773]]]}},{"type":"Feature","id":"B0022","properties":{"z":"Z001","k":"industrial","h":17.4,"dh":0.0,"td":0.3,"t0":0.0,"g":0,"cbd":0,"d":3.574},"geometry":{"type":"Polygon","coordinates":[[[8.9725024,45.0253729],[8.9735261,45.0253729],[8.9735261,45.0262654],[8.9725024,45.0262654],[8.9725024,45.0253729]]]}},{"type":"Feature","id":"B0023","properties":{"z":"Z001","k":"industrial","h":15.8,"dh":0.0,"td":0.5,"t0":0.0,"g":0,"cbd":0,"d":3.487},"geometry":{"type":"Polygon","coordinates":[[[8.9742272,45.0254022],[8.975603,45.0254022],[8.975603,45.0262361],[8.9742272,45.0262361],[8.9742272,45.0254022]]]}},{"type":"Feature","id":"B0024","properties":{"z":"Z001","k":"industrial","h":11.9,"dh":0.0,"td":0.0,"t0":0.0,"g":0,"cbd":0,"d":4.019},"geometry":{"type":"Polygon","coordinates":[[[8.967394,45.0276888],[8.9684395,45.0276888],[8.9684395,45.0284703],[8.967394,45.0284703],[8.967394,45.0276888]]]}},{"type":"Feature","id":"B0025","properties":{"z":"Z001","k":"industrial","h":17.0,"dh":4.1,"td":0.0,"t0":0.0,"g":0,"cbd":0,"d":3.926},"geometry":{"type":"Polygon","coordinates":[[[8.9693093,45.0276248],[8.9703259,45.0276248],[8.9703259,45.0285343],[8.9693093,45.0285343],[8.9693093,45.0276248]]]}},{"type":"Feature","id":"B0026","properties":{"z":"Z001","k":"industrial","h":17.3,"dh":0.0,"td":0.1,"t0":0.0,"g":0,"cbd":0,"d":4.136},"geometry":{"type":"Polygon","coordinates":[[[8.9673698,45.0289276],[8.9684637,45.0289276],[8.9684637,45.0299197],[8.9673698,45.0299197],[8.9673698,45.0289276]]]}},{"type":"Feature","id":"B0027","properties":{"z":"Z001","k":"industrial","h":16.8,"dh":0.0,"td":0.1,"t0":0.0,"g":0,"cbd":0,"d":4.046},"geometry":{"type":"Polygon","coordinates":[[[8.9693091,45.0290109],[8.9703261,45.0290109],[8.9703261,45.0298363],[8.9693091,45.0298363],[8.9693091,45.0290109]]]}},{"type":"Feature","id":"B0028","properties":{"z":"Z001","k":"industrial","h":9.5,"dh":0.0,"td":0.0,"t0":0.0,"g":0,"cbd":0,"d":3.779},"geometry":{"type":"Polygon","coordinates":[[[8.9723471,45.0275991],[8.9736814,45.0275991],[8.9736814,45.02856],[8.9723471,45.02856],[8.9723471,45.0275991]]]}},{"type":"Feature","id":"B0029","properties":{"z":"Z001","k":"industrial","h":11.2,"dh":0.0,"td":0.0,"t0":0.0,"g":0,"cbd":0,"d":3.697},"geometry":{"type":"Polygon","coordinates":[[[8.9742866,45.0276558],[8.9755436,45.0276558],[8.9755436,45.0285032],[8.9742866,45.0285032],[8.9742866,45.0276558]]]}},{"type":"Feature","id":"B0030","properties":{"z":"Z001","k":"industrial","h":7.0,"dh":0.0,"td":0.0,"t0":0.0,"g":0,"cbd":0,"d":3.904},"geometry":{"type":"Polygon","coordinates":[[[8.9722829,45.0289762],[8.9737456,45.0289762],[8.9737456,45.029871],[8.9722829,45.029871],[8.9722829,45.0289762]]]}},{"type":"Feature","id":"B0031","properties":{"z":"Z001","k":"industrial","h":12.7,"dh":0.0,"td":0.2,"t0":0.0,"g":0,"cbd":0,"d":3.825},"geometry":{"type":"Polygon","coordinates":[[[8.9743096,45.0289573],[8.9755206,45.0289573],[8.9755206,45.0298899],[8.9743096,45.0298899],[8.9743096,45.0289573]]]}},{"type":"Feature","id":"B0032","properties":{"z":"Z002","k":"residential","h":16.9,"dh":0.0,"td":0.0,"t0":0.0,"g":0,"cbd":0,"d":3.252},"geometry":{"type":"Polygon","coordinates":[[[8.9768898,45.0240388],[8.9779997,45.0240388],[8.9779997,45.0249113],[8.9768898,45.0249113],[8.9768898,45.0240388]]]}},{"type":"Feature","id":"B0033","properties":{"z":"Z002","k":"residential","h":14.1,"dh":0.0,"td":0.0,"t0":0.0,"g":0,"cbd":0,"d":3.173},"geometry":{"type":"Polygon","coordinates":[[[8.9787298,45.0240695],[8.9799615,45.0240695],[8.9799615,45.0248806],[8.9787298,45.0248806],[8.9787298,45.0240695]]]}},{"type":"Feature","id":"B0034","properties":{"z":"Z002","k":"residential","h":19.1,"dh":7.9,"td":0.7,"t0":0.0,"g":0,"cbd":0,"d":3.378},"geometry":{"type":"Polygon","coordinates":[[[8.9769296,45.0253419],[8.97796,45.0253419],[8.97796,45.0262964],[8.9769296,45.0262964],[8.9769296,45.0253419]]]}},{"type":"Feature","id":"B0035","properties":{"z":"Z002","k":"residential","h":18.6,"dh":0.0,"td":1.0,"t0":0.0,"g":0,"cbd":0,"d":3.302},"geometry":{"type":"Polygon","coordinates":[[[8.978627,45.0254097],[8.9800643,45.0254097],[8.9800643,45.0262286],[8.978627,45.0262286],[8.978627,45.0254097]]]}},{"type":"Feature","id":"B0036","properties":{"z":"Z002","k":"residential","h":12.5,"dh":0.0,"td":0.7,"t0":0.0,"g":0,"cbd":0,"d":3.051},"geometry":{"type":"Polygon","coordinates":[[[8.982033,45.0239911],[8.9830515,45.0239911],[8.9830515,45.024959],[8.982033,45.024959],[8.982033,45.0239911]]]}},{"type":"Feature","id":"B0037","properties":{"z":"Z002","k":"residential","h":16.5,"dh":0.0,"td":0.8,"t0":5.16,"g":0,"cbd":0,"d":2.987},"geometry":{"type":"Polygon","coordinates":[[[8.9838281,45.0240109],[8.9850582,45.0240109],[8.9850582,45.0249392],[8.9838281,45.0249392],[8.9838281,45.0240109]]]}},{"type":"Feature","id":"B0038","properties":{"z":"Z002","k":"park","h":0.0,"dh":0.0,"td":0.0,"t0":0.0,"g":0,"cbd":0,"d":3.186},"geometry":{"type":"Polygon","coordinates":[[[8.9819526,45.0253837],[8.983132,45.0253837],[8.983132,45.0262546],[8.9819526,45.0262546],[8.9819526,45.0253837]]]}},{"type":"Feature","id":"B0039","properties":{"z":"Z002","k":"residential","h":11.3,"dh":0.0,"td":0.5,"t0":6.84,"g":0,"cbd":0,"d":3.124},"geometry":{"type":"Polygon","coordinates":[[[8.983938,45.0254294],[8.9849483,45.0254294],[8.9849483,45.0262089],[8.983938,45.0262089],[8.983938,45.0254294]]]}},{"type":"Feature","id":"B0040","properties":{"z":"Z002","k":"residential","h":9.3,"dh":0.0,"td":0.1,"t0":0.0,"g":0,"cbd":0,"d":3.595},"geometry":{"type":"Polygon","coordinates":[[[8.9769224,45.0276948],[8.9779672,45.0276948],[8.9779672,45.0284642],[8.9769224,45.0284642],[8.9769224,45.0276948]]]}},{"type":"Feature","id":"B0041","properties":{"z":"Z002","k":"park","h":0.0,"dh":0.0,"td":0.0,"t0":0.0,"g":0,"cbd":0,"d":3.523},"geometry":{"type":"Polygon","coordinates":[[[8.978771,45.0276297],[8.9799203,45.0276297],[8.9799203,45.0285294],[8.978771,45.0285294],[8.978771,45.0276297]]]}},{"type":"Feature","id":"B0042","properties":{"z":"Z002","k":"residential","h":8.5,"dh":0.0,"td":0.0,"t0":0.0,"g":0,"cbd":0,"d":3.726},"geometry":{"type":"Polygon","coordinates":[[[8.9769287,45.0290084],[8.9779609,45.0290084],[8.9779609,45.0298389],[8.9769287,45.0298389],[8.9769287,45.0290084]]]}},{"type":"Feature","id":"B0043","properties":{"z":"Z002","k":"residential","h":10.8,"dh":0.0,"td":0.2,"t0":0.0,"g":0,"cbd":0,"d":3.657},"geometry":{"type":"Polygon","coordinates":[[[8.9786893,45.0289949],[8.980002,45.0289949],[8.980002,45.0298523],[8.9786893,45.0298523],[8.9786893,45.0289949]]]}},{"type":"Feature","id":"B0044","properties":{"z":"Z002","k":"residential","h":11.3,"dh":0.0,"td":0.3,"t0":0.0,"g":0,"cbd":0,"d":3.415},"geometry":{"type":"Polygon","coordinates":[[[8.9818183,45.0275927],[8.9832662,45.0275927],[8.9832662,45.0285664],[8.9818183,45.0285664],[8.9818183,45.0275927]]]}},{"type":"Feature","id":"B0045","properties":{"z":"Z002","k":"park","h":0.0,"dh":0.0,"td":0.0,"t0":0.0,"g":0,"cbd":0,"d":3.357},"geometry":{"type":"Polygon","coordinates":[[[8.9837116,45.0276007],[8.9851746,45.0276007],[8.9851746,45.0285583],[8.9837116,45.0285583],[8.9837116,45.0276007]]]}},{"type":"Feature","id":"B0046","properties":{"z":"Z002","k":"residential","h":13.3,"dh":0.0,"td":0.0,"t0":0.0,"g":0,"cbd":0,"d":3.552},"geometry":{"type":"Polygon","coordinates":[[[8.9819781,45.0289946],[8.9831064,45.0289946],[8.9831064,45.0298527],[8.9819781,45.0298527],[8.9819781,45.0289946]]]}},{"type":"Feature","id":"B0047","properties":{"z":"Z002","k":"residential","h":13.7,"dh":0.0,"td":0.0,"t0":0.0,"g":0,"cbd":0,"d":3.497},"geometry":{"type":"Polygon","coordinates":[[[8.9838232,45.0290415],[8.985063,45.0290415],[8.985063,45.0298057],[8.9838232,45.0298057],[8.9838232,45.0290415]]]}},{"type":"Feature","id":"B0048","properties":{"z":"Z003","k":"residential","h":12.0,"dh":7.1,"td":0.8,"t0":0.0,"g":0,"cbd":0,"d":2.911},"geometry":{"type":"Polygon","coordinates":[[[8.9864025,45.0240601],[8.9875431,45.0240601],[8.9875431,45.02489],[8.9864025,45.02489],[8.9864025,45.0240601]]]}},{"type":"Feature","id":"B0049","properties":{"z":"Z003","k":"residential","h":16.1,"dh":0.0,"td":0.0,"t0":0.0,"g":0,"cbd":0,"d":2.862},"geometry":{"type":"Polygon","coordinates":[[[8.9881577,45.0240941],[8.9895896,45.0240941],[8.9895896,45.024856],[8.9881577,45.024856],[8.9881577,45.0240941]]]}},{"type":"Feature","id":"B0050","properties":{"z":"Z003","k":"residential","h":19.5,"dh":0.0,"td":0.0,"t0":0.0,"g":0,"cbd":0,"d":3.052},"geometry":{"type":"Polygon","coordinates":[[[8.9862739,45.0253727],[8.9876717,45.0253727],[8.9876717,45.0262656],[8.9862739,45.0262656],[8.9862739,45.0253727]]]}},{"type":"Feature","id":"B0051","properties":{"z":"Z003","k":"park","h":0.0,"dh":0.0,"td":0.0,"t0":0.0,"g":0,"cbd":0,"d":3.005},"geometry":{"type":"Polygon","coordinates":[[[8.9882104,45.0253579],[8.9895369,45.0253579],[8.9895369,45.0262804],[8.9882104,45.0262804],[8.9882104,45.0253579]]]}},{"type":"Feature","id":"B0052","properties":{"z":"Z003","k":"residential","h":11.5,"dh":0.0,"td":0.0,"t0":2.98,"g":0,"cbd":0,"d":2.795},"geometry":{"type":"Polygon","coordinates":[[[8.9914239,45.0240334],[8.9927167,45.0240334],[8.9927167,45.0249167],[8.9914239,45.0249167],[8.9914239,45.0240334]]]}},{"type":"Feature","id":"B0053","properties":{"z":"Z003","k":"residential","h":10.7,"dh":0.0,"td":0.0,"t0":0.0,"g":0,"cbd":0,"d":2.766},"geometry":{"type":"Polygon","coordinates":[[[8.9932451,45.0239585],[8.9946971,45.0239585],[8.9946971,45.0249916],[8.9932451,45.0249916],[8.9932451,45.0239585]]]}},{"type":"Feature","id":"B0054","properties":{"z":"Z003","k":"residential","h":11.7,"dh":0.0,"td":0.0,"t0":0.0,"g":0,"cbd":0,"d":2.941},"geometry":{"type":"Polygon","coordinates":[[[8.9915022,45.0254444],[8.9926384,45.0254444],[8.9926384,45.0261939],[8.9915022,45.0261939],[8.9915022,45.0254444]]]}},{"type":"Feature","id":"B0055","properties":{"z":"Z003","k":"residential","h":15.5,"dh":7.2,"td":0.0,"t0":0.0,"g":0,"cbd":0,"d":2.913},"geometry":{"type":"Polygon","coordinates":[[[8.9932456,45.0254372],[8.9946966,45.0254372],[8.9946966,45.0262011],[8.9932456,45.0262011],[8.9932456,45.0254372]]]}},{"type":"Feature","id":"B0056","properties":{"z":"Z003","k":"residential","h":14.7,"dh":0.0,"td":0.3,"t0":0.0,"g":0,"cbd":0,"d":3.29},"geometry":{"type":"Polygon","coordinates":[[[8.9864325,45.0276925],[8.9875131,45.0276925],[8.9875131,45.0284666],[8.9864325,45.0284666],[8.9864325,45.0276925]]]}},{"type":"Feature","id":"B0057","properties":{"z":"Z003","k":"park","h":0.0,"dh":0.0,"td":0.0,"t0":0.0,"g":0,"cbd":0,"d":3.246},"geometry":{"type":"Polygon","coordinates":[[[8.988169,45.027619],[8.9895782,45.027619],[8.9895782,45.0285401],[8.988169,45.0285401],[8.988169,45.027619]]]}},{"type":"Feature","id":"B0058","properties":{"z":"Z003","k":"residential","h":15.2,"dh":9.6,"td":0.0,"t0":0.0,"g":0,"cbd":0,"d":3.432},"geometry":{"type":"Polygon","coordinates":[[[8.9864327,45.0289958],[8.9875129,45.0289958],[8.9875129,45.0298514],[8.9864327,45.0298514],[8.9864327,45.0289958]]]}},{"type":"Feature","id":"B0059","properties":{"z":"Z003","k":"residential","h":8.3,"dh":2.6,"td":0.0,"t0":0.0,"g":0,"cbd":0,"d":3.391},"geometry":{"type":"Polygon","coordinates":[[[8.9882556,45.028992],[8.9894917,45.028992],[8.9894917,45.0298553],[8.9882556,45.0298553],[8.9882556,45.028992]]]}},{"type":"Feature","id":"B0060","properties":{"z":"Z003","k":"residential","h":13.6,"dh":0.0,"td":0.0,"t0":0.0,"g":0,"cbd":0,"d":3.188},"geometry":{"type":"Polygon","coordinates":[[[8.9913826,45.0276817],[8.992758,45.0276817],[8.992758,45.0284773],[8.9913826,45.0284773],[8.9913826,45.0276817]]]}},{"type":"Feature","id":"B0061","properties":{"z":"Z003","k":"park","h":0.0,"dh":0.0,"td":0.0,"t0":0.0,"g":0,"cbd":0,"d":3.162},"geometry":{"type":"Polygon","coordinates":[[[8.9933798,45.0276657],[8.9945625,45.0276657],[8.9945625,45.0284934],[8.9933798,45.0284934],[8.9933798,45.0276657]]]}},{"type":"Feature","id":"B0062","properties":{"z":"Z003","k":"residential","h":14.4,"dh":0.0,"td":0.0,"t0":1.45,"g":0,"cbd":0,"d":3.334},"geometry":{"type":"Polygon","coordinates":[[[8.9913691,45.0289454],[8.9927715,45.0289454],[8.9927715,45.0299018],[8.9913691,45.0299018],[8.9913691,45.0289454]]]}},{"type":"Feature","id":"B0063","properties":{"z":"Z003","k":"residential","h":13.9,"dh":9.5,"td":1.4,"t0":0.0,"g":0,"cbd":0,"d":3.31},"geometry":{"type":"Polygon","coordinates":[[[8.9933974,45.0290152],[8.9945449,45.0290152],[8.9945449,45.029832],[8.9933974,45.029832],[8.9933974,45.0290152]]]}},{"type":"Feature","id":"B0064","properties":{"z":"Z004","k":"residential","h":18.1,"dh":0.0,"td":2.3,"t0":0.0,"g":0,"cbd":0,"d":2.738},"geometry":{"type":"Polygon","coordinates":[[[8.9959843,45.0239577],[8.9970174,45.0239577],[8.9970174,45.0249924],[8.9959843,45.0249924],[8.9959843,45.0239577]]]}},{"type":"Feature","id":"B0065","properties":{"z":"Z004","k":"park","h":0.0,"dh":0.0,"td":0.0,"t0":0.0,"g":0,"cbd":0,"d":2.727},"geometry":{"type":"Polygon","coordinates":[[[8.9977152,45.024051],[8.9990881,45.024051],[8.9990881,45.0248991],[8.9977152,45.0248991],[8.9977152,45.024051]]]}},{"type":"Feature","id":"B0066","properties":{"z":"Z004","k":"park","h":0.0,"dh":0.0,"td":0.0,"t0":0.0,"g":0,"cbd":0,"d":2.887},"geometry":{"type":"Polygon","coordinates":[[[8.9958878,45.0254566],[8.9971139,45.0254566],[8.9971139,45.0261817],[8.9958878,45.0261817],[8.9958878,45.0254566]]]}},{"type":"Feature","id":"B0067","properties":{"z":"Z004","k":"residential","h":16.4,"dh":0.0,"td":0.6,"t0":0.0,"g":0,"cbd":0,"d":2.877},"geometry":{"type":"Polygon","coordinates":[[[8.9978579,45.0253831],[8.9989454,45.0253831],[8.9989454,45.0262552],[8.9978579,45.0262552],[8.9978579,45.0253831]]]}},{"type":"Feature","id":"B0068","properties":{"z":"Z004","k":"residential","h":9.5,"dh":0.0,"td":1.0,"t0":0.0,"g":0,"cbd":0,"d":2.727},"geometry":{"type":"Polygon","coordinates":[[[9.0009777,45.0240294],[9.002219,45.0240294],[9.002219,45.0249207],[9.0009777,45.0249207],[9.0009777,45.0240294]]]}},{"type":"Feature","id":"B0069","properties":{"z":"Z004","k":"residential","h":16.8,"dh":0.0,"td":0.0,"t0":0.0,"g":0,"cbd":0,"d":2.738},"geometry":{"type":"Polygon","coordinates":[[[9.0029599,45.0239747],[9.0040385,45.0239747],[9.0040385,45.0249754],[9.0029599,45.0249754],[9.0029599,45.0239747]]]}},{"type":"Feature","id":"B0070","properties":{"z":"Z004","k":"residential","h":22.9,"dh":0.0,"td":2.4,"t0":1.76,"g":0,"cbd":0,"d":2.877},"geometry":{"type":"Polygon","coordinates":[[[9.0010964,45.0253964],[9.0021003,45.0253964],[9.0021003,45.0262419],[9.0010964,45.0262419],[9.0010964,45.0253964]]]}},{"type":"Feature","id":"B0071","properties":{"z":"Z004","k":"residential","h":10.0,"dh":0.0,"td":0.0,"t0":0.0,"g":0,"cbd":0,"d":2.887},"geometry":{"type":"Polygon","coordinates":[[[9.0028218,45.0253429],[9.0041766,45.0253429],[9.0041766,45.0262954],[9.0028218,45.0262954],[9.0028218,45.0253429]]]}},{"type":"Feature","id":"B0072","properties":{"z":"Z004","k":"residential","h":20.6,"dh":0.0,"td":0.0,"t0":6.49,"g":0,"cbd":0,"d":3.138},"geometry":{"type":"Polygon","coordinates":[[[8.9959128,45.0277105],[8.9970889,45.0277105],[8.9970889,45.0284486],[8.9959128,45.0284486],[8.9959128,45.0277105]]]}},{"type":"Feature","id":"B0073","properties":{"z":"Z004","k":"park","h":0.0,"dh":0.0,"td":0.0,"t0":0.0,"g":0,"cbd":0,"d":3.128},"geometry":{"type":"Polygon","coordinates":[[[8.9978168,45.0276066],[8.9989865,45.0276066],[8.9989865,45.0285524],[8.9978168,45.0285524],[8.9978168,45.0276066]]]}},{"type":"Feature","id":"B0074","properties":{"z":"Z004","k":"residential","h":11.8,"dh":0.0,"td":0.6,"t0":0.0,"g":0,"cbd":0,"d":3.287},"geometry":{"type":"Polygon","coordinates":[[[8.995982,45.0289244],[8.9970196,45.0289244],[8.9970196,45.0299228],[8.995982,45.0299228],[8.995982,45.0289244]]]}},{"type":"Feature","id":"B0075","properties":{"z":"Z004","k":"residential","h":9.6,"dh":0.0,"td":0.0,"t0":0.0,"g":0,"cbd":0,"d":3.278},"geometry":{"type":"Polygon","coordinates":[[[8.9977363,45.0289956],[8.999067,45.0289956],[8.999067,45.0298516],[8.9977363,45.0298516],[8.9977363,45.0289956]]]}},{"type":"Feature","id":"B0076","properties":{"z":"Z004","k":"residential","h":13.1,"dh":4.7,"td":0.7,"t0":0.0,"g":0,"cbd":0,"d":3.128},"geometry":{"type":"Polygon","coordinates":[[[9.0009141,45.0277093],[9.0022826,45.0277093],[9.0022826,45.0284498],[9.0009141,45.0284498],[9.0009141,45.0277093]]]}},{"type":"Feature","id":"B0077","properties":{"z":"Z004","k":"residential","h":16.8,"dh":0.0,"td":0.0,"t0":0.0,"g":0,"cbd":0,"d":3.138},"geometry":{"type":"Polygon","coordinates":[[[9.0028239,45.0276536],[9.0041744,45.0276536],[9.0041744,45.0285055],[9.0028239,45.0285055],[9.0028239,45.0276536]]]}},{"type":"Feature","id":"B0078","properties":{"z":"Z004","k":"residential","h":19.5,"dh":0.0,"td":0.0,"t0":0.0,"g":0,"cbd":0,"d":3.278},"geometry":{"type":"Polygon","coordinates":[[[9.0009417,45.0289136],[9.0022549,45.0289136],[9.0022549,45.0299336],[9.0009417,45.0299336],[9.0009417,45.0289136]]]}},{"type":"Feature","id":"B0079","properties":{"z":"Z004","k":"residential","h":12.5,"dh":0.0,"td":0.0,"t0":0.0,"g":0,"cbd":0,"d":3.287},"geometry":{"type":"Polygon","coordinates":[[[9.002814,45.0289482],[9.0041844,45.0289482],[9.0041844,45.029899],[9.002814,45.029899],[9.002814,45.0289482]]]}},{"type":"Feature","id":"B0080","properties":{"z":"Z005","k":"park","h":0.0,"dh":0.0,"td":0.0,"t0":0.0,"g":0,"cbd":0,"d":2.766},"geometry":{"type":"Polygon","coordinates":[[[9.0052982,45.0239601],[9.0067595,45.0239601],[9.0067595,45.02499],[9.0052982,45.02499],[9.0052982,45.0239601]]]}},{"type":"Feature","id":"B0081","properties":{"z":"Z005","k":"park","h":0.0,"dh":0.0,"td":0.0,"t0":0.0,"g":0,"cbd":0,"d":2.795},"geometry":{"type":"Polygon","coordinates":[[[9.0074036,45.0240331],[9.0084558,45.0240331],[9.0084558,45.024917],[9.0074036,45.024917],[9.0074036,45.0240331]]]}},{"type":"Feature","id":"B0082","properties":{"z":"Z005","k":"residential","h":8.7,"dh":0.0,"td":0.4,"t0":0.0,"g":0,"cbd":0,"d":2.913},"geometry":{"type":"Polygon","coordinates":[[[9.0052931,45.0253637],[9.0067646,45.0253637],[9.0067646,45.0262746],[9.0052931,45.0262746],[9.0052931,45.0253637]]]}},{"type":"Feature","id":"B0083","properties":{"z":"Z005","k":"residential","h":8.0,"dh":0.0,"td":0.0,"t0":0.0,"g":0,"cbd":0,"d":2.941},"geometry":{"type":"Polygon","coordinates":[[[9.0073162,45.0254118],[9.0085432,45.0254118],[9.0085432,45.0262265],[9.0073162,45.0262265],[9.0073162,45.0254118]]]}},{"type":"Feature","id":"B0084","properties":{"z":"Z005","k":"park","h":0.0,"dh":0.0,"td":0.0,"t0":0.0,"g":0,"cbd":0,"d":2.862},"geometry":{"type":"Polygon","coordinates":[[[9.0103999,45.0240843],[9.0118529,45.0240843],[9.0118529,45.0248658],[9.0103999,45.0248658],[9.0103999,45.0240843]]]}},{"type":"Feature","id":"B0085","properties":{"z":"Z005","k":"park","h":0.0,"dh":0.0,"td":0.0,"t0":0.0,"g":0,"cbd":0,"d":2.911},"geometry":{"type":"Polygon","coordinates":[[[9.0125068,45.0240616],[9.0135476,45.0240616],[9.0135476,45.0248885],[9.0125068,45.0248885],[9.0125068,45.0240616]]]}},{"type":"Feature","id":"B0086","properties":{"z":"Z005","k":"park","h":0.0,"dh":0.0,"td":0.0,"t0":0.0,"g":0,"cbd":0,"d":3.005},"geometry":{"type":"Polygon","coordinates":[[[9.0104206,45.0253406],[9.0118322,45.0253406],[9.0118322,45.0262977],[9.0104206,45.0262977],[9.0104206,45.0253406]]]}},{"type":"Feature","id":"B0087","properties":{"z":"Z005","k":"park","h":0.0,"dh":0.0,"td":0.0,"t0":0.0,"g":0,"cbd":0,"d":3.052},"geometry":{"type":"Polygon","coordinates":[[[9.012455,45.0253175],[9.0135994,45.0253175],[9.0135994,45.0263208],[9.012455,45.0263208],[9.012455,45.0253175]]]}},{"type":"Feature","id":"B0088","properties":{"z":"Z005","k":"park","h":0.0,"dh":0.0,"td":0.0,"t0":0.0,"g":0,"cbd":0,"d":3.162},"geometry":{"type":"Polygon","coordinates":[[[9.0054159,45.0276558],[9.0066418,45.0276558],[9.0066418,45.0285033],[9.0054159,45.0285033],[9.0054159,45.0276558]]]}},{"type":"Feature","id":"B0089","properties":{"z":"Z005","k":"park","h":0.0,"dh":0.0,"td":0.0,"t0":0.0,"g":0,"cbd":0,"d":3.188},"geometry":{"type":"Polygon","coordinates":[[[9.0072463,45.0276588],[9.0086131,45.0276588],[9.0086131,45.0285003],[9.0072463,45.0285003],[9.0072463,45.0276588]]]}},{"type":"Feature","id":"B0090","properties":{"z":"Z005","k":"residential","h":7.5,"dh":0.0,"td":0.4,"t0":0.0,"g":0,"cbd":0,"d":3.31},"geometry":{"type":"Polygon","coordinates":[[[9.0053637,45.0289796],[9.006694,45.0289796],[9.006694,45.0298676],[9.0053637,45.0298676],[9.0053637,45.0289796]]]}},{"type":"Feature","id":"B0091","properties":{"z":"Z005","k":"park","h":0.0,"dh":0.0,"td":0.0,"t0":0.0,"g":0,"cbd":0,"d":3.334},"geometry":{"type":"Polygon","coordinates":[[[9.0073589,45.0289542],[9.0085005,45.0289542],[9.0085005,45.029893],[9.0073589,45.029893],[9.0073589,45.0289542]]]}},{"type":"Feature","id":"B0092","properties":{"z":"Z005","k":"park","h":0.0,"dh":0.0,"td":0.0,"t0":0.0,"g":0,"cbd":0,"d":3.246},"geometry":{"type":"Polygon","coordinates":[[[9.0105073,45.0276709],[9.0117455,45.0276709],[9.0117455,45.0284881],[9.0105073,45.0284881],[9.0105073,45.0276709]]]}},{"type":"Feature","id":"B0093","properties":{"z":"Z005","k":"residential","h":7.0,"dh":0.0,"td":0.0,"t0":0.0,"g":0,"cbd":0,"d":3.29},"geometry":{"type":"Polygon","coordinates":[[[9.0123517,45.0276697],[9.0137027,45.0276697],[9.0137027,45.0284893],[9.0123517,45.0284893],[9.0123517,45.0276697]]]}},{"type":"Feature","id":"B0094","properties":{"z":"Z005","k":"residential","h":7.0,"dh":0.0,"td":0.0,"t0":0.0,"g":0,"cbd":0,"d":3.391},"geometry":{"type":"Polygon","coordinates":[[[9.010437,45.0290353],[9.0118157,45.0290353],[9.0118157,45.0298119],[9.010437,45.0298119],[9.010437,45.0290353]]]}},{"type":"Feature","id":"B0095","properties":{"z":"Z005","k":"residential","h":7.0,"dh":0.0,"td":0.2,"t0":0.0,"g":0,"cbd":0,"d":3.432},"geometry":{"type":"Polygon","coordinates":[[[9.0123455,45.02894],[9.0137089,45.02894],[9.0137089,45.0299072],[9.0123455,45.0299072],[9.0123455,45.02894]]]}},{"type":"Feature","id":"B0096","properties":{"z":"Z006","k":"residential","h":8.9,"dh":0.0,"td":0.3,"t0":0.0,"g":0,"cbd":0,"d":3.173},"geometry":{"type":"Polygon","coordinates":[[[9.0199327,45.0240199],[9.0213761,45.0240199],[9.0213761,45.0249302],[9.0199327,45.0249302],[9.0199327,45.0240199]]]}},{"type":"Feature","id":"B0097","properties":{"z":"Z006","k":"park","h":0.0,"dh":0.0,"td":0.0,"t0":0.0,"g":0,"cbd":0,"d":3.252},"geometry":{"type":"Polygon","coordinates":[[[9.0220386,45.0240783],[9.0230719,45.0240783],[9.0230719,45.0248718],[9.0220386,45.0248718],[9.0220386,45.0240783]]]}},{"type":"Feature","id":"B0098","properties":{"z":"Z006","k":"park","h":0.0,"dh":0.0,"td":0.0,"t0":0.0,"g":0,"cbd":0,"d":3.302},"geometry":{"type":"Polygon","coordinates":[[[9.0200742,45.0253616],[9.0212346,45.0253616],[9.0212346,45.0262767],[9.0200742,45.0262767],[9.0200742,45.0253616]]]}},{"type":"Feature","id":"B0099","properties":{"z":"Z006","k":"park","h":0.0,"dh":0.0,"td":0.0,"t0":0.0,"g":0,"cbd":0,"d":3.378},"geometry":{"type":"Polygon","coordinates":[[[9.0218971,45.0253269],[9.0232133,45.0253269],[9.0232133,45.0263114],[9.0218971,45.0263114],[9.0218971,45.0253269]]]}},{"type":"Feature","id":"B0100","properties":{"z":"Z006","k":"residential","h":7.0,"dh":0.0,"td":0.0,"t0":0.0,"g":0,"cbd":0,"d":3.357},"geometry":{"type":"Polygon","coordinates":[[[9.0148866,45.0276174],[9.0162271,45.0276174],[9.0162271,45.0285416],[9.0148866,45.0285416],[9.0148866,45.0276174]]]}},{"type":"Feature","id":"B0101","properties":{"z":"Z006","k":"park","h":0.0,"dh":0.0,"td":0.0,"t0":0.0,"g":0,"cbd":0,"d":3.497},"geometry":{"type":"Polygon","coordinates":[[[9.0148327,45.0289817],[9.0162811,45.0289817],[9.0162811,45.0298655],[9.0148327,45.0298655],[9.0148327,45.0289817]]]}},{"type":"Feature","id":"B0102","properties":{"z":"Z006","k":"residential","h":15.0,"dh":0.0,"td":0.5,"t0":1.47,"g":0,"cbd":0,"d":3.595},"geometry":{"type":"Polygon","coordinates":[[[9.0218266,45.0276273],[9.0232839,45.0276273],[9.0232839,45.0285318],[9.0218266,45.0285318],[9.0218266,45.0276273]]]}},{"type":"Feature","id":"B0103","properties":{"z":"Z006","k":"park","h":0.0,"dh":0.0,"td":0.0,"t0":0.0,"g":0,"cbd":0,"d":3.726},"geometry":{"type":"Polygon","coordinates":[[[9.0218832,45.0290619],[9.0232272,45.0290619],[9.0232272,45.0297853],[9.0218832,45.0297853],[9.0218832,45.0290619]]]}},{"type":"Feature","id":"B0104","properties":{"z":"Z007","k":"park","h":0.0,"dh":0.0,"td":0.0,"t0":0.0,"g":0,"cbd":0,"d":3.365},"geometry":{"type":"Polygon","coordinates":[[[9.0244105,45.0240734],[9.0257593,45.0240734],[9.0257593,45.0248767],[9.0244105,45.0248767],[9.0244105,45.0240734]]]}},{"type":"Feature","id":"B0105","properties":{"z":"Z007","k":"residential","h":9.1,"dh":2.6,"td":0.0,"t0":0.0,"g":0,"cbd":0,"d":3.455},"geometry":{"type":"Polygon","coordinates":[[[9.0263145,45.0239554],[9.027657,45.0239554],[9.027657,45.0249947],[9.0263145,45.0249947],[9.0263145,45.0239554]]]}},{"type":"Feature","id":"B0106","properties":{"z":"Z007","k":"park","h":0.0,"dh":0.0,"td":0.0,"t0":0.0,"g":0,"cbd":0,"d":3.487},"geometry":{"type":"Polygon","coordinates":[[[9.0245731,45.0254568],[9.0255967,45.0254568],[9.0255967,45.0261815],[9.0245731,45.0261815],[9.0245731,45.0254568]]]}},{"type":"Feature","id":"B0107","properties":{"z":"Z007","k":"park","h":0.0,"dh":0.0,"td":0.0,"t0":0.0,"g":0,"cbd":0,"d":3.574},"geometry":{"type":"Polygon","coordinates":[[[9.0263088,45.0253701],[9.0276627,45.0253701],[9.0276627,45.0262682],[9.0263088,45.0262682],[9.0263088,45.0253701]]]}},{"type":"Feature","id":"B0108","properties":{"z":"Z007","k":"residential","h":8.0,"dh":0.0,"td":0.2,"t0":0.0,"g":0,"cbd":0,"d":3.615},"geometry":{"type":"Polygon","coordinates":[[[9.0296639,45.0239851],[9.0307009,45.0239851],[9.0307009,45.024965],[9.0296639,45.024965],[9.0296639,45.0239851]]]}},{"type":"Feature","id":"B0109","properties":{"z":"Z007","k":"park","h":0.0,"dh":0.0,"td":0.0,"t0":0.0,"g":0,"cbd":0,"d":3.715},"geometry":{"type":"Polygon","coordinates":[[[9.0314322,45.0240843],[9.0327343,45.0240843],[9.0327343,45.0248658],[9.0314322,45.0248658],[9.0314322,45.0240843]]]}},{"type":"Feature","id":"B0110","properties":{"z":"Z007","k":"park","h":0.0,"dh":0.0,"td":0.0,"t0":0.0,"g":0,"cbd":0,"d":3.729},"geometry":{"type":"Polygon","coordinates":[[[9.0294929,45.0254235],[9.030872,45.0254235],[9.030872,45.0262148],[9.0294929,45.0262148],[9.0294929,45.0254235]]]}},{"type":"Feature","id":"B0111","properties":{"z":"Z007","k":"park","h":0.0,"dh":0.0,"td":0.0,"t0":0.0,"g":0,"cbd":0,"d":3.826},"geometry":{"type":"Polygon","coordinates":[[[9.0313627,45.0253045],[9.0328039,45.0253045],[9.0328039,45.0263338],[9.0313627,45.0263338],[9.0313627,45.0253045]]]}},{"type":"Feature","id":"B0112","properties":{"z":"Z007","k":"residential","h":9.5,"dh":4.3,"td":0.0,"t0":0.0,"g":0,"cbd":0,"d":3.697},"geometry":{"type":"Polygon","coordinates":[[[9.0244254,45.0277215],[9.0257444,45.0277215],[9.0257444,45.0284375],[9.0244254,45.0284375],[9.0244254,45.0277215]]]}},{"type":"Feature","id":"B0113","properties":{"z":"Z007","k":"park","h":0.0,"dh":0.0,"td":0.0,"t0":0.0,"g":0,"cbd":0,"d":3.779},"geometry":{"type":"Polygon","coordinates":[[[9.0263546,45.027598],[9.0276169,45.027598],[9.0276169,45.028561],[9.0263546,45.028561],[9.0263546,45.027598]]]}},{"type":"Feature","id":"B0114","properties":{"z":"Z007","k":"residential","h":8.7,"dh":0.0,"td":0.2,"t0":0.0,"g":0,"cbd":0,"d":3.825},"geometry":{"type":"Polygon","coordinates":[[[9.0244944,45.029015],[9.0256755,45.029015],[9.0256755,45.0298323],[9.0244944,45.0298323],[9.0244944,45.029015]]]}},{"type":"Feature","id":"B0115","properties":{"z":"Z007","k":"park","h":0.0,"dh":0.0,"td":0.0,"t0":0.0,"g":0,"cbd":0,"d":3.904},"geometry":{"type":"Polygon","coordinates":[[[9.0263373,45.0290255],[9.0276342,45.0290255],[9.0276342,45.0298217],[9.0263373,45.0298217],[9.0263373,45.0290255]]]}},{"type":"Feature","id":"B0116","properties":{"z":"Z007","k":"park","h":0.0,"dh":0.0,"td":0.0,"t0":0.0,"g":0,"cbd":0,"d":3.926},"geometry":{"type":"Polygon","coordinates":[[[9.0295046,45.0275999],[9.0308602,45.0275999],[9.0308602,45.0285592],[9.0295046,45.0285592],[9.0295046,45.0275999]]]}},{"type":"Feature","id":"B0117","properties":{"z":"Z007","k":"park","h":0.0,"dh":0.0,"td":0.0,"t0":0.0,"g":0,"cbd":0,"d":4.019},"geometry":{"type":"Polygon","coordinates":[[[9.0315545,45.027655],[9.032612,45.027655],[9.032612,45.0285041],[9.0315545,45.0285041],[9.0315545,45.027655]]]}},{"type":"Feature","id":"B0118","properties":{"z":"Z007","k":"park","h":0.0,"dh":0.0,"td":0.0,"t0":0.0,"g":0,"cbd":0,"d":4.046},"geometry":{"type":"Polygon","coordinates":[[[9.0295394,45.0290677],[9.0308254,45.0290677],[9.0308254,45.0297796],[9.0295394,45.0297796],[9.0295394,45.0290677]]]}},{"type":"Feature","id":"B0119","properties":{"z":"Z007","k":"park","h":0.0,"dh":0.0,"td":0.0,"t0":0.0,"g":0,"cbd":0,"d":4.136},"geometry":{"type":"Polygon","coordinates":[[[9.0314017,45.0290372],[9.0327648,45.0290372],[9.0327648,45.0298101],[9.0314017,45.0298101],[9.0314017,45.0290372]]]}},{"type":"Feature","id":"B0120","properties":{"z":"Z008","k":"industrial","h":15.6,"dh":5.1,"td":0.2,"t0":0.0,"g":0,"cbd":0,"d":3.853},"geometry":{"type":"Polygon","coordinates":[[[9.0341092,45.0239717],[9.0351167,45.0239717],[9.0351167,45.0249784],[9.0341092,45.0249784],[9.0341092,45.0239717]]]}},{"type":"Feature","id":"B0121","properties":{"z":"Z008","k":"industrial","h":10.7,"dh":0.0,"td":0.0,"t0":0.0,"g":0,"cbd":0,"d":3.96},"geometry":{"type":"Polygon","coordinates":[[[9.0360058,45.0240513],[9.0370218,45.0240513],[9.0370218,45.0248988],[9.0360058,45.0248988],[9.0360058,45.0240513]]]}},{"type":"Feature","id":"B0122","properties":{"z":"Z008","k":"industrial","h":13.4,"dh":3.7,"td":0.3,"t0":0.0,"g":0,"cbd":0,"d":3.96},"geometry":{"type":"Polygon","coordinates":[[[9.0340986,45.0253164],[9.0351273,45.0253164],[9.0351273,45.0263219],[9.0340986,45.0263219],[9.0340986,45.0253164]]]}},{"type":"Feature","id":"B0123","properties":{"z":"Z008","k":"park","h":0.0,"dh":0.0,"td":0.0,"t0":0.0,"g":0,"cbd":0,"d":4.065},"geometry":{"type":"Polygon","coordinates":[[[9.0359306,45.0253326],[9.037097,45.0253326],[9.037097,45.0263057],[9.0359306,45.0263057],[9.0359306,45.0253326]]]}},{"type":"Feature","id":"B0124","properties":{"z":"Z008","k":"industrial","h":10.1,"dh":0.0,"td":0.1,"t0":0.0,"g":0,"cbd":0,"d":4.147},"geometry":{"type":"Polygon","coordinates":[[[9.0390513,45.0240671],[9.0403696,45.0240671],[9.0403696,45.024883],[9.0390513,45.024883],[9.0390513,45.0240671]]]}},{"type":"Feature","id":"B0125","properties":{"z":"Z008","k":"industrial","h":7.6,"dh":0.0,"td":0.0,"t0":0.0,"g":0,"cbd":0,"d":4.26},"geometry":{"type":"Polygon","coordinates":[[[9.0409681,45.0240459],[9.0422545,45.0240459],[9.0422545,45.0249042],[9.0409681,45.0249042],[9.0409681,45.0240459]]]}},{"type":"Feature","id":"B0126","properties":{"z":"Z008","k":"industrial","h":10.5,"dh":0.0,"td":0.0,"t0":0.0,"g":0,"cbd":0,"d":4.246},"geometry":{"type":"Polygon","coordinates":[[[9.0391978,45.0253506],[9.0402231,45.0253506],[9.0402231,45.0262877],[9.0391978,45.0262877],[9.0391978,45.0253506]]]}},{"type":"Feature","id":"B0127","properties":{"z":"Z008","k":"industrial","h":7.0,"dh":0.0,"td":0.0,"t0":0.0,"g":0,"cbd":0,"d":4.358},"geometry":{"type":"Polygon","coordinates":[[[9.0409217,45.0254194],[9.0423009,45.0254194],[9.0423009,45.0262189],[9.0409217,45.0262189],[9.0409217,45.0254194]]]}},{"type":"Feature","id":"B0128","properties":{"z":"Z008","k":"industrial","h":7.0,"dh":0.0,"td":0.1,"t0":0.0,"g":0,"cbd":0,"d":4.147},"geometry":{"type":"Polygon","coordinates":[[[9.0340839,45.0276356],[9.035142,45.0276356],[9.035142,45.0285235],[9.0340839,45.0285235],[9.0340839,45.0276356]]]}},{"type":"Feature","id":"B0129","properties":{"z":"Z008","k":"industrial","h":9.7,"dh":4.3,"td":0.0,"t0":0.0,"g":0,"cbd":0,"d":4.246},"geometry":{"type":"Polygon","coordinates":[[[9.0358649,45.0276428],[9.0371627,45.0276428],[9.0371627,45.0285163],[9.0358649,45.0285163],[9.0358649,45.0276428]]]}},{"type":"Feature","id":"B0130","properties":{"z":"Z008","k":"industrial","h":16.9,"dh":11.9,"td":0.0,"t0":0.0,"g":0,"cbd":0,"d":4.26},"geometry":{"type":"Polygon","coordinates":[[[9.0341035,45.028936],[9.0351224,45.028936],[9.0351224,45.0299112],[9.0341035,45.0299112],[9.0341035,45.028936]]]}},{"type":"Feature","id":"B0131","properties":{"z":"Z008","k":"industrial","h":8.4,"dh":0.0,"td":0.0,"t0":0.0,"g":0,"cbd":0,"d":4.358},"geometry":{"type":"Polygon","coordinates":[[[9.0359897,45.0290061],[9.0370379,45.0290061],[9.0370379,45.0298412],[9.0359897,45.0298412],[9.0359897,45.0290061]]]}},{"type":"Feature","id":"B0132","properties":{"z":"Z008","k":"industrial","h":11.0,"dh":3.3,"td":0.0,"t0":0.0,"g":0,"cbd":0,"d":4.421},"geometry":{"type":"Polygon","coordinates":[[[9.0391688,45.0275896],[9.0402521,45.0275896],[9.0402521,45.0285695],[9.0391688,45.0285695],[9.0391688,45.0275896]]]}},{"type":"Feature","id":"B0133","properties":{"z":"Z008","k":"industrial","h":14.9,"dh":7.6,"td":0.0,"t0":0.0,"g":0,"cbd":0,"d":4.528},"geometry":{"type":"Polygon","coordinates":[[[9.0410856,45.0275661],[9.042137,45.0275661],[9.042137,45.028593],[9.0410856,45.028593],[9.0410856,45.0275661]]]}},{"type":"Feature","id":"B0134","properties":{"z":"Z008","k":"industrial","h":13.0,"dh":0.0,"td":0.0,"t0":0.0,"g":0,"cbd":0,"d":4.528},"geometry":{"type":"Polygon","coordinates":[[[9.0391215,45.0289541],[9.0402994,45.0289541],[9.0402994,45.0298932],[9.0391215,45.0298932],[9.0391215,45.0289541]]]}},{"type":"Feature","id":"B0135","properties":{"z":"Z008","k":"industrial","h":9.2,"dh":0.0,"td":0.0,"t0":0.0,"g":0,"cbd":0,"d":4.632},"geometry":{"type":"Polygon","coordinates":[[[9.040881,45.0290058],[9.0423416,45.0290058],[9.0423416,45.0298414],[9.040881,45.0298414],[9.040881,45.0290058]]]}},{"type":"Feature","id":"B0136","properties":{"z":"Z009","k":"park","h":0.0,"dh":0.0,"td":0.0,"t0":0.0,"g":0,"cbd":0,"d":3.825},"geometry":{"type":"Polygon","coordinates":[[[8.957678,45.0172387],[8.9590994,45.0172387],[8.9590994,45.0182367],[8.957678,45.0182367],[8.957678,45.0172387]]]}},{"type":"Feature","id":"B0137","properties":{"z":"Z009","k":"park","h":0.0,"dh":0.0,"td":0.0,"t0":0.0,"g":0,"cbd":0,"d":3.697},"geometry":{"type":"Polygon","coordinates":[[[8.9595753,45.0172906],[8.9610038,45.0172906],[8.9610038,45.0181848],[8.9595753,45.0181848],[8.9595753,45.0172906]]]}},{"type":"Feature","id":"B0138","properties":{"z":"Z009","k":"park","h":0.0,"dh":0.0,"td":0.0,"t0":0.0,"g":0,"cbd":0,"d":3.904},"geometry":{"type":"Polygon","coordinates":[[[8.9576625,45.0186669],[8.9591149,45.0186669],[8.9591149,45.0194967],[8.9576625,45.0194967],[8.9576625,45.0186669]]]}},{"type":"Feature","id":"B0139","properties":{"z":"Z009","k":"park","h":0.0,"dh":0.0,"td":0.0,"t0":0.0,"g":0,"cbd":0,"d":3.779},"geometry":{"type":"Polygon","coordinates":[[[8.9597255,45.0186903],[8.9608536,45.0186903],[8.9608536,45.0194733],[8.9597255,45.0194733],[8.9597255,45.0186903]]]}},{"type":"Feature","id":"B0140","properties":{"z":"Z009","k":"park","h":0.0,"dh":0.0,"td":0.0,"t0":0.0,"g":0,"cbd":0,"d":3.487},"geometry":{"type":"Polygon","coordinates":[[[8.9627632,45.0173009],[8.9642093,45.0173009],[8.9642093,45.0181746],[8.9627632,45.0181746],[8.9627632,45.0173009]]]}},{"type":"Feature","id":"B0141","properties":{"z":"Z009","k":"residential","h":9.6,"dh":0.0,"td":0.0,"t0":0.0,"g":0,"cbd":0,"d":3.365},"geometry":{"type":"Polygon","coordinates":[[[8.9648739,45.01724],[8.9659002,45.01724],[8.9659002,45.0182354],[8.9648739,45.0182354],[8.9648739,45.01724]]]}},{"type":"Feature","id":"B0142","properties":{"z":"Z009","k":"residential","h":7.0,"dh":2.5,"td":0.0,"t0":0.0,"g":0,"cbd":0,"d":3.574},"geometry":{"type":"Polygon","coordinates":[[[8.9628656,45.0187199],[8.9641068,45.0187199],[8.9641068,45.0194437],[8.9628656,45.0194437],[8.9628656,45.0187199]]]}},{"type":"Feature","id":"B0143","properties":{"z":"Z009","k":"park","h":0.0,"dh":0.0,"td":0.0,"t0":0.0,"g":0,"cbd":0,"d":3.455},"geometry":{"type":"Polygon","coordinates":[[[8.9646885,45.01871],[8.9660856,45.01871],[8.9660856,45.0194537],[8.9646885,45.0194537],[8.9646885,45.01871]]]}},{"type":"Feature","id":"B0144","properties":{"z":"Z009","k":"park","h":0.0,"dh":0.0,"td":0.0,"t0":0.0,"g":0,"cbd":0,"d":4.046},"geometry":{"type":"Polygon","coordinates":[[[8.9578439,45.0208457],[8.9589335,45.0208457],[8.9589335,45.0218387],[8.9578439,45.0218387],[8.9578439,45.0208457]]]}},{"type":"Feature","id":"B0145","properties":{"z":"Z009","k":"park","h":0.0,"dh":0.0,"td":0.0,"t0":0.0,"g":0,"cbd":0,"d":3.926},"geometry":{"type":"Polygon","coordinates":[[[8.9597692,45.0208564],[8.96081,45.0208564],[8.96081,45.021828],[8.9597692,45.021828],[8.9597692,45.0208564]]]}},{"type":"Feature","id":"B0146","properties":{"z":"Z009","k":"park","h":0.0,"dh":0.0,"td":0.0,"t0":0.0,"g":0,"cbd":0,"d":4.136},"geometry":{"type":"Polygon","coordinates":[[[8.9577714,45.0222188],[8.959006,45.0222188],[8.959006,45.0231537],[8.9577714,45.0231537],[8.9577714,45.0222188]]]}},{"type":"Feature","id":"B0147","properties":{"z":"Z009","k":"residential","h":7.7,"dh":0.0,"td":0.1,"t0":0.0,"g":0,"cbd":0,"d":4.019},"geometry":{"type":"Polygon","coordinates":[[[8.9595964,45.0221927],[8.9609827,45.0221927],[8.9609827,45.0231799],[8.9595964,45.0231799],[8.9595964,45.0221927]]]}},{"type":"Feature","id":"B0148","properties":{"z":"Z009","k":"residential","h":7.0,"dh":5.2,"td":0.0,"t0":0.0,"g":0,"cbd":0,"d":3.729},"geometry":{"type":"Polygon","coordinates":[[[8.9628994,45.0208815],[8.964073,45.0208815],[8.964073,45.0218029],[8.9628994,45.0218029],[8.9628994,45.0208815]]]}},{"type":"Feature","id":"B0149","properties":{"z":"Z009","k":"park","h":0.0,"dh":0.0,"td":0.0,"t0":0.0,"g":0,"cbd":0,"d":3.615},"geometry":{"type":"Polygon","coordinates":[[[8.9647436,45.020954],[8.9660305,45.020954],[8.9660305,45.0217304],[8.9647436,45.0217304],[8.9647436,45.020954]]]}},{"type":"Feature","id":"B0150","properties":{"z":"Z009","k":"park","h":0.0,"dh":0.0,"td":0.0,"t0":0.0,"g":0,"cbd":0,"d":3.826},"geometry":{"type":"Polygon","coordinates":[[[8.9629823,45.0222616],[8.9639901,45.0222616],[8.9639901,45.023111],[8.9629823,45.023111],[8.9629823,45.0222616]]]}},{"type":"Feature","id":"B0151","properties":{"z":"Z009","k":"park","h":0.0,"dh":0.0,"td":0.0,"t0":0.0,"g":0,"cbd":0,"d":3.715},"geometry":{"type":"Polygon","coordinates":[[[8.9648303,45.0222392],[8.9659438,45.0222392],[8.9659438,45.0231333],[8.9648303,45.0231333],[8.9648303,45.0222392]]]}},{"type":"Feature","id":"B0152","properties":{"z":"Z010","k":"residential","h":10.7,"dh":0.0,"td":0.0,"t0":0.0,"g":0,"cbd":0,"d":3.206},"geometry":{"type":"Polygon","coordinates":[[[8.9673551,45.0172255],[8.9684784,45.0172255],[8.9684784,45.01825],[8.9673551,45.01825],[8.9673551,45.0172255]]]}},{"type":"Feature","id":"B0153","properties":{"z":"Z010","k":"park","h":0.0,"dh":0.0,"td":0.0,"t0":0.0,"g":0,"cbd":0,"d":3.089},"geometry":{"type":"Polygon","coordinates":[[[8.969155,45.0172178],[8.9704801,45.0172178],[8.9704801,45.0182577],[8.969155,45.0182577],[8.969155,45.0172178]]]}},{"type":"Feature","id":"B0154","properties":{"z":"Z010","k":"residential","h":13.8,"dh":0.0,"td":0.0,"t0":0.0,"g":0,"cbd":0,"d":3.3},"geometry":{"type":"Polygon","coordinates":[[[8.967216,45.0186635],[8.9686175,45.0186635],[8.9686175,45.0195001],[8.967216,45.0195001],[8.967216,45.0186635]]]}},{"type":"Feature","id":"B0155","properties":{"z":"Z010","k":"residential","h":8.9,"dh":0.0,"td":0.0,"t0":0.0,"g":0,"cbd":0,"d":3.187},"geometry":{"type":"Polygon","coordinates":[[[8.9690871,45.018562],[8.9705481,45.018562],[8.9705481,45.0196016],[8.9690871,45.0196016],[8.9690871,45.018562]]]}},{"type":"Feature","id":"B0156","properties":{"z":"Z010","k":"residential","h":9.3,"dh":1.9,"td":0.0,"t0":0.0,"g":0,"cbd":0,"d":2.9},"geometry":{"type":"Polygon","coordinates":[[[8.9723263,45.0173207],[8.9737022,45.0173207],[8.9737022,45.0181547],[8.9723263,45.0181547],[8.9723263,45.0173207]]]}},{"type":"Feature","id":"B0157","properties":{"z":"Z010","k":"residential","h":11.0,"dh":0.0,"td":0.0,"t0":0.0,"g":0,"cbd":0,"d":2.792},"geometry":{"type":"Polygon","coordinates":[[[8.9743833,45.0173469],[8.9754469,45.0173469],[8.9754469,45.0181285],[8.9743833,45.0181285],[8.9743833,45.0173469]]]}},{"type":"Feature","id":"B0158","properties":{"z":"Z010","k":"residential","h":16.7,"dh":7.8,"td":0.0,"t0":0.0,"g":0,"cbd":0,"d":3.004},"geometry":{"type":"Polygon","coordinates":[[[8.9724296,45.018635],[8.9735989,45.018635],[8.9735989,45.0195286],[8.9724296,45.0195286],[8.9724296,45.018635]]]}},{"type":"Feature","id":"B0159","properties":{"z":"Z010","k":"residential","h":7.8,"dh":2.1,"td":0.0,"t0":0.0,"g":0,"cbd":0,"d":2.9},"geometry":{"type":"Polygon","coordinates":[[[8.974235,45.0185712],[8.9755952,45.0185712],[8.9755952,45.0195924],[8.974235,45.0195924],[8.974235,45.0185712]]]}},{"type":"Feature","id":"B0160","properties":{"z":"Z010","k":"residential","h":9.7,"dh":6.6,"td":0.0,"t0":0.0,"g":0,"cbd":0,"d":3.467},"geometry":{"type":"Polygon","coordinates":[[[8.9672997,45.0209281],[8.9685338,45.0209281],[8.9685338,45.0217562],[8.9672997,45.0217562],[8.9672997,45.0209281]]]}},{"type":"Feature","id":"B0161","properties":{"z":"Z010","k":"residential","h":16.7,"dh":0.0,"td":0.4,"t0":0.0,"g":0,"cbd":0,"d":3.36},"geometry":{"type":"Polygon","coordinates":[[[8.9692493,45.020823],[8.9703859,45.020823],[8.9703859,45.0218614],[8.9692493,45.0218614],[8.9692493,45.020823]]]}},{"type":"Feature","id":"B0162","properties":{"z":"Z010","k":"residential","h":16.7,"dh":0.0,"td":0.5,"t0":0.0,"g":0,"cbd":0,"d":3.572},"geometry":{"type":"Polygon","coordinates":[[[8.9672354,45.0221725],[8.9685981,45.0221725],[8.9685981,45.0232001],[8.9672354,45.0232001],[8.9672354,45.0221725]]]}},{"type":"Feature","id":"B0163","properties":{"z":"Z010","k":"residential","h":10.8,"dh":0.0,"td":0.0,"t0":0.0,"g":0,"cbd":0,"d":3.467},"geometry":{"type":"Polygon","coordinates":[[[8.9691839,45.0222965],[8.9704513,45.0222965],[8.9704513,45.023076],[8.9691839,45.023076],[8.9691839,45.0222965]]]}},{"type":"Feature","id":"B0164","properties":{"z":"Z010","k":"residential","h":16.7,"dh":0.0,"td":0.0,"t0":0.0,"g":0,"cbd":0,"d":3.187},"geometry":{"type":"Polygon","coordinates":[[[8.9722821,45.020865],[8.9737464,45.020865],[8.9737464,45.0218193],[8.9722821,45.0218193],[8.9722821,45.020865]]]}},{"type":"Feature","id":"B0165","properties":{"z":"Z010","k":"residential","h":15.4,"dh":0.0,"td":0.0,"t0":0.0,"g":0,"cbd":0,"d":3.089},"geometry":{"type":"Polygon","coordinates":[[[8.9742562,45.0208615],[8.9755739,45.0208615],[8.9755739,45.0218229],[8.9742562,45.0218229],[8.9742562,45.0208615]]]}},{"type":"Feature","id":"B0166","properties":{"z":"Z010","k":"residential","h":12.9,"dh":0.0,"td":0.6,"t0":0.0,"g":0,"cbd":0,"d":3.3},"geometry":{"type":"Polygon","coordinates":[[[8.9724751,45.0222815],[8.9735534,45.0222815],[8.9735534,45.0230911],[8.9724751,45.0230911],[8.9724751,45.0222815]]]}},{"type":"Feature","id":"B0167","properties":{"z":"Z010","k":"park","h":0.0,"dh":0.0,"td":0.0,"t0":0.0,"g":0,"cbd":0,"d":3.206},"geometry":{"type":"Polygon","coordinates":[[[8.9741975,45.0223168],[8.9756326,45.0223168],[8.9756326,45.0230558],[8.9741975,45.0230558],[8.9741975,45.0223168]]]}},{"type":"Feature","id":"B0168","properties":{"z":"Z011","k":"residential","h":20.1,"dh":0.0,"td":0.0,"t0":1.31,"g":0,"cbd":0,"d":2.655},"geometry":{"type":"Polygon","coordinates":[[[8.9767153,45.0172351],[8.9781742,45.0172351],[8.9781742,45.0182403],[8.9767153,45.0182403],[8.9767153,45.0172351]]]}},{"type":"Feature","id":"B0169","properties":{"z":"Z011","k":"park","h":0.0,"dh":0.0,"td":0.0,"t0":0.0,"g":0,"cbd":0,"d":2.558},"geometry":{"type":"Polygon","coordinates":[[[8.978773,45.0173394],[8.9799182,45.0173394],[8.9799182,45.018136],[8.978773,45.018136],[8.978773,45.0173394]]]}},{"type":"Feature","id":"B0170","properties":{"z":"Z011","k":"residential","h":18.1,"dh":0.0,"td":0.0,"t0":0.0,"g":0,"cbd":0,"d":2.768},"geometry":{"type":"Polygon","coordinates":[[[8.9768473,45.0186217],[8.9780423,45.0186217],[8.9780423,45.0195419],[8.9768473,45.0195419],[8.9768473,45.0186217]]]}},{"type":"Feature","id":"B0171","properties":{"z":"Z011","k":"residential","h":9.2,"dh":0.0,"td":0.0,"t0":0.0,"g":0,"cbd":0,"d":2.675},"geometry":{"type":"Polygon","coordinates":[[[8.9788309,45.0185793],[8.9798603,45.0185793],[8.9798603,45.0195843],[8.9788309,45.0195843],[8.9788309,45.0185793]]]}},{"type":"Feature","id":"B0172","properties":{"z":"Z011","k":"residential","h":9.6,"dh":0.0,"td":1.1,"t0":0.0,"g":0,"cbd":0,"d":2.406},"geometry":{"type":"Polygon","coordinates":[[[8.9819997,45.017322],[8.9830849,45.017322],[8.9830849,45.0181534],[8.9819997,45.0181534],[8.9819997,45.017322]]]}},{"type":"Feature","id":"B0173","properties":{"z":"Z011","k":"residential","h":18.4,"dh":0.0,"td":0.0,"t0":0.0,"g":0,"cbd":0,"d":2.323},"geometry":{"type":"Polygon","coordinates":[[[8.9837123,45.01726],[8.985174,45.01726],[8.985174,45.0182155],[8.9837123,45.0182155],[8.9837123,45.01726]]]}},{"type":"Feature","id":"B0174","properties":{"z":"Z011","k":"park","h":0.0,"dh":0.0,"td":0.0,"t0":0.0,"g":0,"cbd":0,"d":2.53},"geometry":{"type":"Polygon","coordinates":[[[8.9820058,45.0186639],[8.9830787,45.0186639],[8.9830787,45.0194997],[8.9820058,45.0194997],[8.9820058,45.0186639]]]}},{"type":"Feature","id":"B0175","properties":{"z":"Z011","k":"residential","h":12.8,"dh":0.0,"td":0.0,"t0":0.0,"g":0,"cbd":0,"d":2.452},"geometry":{"type":"Polygon","coordinates":[[[8.983804,45.0186338],[8.9850822,45.0186338],[8.9850822,45.0195298],[8.983804,45.0195298],[8.983804,45.0186338]]]}},{"type":"Feature","id":"B0176","properties":{"z":"Z011","k":"residential","h":7.6,"dh":0.0,"td":0.5,"t0":0.0,"g":0,"cbd":0,"d":2.966},"geometry":{"type":"Polygon","coordinates":[[[8.9767303,45.0209576],[8.9781593,45.0209576],[8.9781593,45.0217267],[8.9767303,45.0217267],[8.9767303,45.0209576]]]}},{"type":"Feature","id":"B0177","properties":{"z":"Z011","k":"residential","h":13.8,"dh":0.0,"td":0.0,"t0":0.0,"g":0,"cbd":0,"d":2.879},"geometry":{"type":"Polygon","coordinates":[[[8.9787249,45.0209538],[8.9799663,45.0209538],[8.9799663,45.0217306],[8.9787249,45.0217306],[8.9787249,45.0209538]]]}},{"type":"Feature","id":"B0178","properties":{"z":"Z011","k":"residential","h":13.7,"dh":8.6,"td":0.0,"t0":0.0,"g":0,"cbd":0,"d":3.087},"geometry":{"type":"Polygon","coordinates":[[[8.9767754,45.0222016],[8.9781141,45.0222016],[8.9781141,45.023171],[8.9767754,45.023171],[8.9767754,45.0222016]]]}},{"type":"Feature","id":"B0179","properties":{"z":"Z011","k":"residential","h":12.6,"dh":8.6,"td":0.9,"t0":0.0,"g":0,"cbd":0,"d":3.004},"geometry":{"type":"Polygon","coordinates":[[[8.9787941,45.02227],[8.9798971,45.02227],[8.9798971,45.0231026],[8.9787941,45.0231026],[8.9787941,45.02227]]]}},{"type":"Feature","id":"B0180","properties":{"z":"Z011","k":"residential","h":12.5,"dh":0.0,"td":0.0,"t0":0.0,"g":0,"cbd":0,"d":2.745},"geometry":{"type":"Polygon","coordinates":[[[8.9818681,45.0209711],[8.9832164,45.0209711],[8.9832164,45.0217133],[8.9818681,45.0217133],[8.9818681,45.0209711]]]}},{"type":"Feature","id":"B0181","properties":{"z":"Z011","k":"residential","h":12.3,"dh":0.0,"td":0.0,"t0":0.0,"g":0,"cbd":0,"d":2.673},"geometry":{"type":"Polygon","coordinates":[[[8.983884,45.0209466],[8.9850022,45.0209466],[8.9850022,45.0217378],[8.983884,45.0217378],[8.983884,45.0209466]]]}},{"type":"Feature","id":"B0182","properties":{"z":"Z011","k":"residential","h":17.3,"dh":0.0,"td":0.0,"t0":0.0,"g":0,"cbd":0,"d":2.875},"geometry":{"type":"Polygon","coordinates":[[[8.9819802,45.0221941],[8.9831043,45.0221941],[8.9831043,45.0231785],[8.9819802,45.0231785],[8.9819802,45.0221941]]]}},{"type":"Feature","id":"B0183","properties":{"z":"Z011","k":"residential","h":16.5,"dh":4.9,"td":1.7,"t0":0.0,"g":0,"cbd":0,"d":2.807},"geometry":{"type":"Polygon","coordinates":[[[8.9837631,45.0221977],[8.9851232,45.0221977],[8.9851232,45.0231748],[8.9837631,45.0231748],[8.9837631,45.0221977]]]}},{"type":"Feature","id":"B0184","properties":{"z":"Z012","k":"residential","h":22.9,"dh":0.0,"td":3.1,"t0":0.0,"g":0,"cbd":0,"d":2.225},"geometry":{"type":"Polygon","coordinates":[[[8.9862747,45.0172718],[8.9876709,45.0172718],[8.9876709,45.0182037],[8.9862747,45.0182037],[8.9862747,45.0172718]]]}},{"type":"Feature","id":"B0185","properties":{"z":"Z012","k":"residential","h":15.6,"dh":4.3,"td":0.0,"t0":0.0,"g":0,"cbd":0,"d":2.16},"geometry":{"type":"Polygon","coordinates":[[[8.9883682,45.017349],[8.9893791,45.017349],[8.9893791,45.0181264],[8.9883682,45.0181264],[8.9883682,45.017349]]]}},{"type":"Feature","id":"B0186","properties":{"z":"Z012","k":"residential","h":17.9,"dh":0.0,"td":2.6,"t0":0.0,"g":0,"cbd":0,"d":2.359},"geometry":{"type":"Polygon","coordinates":[[[8.986245,45.0186276],[8.9877006,45.0186276],[8.9877006,45.019536],[8.986245,45.019536],[8.986245,45.0186276]]]}},{"type":"Feature","id":"B0187","properties":{"z":"Z012","k":"residential","h":14.6,"dh":0.0,"td":2.5,"t0":0.0,"g":0,"cbd":0,"d":2.298},"geometry":{"type":"Polygon","coordinates":[[[8.9882326,45.0186842],[8.9895147,45.0186842],[8.9895147,45.0194794],[8.9882326,45.0194794],[8.9882326,45.0186842]]]}},{"type":"Feature","id":"B0188","properties":{"z":"Z012","k":"residential","h":22.9,"dh":0.0,"td":4.6,"t0":0.0,"g":0,"cbd":0,"d":2.071},"geometry":{"type":"Polygon","coordinates":[[[8.9915406,45.0173456],[8.9926,45.0173456],[8.9926,45.0181298],[8.9915406,45.0181298],[8.9915406,45.0173456]]]}},{"type":"Feature","id":"B0189","properties":{"z":"Z012","k":"residential","h":21.2,"dh":0.0,"td":0.0,"t0":0.0,"g":0,"cbd":0,"d":2.031},"geometry":{"type":"Polygon","coordinates":[[[8.9932583,45.0172869],[8.994684,45.0172869],[8.994684,45.0181885],[8.9932583,45.0181885],[8.9932583,45.0172869]]]}},{"type":"Feature","id":"B0190","properties":{"z":"Z012","k":"residential","h":22.3,"dh":0.0,"td":0.0,"t0":0.0,"g":0,"cbd":0,"d":2.214},"geometry":{"type":"Polygon","coordinates":[[[8.9914801,45.0186293],[8.9926605,45.0186293],[8.9926605,45.0195343],[8.9914801,45.0195343],[8.9914801,45.0186293]]]}},{"type":"Feature","id":"B0191","properties":{"z":"Z012","k":"park","h":0.0,"dh":0.0,"td":0.0,"t0":0.0,"g":0,"cbd":0,"d":2.177},"geometry":{"type":"Polygon","coordinates":[[[8.9933501,45.0187229],[8.9945922,45.0187229],[8.9945922,45.0194407],[8.9933501,45.0194407],[8.9933501,45.0187229]]]}},{"type":"Feature","id":"B0192","properties":{"z":"Z012","k":"residential","h":20.1,"dh":0.0,"td":0.0,"t0":0.0,"g":0,"cbd":0,"d":2.588},"geometry":{"type":"Polygon","coordinates":[[[8.9863643,45.0208486],[8.9875814,45.0208486],[8.9875814,45.0218358],[8.9863643,45.0218358],[8.9863643,45.0208486]]]}},{"type":"Feature","id":"B0193","properties":{"z":"Z012","k":"residential","h":18.8,"dh":0.0,"td":2.5,"t0":0.0,"g":0,"cbd":0,"d":2.532},"geometry":{"type":"Polygon","coordinates":[[[8.9883058,45.0209067],[8.9894415,45.0209067],[8.9894415,45.0217777],[8.9883058,45.0217777],[8.9883058,45.0209067]]]}},{"type":"Feature","id":"B0194","properties":{"z":"Z012","k":"park","h":0.0,"dh":0.0,"td":0.0,"t0":0.0,"g":0,"cbd":0,"d":2.726},"geometry":{"type":"Polygon","coordinates":[[[8.9863289,45.0222923],[8.9876167,45.0222923],[8.9876167,45.0230803],[8.9863289,45.0230803],[8.9863289,45.0222923]]]}},{"type":"Feature","id":"B0195","properties":{"z":"Z012","k":"park","h":0.0,"dh":0.0,"td":0.0,"t0":0.0,"g":0,"cbd":0,"d":2.673},"geometry":{"type":"Polygon","coordinates":[[[8.9883684,45.0222249],[8.9893789,45.0222249],[8.9893789,45.0231477],[8.9883684,45.0231477],[8.9883684,45.0222249]]]}},{"type":"Feature","id":"B0196","properties":{"z":"Z012","k":"park","h":0.0,"dh":0.0,"td":0.0,"t0":0.0,"g":0,"cbd":0,"d":2.456},"geometry":{"type":"Polygon","coordinates":[[[8.9913988,45.0208881],[8.9927418,45.0208881],[8.9927418,45.0217963],[8.9913988,45.0217963],[8.9913988,45.0208881]]]}},{"type":"Feature","id":"B0197","properties":{"z":"Z012","k":"residential","h":12.9,"dh":0.0,"td":0.0,"t0":0.0,"g":0,"cbd":0,"d":2.423},"geometry":{"type":"Polygon","coordinates":[[[8.9933334,45.0208915],[8.9946089,45.0208915],[8.9946089,45.0217928],[8.9933334,45.0217928],[8.9933334,45.0208915]]]}},{"type":"Feature","id":"B0198","properties":{"z":"Z012","k":"residential","h":13.0,"dh":0.0,"td":0.0,"t0":0.0,"g":0,"cbd":0,"d":2.601},"geometry":{"type":"Polygon","coordinates":[[[8.9914579,45.0222023],[8.9926827,45.0222023],[8.9926827,45.0231703],[8.9914579,45.0231703],[8.9914579,45.0222023]]]}},{"type":"Feature","id":"B0199","properties":{"z":"Z012","k":"residential","h":10.9,"dh":0.0,"td":0.0,"t0":0.0,"g":0,"cbd":0,"d":2.57},"geometry":{"type":"Polygon","coordinates":[[[8.9933839,45.0222437],[8.9945584,45.0222437],[8.9945584,45.0231289],[8.9933839,45.0231289],[8.9933839,45.0222437]]]}},{"type":"Feature","id":"B0200","properties":{"z":"Z013","k":"residential","h":19.0,"dh":0.0,"td":0.0,"t0":0.0,"g":0,"cbd":0,"d":1.994},"geometry":{"type":"Polygon","coordinates":[[[8.9959561,45.0172949],[8.9970455,45.0172949],[8.9970455,45.0181805],[8.9959561,45.0181805],[8.9959561,45.0172949]]]}},{"type":"Feature","id":"B0201","properties":{"z":"Z013","k":"residential","h":22.2,"dh":0.0,"td":3.4,"t0":6.41,"g":0,"cbd":0,"d":1.979},"geometry":{"type":"Polygon","coordinates":[[[8.9977285,45.0172797],[8.9990748,45.0172797],[8.9990748,45.0181957],[8.9977285,45.0181957],[8.9977285,45.0172797]]]}},{"type":"Feature","id":"B0202","properties":{"z":"Z013","k":"residential","h":19.1,"dh":0.0,"td":4.2,"t0":0.0,"g":0,"cbd":0,"d":2.142},"geometry":{"type":"Polygon","coordinates":[[[8.9958773,45.0186325],[8.9971243,45.0186325],[8.9971243,45.0195311],[8.9958773,45.0195311],[8.9958773,45.0186325]]]}},{"type":"Feature","id":"B0203","properties":{"z":"Z013","k":"park","h":0.0,"dh":0.0,"td":0.0,"t0":0.0,"g":0,"cbd":0,"d":2.128},"geometry":{"type":"Polygon","coordinates":[[[8.997878,45.0186913],[8.9989254,45.0186913],[8.9989254,45.0194723],[8.997878,45.0194723],[8.997878,45.0186913]]]}},{"type":"Feature","id":"B0204","properties":{"z":"Z013","k":"park","h":0.0,"dh":0.0,"td":0.0,"t0":0.0,"g":0,"cbd":0,"d":1.979},"geometry":{"type":"Polygon","coordinates":[[[9.0010572,45.0173223],[9.0021395,45.0173223],[9.0021395,45.0181532],[9.0010572,45.0181532],[9.0010572,45.0173223]]]}},{"type":"Feature","id":"B0205","properties":{"z":"Z013","k":"residential","h":14.1,"dh":0.0,"td":0.0,"t0":0.0,"g":0,"cbd":0,"d":1.994},"geometry":{"type":"Polygon","coordinates":[[[9.0027661,45.017375],[9.0042322,45.017375],[9.0042322,45.0181004],[9.0027661,45.0181004],[9.0027661,45.017375]]]}},{"type":"Feature","id":"B0206","properties":{"z":"Z013","k":"residential","h":21.2,"dh":0.0,"td":0.0,"t0":0.0,"g":0,"cbd":0,"d":2.128},"geometry":{"type":"Polygon","coordinates":[[[9.0009437,45.0185868],[9.002253,45.0185868],[9.002253,45.0195768],[9.0009437,45.0195768],[9.0009437,45.0185868]]]}},{"type":"Feature","id":"B0207","properties":{"z":"Z013","k":"residential","h":21.8,"dh":0.0,"td":0.0,"t0":0.0,"g":0,"cbd":0,"d":2.142},"geometry":{"type":"Polygon","coordinates":[[[9.0029199,45.0187095],[9.0040784,45.0187095],[9.0040784,45.0194541],[9.0029199,45.0194541],[9.0029199,45.0187095]]]}},{"type":"Feature","id":"B0208","properties":{"z":"Z013","k":"residential","h":11.9,"dh":0.0,"td":1.5,"t0":0.0,"g":0,"cbd":0,"d":2.392},"geometry":{"type":"Polygon","coordinates":[[[8.9958678,45.020968],[8.9971339,45.020968],[8.9971339,45.0217163],[8.9958678,45.0217163],[8.9958678,45.020968]]]}},{"type":"Feature","id":"B0209","properties":{"z":"Z013","k":"residential","h":22.7,"dh":0.0,"td":0.0,"t0":7.31,"g":0,"cbd":0,"d":2.379},"geometry":{"type":"Polygon","coordinates":[[[8.9976997,45.0209033],[8.9991036,45.0209033],[8.9991036,45.0217811],[8.9976997,45.0217811],[8.9976997,45.0209033]]]}},{"type":"Feature","id":"B0210","properties":{"z":"Z013","k":"residential","h":13.5,"dh":0.0,"td":0.0,"t0":0.0,"g":0,"cbd":0,"d":2.54},"geometry":{"type":"Polygon","coordinates":[[[8.9959208,45.0223052],[8.9970808,45.0223052],[8.9970808,45.0230674],[8.9959208,45.0230674],[8.9959208,45.0223052]]]}},{"type":"Feature","id":"B0211","properties":{"z":"Z013","k":"residential","h":20.2,"dh":0.0,"td":0.0,"t0":0.0,"g":0,"cbd":0,"d":2.529},"geometry":{"type":"Polygon","coordinates":[[[8.9976726,45.022267],[8.9991307,45.022267],[8.9991307,45.0231056],[8.9976726,45.0231056],[8.9976726,45.022267]]]}},{"type":"Feature","id":"B0212","properties":{"z":"Z013","k":"residential","h":16.8,"dh":0.0,"td":0.0,"t0":0.0,"g":0,"cbd":0,"d":2.379},"geometry":{"type":"Polygon","coordinates":[[[9.0010727,45.0208275],[9.002124,45.0208275],[9.002124,45.0218568],[9.0010727,45.0218568],[9.0010727,45.0208275]]]}},{"type":"Feature","id":"B0213","properties":{"z":"Z013","k":"residential","h":14.2,"dh":0.0,"td":2.4,"t0":0.0,"g":0,"cbd":0,"d":2.392},"geometry":{"type":"Polygon","coordinates":[[[9.0028864,45.0209495],[9.0041119,45.0209495],[9.0041119,45.0217349],[9.0028864,45.0217349],[9.0028864,45.0209495]]]}},{"type":"Feature","id":"B0214","properties":{"z":"Z013","k":"residential","h":14.6,"dh":0.0,"td":1.3,"t0":0.0,"g":0,"cbd":0,"d":2.529},"geometry":{"type":"Polygon","coordinates":[[[9.0009571,45.0222494],[9.0022396,45.0222494],[9.0022396,45.0231232],[9.0009571,45.0231232],[9.0009571,45.0222494]]]}},{"type":"Feature","id":"B0215","properties":{"z":"Z013","k":"residential","h":18.2,"dh":0.0,"td":0.0,"t0":0.0,"g":0,"cbd":0,"d":2.54},"geometry":{"type":"Polygon","coordinates":[[[9.0028335,45.0222631],[9.0041649,45.0222631],[9.0041649,45.0231095],[9.0028335,45.0231095],[9.0028335,45.0222631]]]}},{"type":"Feature","id":"B0216","properties":{"z":"Z014","k":"park","h":0.0,"dh":0.0,"td":0.0,"t0":0.0,"g":0,"cbd":0,"d":2.031},"geometry":{"type":"Polygon","coordinates":[[[9.0053047,45.0172672],[9.006753,45.0172672],[9.006753,45.0182082],[9.0053047,45.0182082],[9.0053047,45.0172672]]]}},{"type":"Feature","id":"B0217","properties":{"z":"Z014","k":"residential","h":19.8,"dh":0.0,"td":0.0,"t0":0.0,"g":0,"cbd":0,"d":2.071},"geometry":{"type":"Polygon","coordinates":[[[9.0072384,45.01737],[9.008621,45.01737],[9.008621,45.0181054],[9.0072384,45.0181054],[9.0072384,45.01737]]]}},{"type":"Feature","id":"B0218","properties":{"z":"Z014","k":"residential","h":19.1,"dh":0.0,"td":0.0,"t0":0.0,"g":0,"cbd":0,"d":2.177},"geometry":{"type":"Polygon","coordinates":[[[9.0054398,45.0186768],[9.0066179,45.0186768],[9.0066179,45.0194868],[9.0054398,45.0194868],[9.0054398,45.0186768]]]}},{"type":"Feature","id":"B0219","properties":{"z":"Z014","k":"park","h":0.0,"dh":0.0,"td":0.0,"t0":0.0,"g":0,"cbd":0,"d":2.214},"geometry":{"type":"Polygon","coordinates":[[[9.0072177,45.0185916],[9.0086417,45.0185916],[9.0086417,45.0195721],[9.0072177,45.0195721],[9.0072177,45.0185916]]]}},{"type":"Feature","id":"B0220","properties":{"z":"Z014","k":"residential","h":14.0,"dh":6.9,"td":1.5,"t0":0.0,"g":0,"cbd":0,"d":2.423},"geometry":{"type":"Polygon","coordinates":[[[9.0053638,45.0208918],[9.0066939,45.0208918],[9.0066939,45.0217926],[9.0053638,45.0217926],[9.0053638,45.0208918]]]}},{"type":"Feature","id":"B0221","properties":{"z":"Z014","k":"residential","h":14.1,"dh":0.0,"td":0.0,"t0":0.0,"g":0,"cbd":0,"d":2.456},"geometry":{"type":"Polygon","coordinates":[[[9.0073836,45.0209172],[9.0084758,45.0209172],[9.0084758,45.0217672],[9.0073836,45.0217672],[9.0073836,45.0209172]]]}},{"type":"Feature","id":"B0222","properties":{"z":"Z014","k":"residential","h":9.3,"dh":1.5,"td":1.3,"t0":0.0,"g":0,"cbd":0,"d":2.57},"geometry":{"type":"Polygon","coordinates":[[[9.0055227,45.0222447],[9.006535,45.0222447],[9.006535,45.0231278],[9.0055227,45.0231278],[9.0055227,45.0222447]]]}},{"type":"Feature","id":"B0223","properties":{"z":"Z014","k":"park","h":0.0,"dh":0.0,"td":0.0,"t0":0.0,"g":0,"cbd":0,"d":2.601},"geometry":{"type":"Polygon","coordinates":[[[9.0072224,45.022326],[9.008637,45.022326],[9.008637,45.0230466],[9.0072224,45.0230466],[9.0072224,45.022326]]]}},{"type":"Feature","id":"B0224","properties":{"z":"Z014","k":"park","h":0.0,"dh":0.0,"td":0.0,"t0":0.0,"g":0,"cbd":0,"d":2.532},"geometry":{"type":"Polygon","coordinates":[[[9.0105942,45.0208433],[9.0116585,45.0208433],[9.0116585,45.0218411],[9.0105942,45.0218411],[9.0105942,45.0208433]]]}},{"type":"Feature","id":"B0225","properties":{"z":"Z014","k":"park","h":0.0,"dh":0.0,"td":0.0,"t0":0.0,"g":0,"cbd":0,"d":2.673},"geometry":{"type":"Polygon","coordinates":[[[9.0105623,45.0221971],[9.0116904,45.0221971],[9.0116904,45.0231755],[9.0105623,45.0231755],[9.0105623,45.0221971]]]}},{"type":"Feature","id":"B0226","properties":{"z":"Z014","k":"residential","h":17.0,"dh":0.0,"td":0.0,"t0":0.0,"g":0,"cbd":0,"d":2.726},"geometry":{"type":"Polygon","coordinates":[[[9.0124726,45.0222841],[9.0135818,45.0222841],[9.0135818,45.0230884],[9.0124726,45.0230884],[9.0124726,45.0222841]]]}},{"type":"Feature","id":"B0227","properties":{"z":"Z015","k":"residential","h":32.1,"dh":0.0,"td":3.5,"t0":5.88,"g":0,"cbd":0,"d":2.323},"geometry":{"type":"Polygon","coordinates":[[[9.0150394,45.0172595],[9.0160744,45.0172595],[9.0160744,45.0182159],[9.0150394,45.0182159],[9.0150394,45.0172595]]]}},{"type":"Feature","id":"B0228","properties":{"z":"Z015","k":"residential","h":14.8,"dh":0.0,"td":0.0,"t0":0.0,"g":0,"cbd":0,"d":2.406},"geometry":{"type":"Polygon","coordinates":[[[9.0168927,45.0172449],[9.0180227,45.0172449],[9.0180227,45.0182305],[9.0168927,45.0182305],[9.0168927,45.0172449]]]}},{"type":"Feature","id":"B0229","properties":{"z":"Z015","k":"residential","h":16.2,"dh":0.0,"td":0.0,"t0":0.0,"g":0,"cbd":0,"d":2.53},"geometry":{"type":"Polygon","coordinates":[[[9.0169086,45.0186217],[9.0180068,45.0186217],[9.0180068,45.0195419],[9.0169086,45.0195419],[9.0169086,45.0186217]]]}},{"type":"Feature","id":"B0230","properties":{"z":"Z015","k":"residential","h":8.7,"dh":0.0,"td":1.0,"t0":0.0,"g":0,"cbd":0,"d":2.558},"geometry":{"type":"Polygon","coordinates":[[[9.0201023,45.0173113],[9.0212065,45.0173113],[9.0212065,45.0181641],[9.0201023,45.0181641],[9.0201023,45.0173113]]]}},{"type":"Feature","id":"B0231","properties":{"z":"Z015","k":"residential","h":11.8,"dh":0.0,"td":0.0,"t0":0.0,"g":0,"cbd":0,"d":2.655},"geometry":{"type":"Polygon","coordinates":[[[9.0220483,45.0173551],[9.0230622,45.0173551],[9.0230622,45.0181204],[9.0220483,45.0181204],[9.0220483,45.0173551]]]}},{"type":"Feature","id":"B0232","properties":{"z":"Z015","k":"residential","h":11.4,"dh":0.0,"td":0.0,"t0":0.0,"g":0,"cbd":0,"d":2.675},"geometry":{"type":"Polygon","coordinates":[[[9.0200595,45.0187099],[9.0212493,45.0187099],[9.0212493,45.0194537],[9.0200595,45.0194537],[9.0200595,45.0187099]]]}},{"type":"Feature","id":"B0233","properties":{"z":"Z015","k":"park","h":0.0,"dh":0.0,"td":0.0,"t0":0.0,"g":0,"cbd":0,"d":2.768},"geometry":{"type":"Polygon","coordinates":[[[9.0220105,45.0187085],[9.0231,45.0187085],[9.0231,45.0194552],[9.0220105,45.0194552],[9.0220105,45.0187085]]]}},{"type":"Feature","id":"B0234","properties":{"z":"Z015","k":"park","h":0.0,"dh":0.0,"td":0.0,"t0":0.0,"g":0,"cbd":0,"d":2.879},"geometry":{"type":"Polygon","coordinates":[[[9.0201325,45.0208793],[9.0211762,45.0208793],[9.0211762,45.021805],[9.0201325,45.021805],[9.0201325,45.0208793]]]}},{"type":"Feature","id":"B0235","properties":{"z":"Z015","k":"residential","h":16.9,"dh":0.0,"td":0.0,"t0":0.0,"g":0,"cbd":0,"d":2.966},"geometry":{"type":"Polygon","coordinates":[[[9.0219491,45.0209539],[9.0231614,45.0209539],[9.0231614,45.0217304],[9.0219491,45.0217304],[9.0219491,45.0209539]]]}},{"type":"Feature","id":"B0236","properties":{"z":"Z015","k":"residential","h":16.9,"dh":10.7,"td":0.0,"t0":0.0,"g":0,"cbd":0,"d":3.004},"geometry":{"type":"Polygon","coordinates":[[[9.0200276,45.0222002],[9.0212812,45.0222002],[9.0212812,45.0231723],[9.0200276,45.0231723],[9.0200276,45.0222002]]]}},{"type":"Feature","id":"B0237","properties":{"z":"Z015","k":"residential","h":18.5,"dh":0.0,"td":0.7,"t0":0.0,"g":0,"cbd":0,"d":3.087},"geometry":{"type":"Polygon","coordinates":[[[9.021874,45.022262],[9.0232365,45.022262],[9.0232365,45.0231106],[9.021874,45.0231106],[9.021874,45.022262]]]}},{"type":"Feature","id":"B0238","properties":{"z":"Z016","k":"residential","h":14.8,"dh":2.6,"td":0.0,"t0":0.0,"g":0,"cbd":0,"d":2.792},"geometry":{"type":"Polygon","coordinates":[[[9.0243915,45.0173335],[9.0257784,45.0173335],[9.0257784,45.0181419],[9.0243915,45.0181419],[9.0243915,45.0173335]]]}},{"type":"Feature","id":"B0239","properties":{"z":"Z016","k":"residential","h":17.5,"dh":0.0,"td":0.0,"t0":0.0,"g":0,"cbd":0,"d":2.9},"geometry":{"type":"Polygon","coordinates":[[[9.0263376,45.017235],[9.0276339,45.017235],[9.0276339,45.0182404],[9.0263376,45.0182404],[9.0263376,45.017235]]]}},{"type":"Feature","id":"B0240","properties":{"z":"Z016","k":"residential","h":18.5,"dh":0.0,"td":0.0,"t0":0.0,"g":0,"cbd":0,"d":2.9},"geometry":{"type":"Polygon","coordinates":[[[9.024354,45.0185671],[9.0258159,45.0185671],[9.0258159,45.0195965],[9.024354,45.0195965],[9.024354,45.0185671]]]}},{"type":"Feature","id":"B0241","properties":{"z":"Z016","k":"residential","h":17.8,"dh":4.8,"td":0.8,"t0":0.0,"g":0,"cbd":0,"d":3.004},"geometry":{"type":"Polygon","coordinates":[[[9.0263497,45.0187182],[9.0276218,45.0187182],[9.0276218,45.0194454],[9.0263497,45.0194454],[9.0263497,45.0187182]]]}},{"type":"Feature","id":"B0242","properties":{"z":"Z016","k":"residential","h":13.2,"dh":6.7,"td":0.0,"t0":0.0,"g":0,"cbd":0,"d":3.089},"geometry":{"type":"Polygon","coordinates":[[[9.0294586,45.0173097],[9.0309062,45.0173097],[9.0309062,45.0181657],[9.0294586,45.0181657],[9.0294586,45.0173097]]]}},{"type":"Feature","id":"B0243","properties":{"z":"Z016","k":"residential","h":14.5,"dh":0.0,"td":0.0,"t0":0.0,"g":0,"cbd":0,"d":3.206},"geometry":{"type":"Polygon","coordinates":[[[9.0313756,45.0173763],[9.0327909,45.0173763],[9.0327909,45.0180992],[9.0313756,45.0180992],[9.0313756,45.0173763]]]}},{"type":"Feature","id":"B0244","properties":{"z":"Z016","k":"residential","h":26.7,"dh":0.0,"td":0.0,"t0":2.92,"g":0,"cbd":0,"d":3.187},"geometry":{"type":"Polygon","coordinates":[[[9.0295516,45.018588],[9.0308132,45.018588],[9.0308132,45.0195756],[9.0295516,45.0195756],[9.0295516,45.018588]]]}},{"type":"Feature","id":"B0245","properties":{"z":"Z016","k":"park","h":0.0,"dh":0.0,"td":0.0,"t0":0.0,"g":0,"cbd":0,"d":3.3},"geometry":{"type":"Polygon","coordinates":[[[9.0315593,45.0187001],[9.0326072,45.0187001],[9.0326072,45.0194635],[9.0315593,45.0194635],[9.0315593,45.0187001]]]}},{"type":"Feature","id":"B0246","properties":{"z":"Z016","k":"residential","h":19.8,"dh":0.0,"td":0.0,"t0":0.0,"g":0,"cbd":0,"d":3.089},"geometry":{"type":"Polygon","coordinates":[[[9.0245333,45.0209394],[9.0256366,45.0209394],[9.0256366,45.021745],[9.0245333,45.021745],[9.0245333,45.0209394]]]}},{"type":"Feature","id":"B0247","properties":{"z":"Z016","k":"residential","h":16.9,"dh":0.0,"td":0.8,"t0":0.0,"g":0,"cbd":0,"d":3.187},"geometry":{"type":"Polygon","coordinates":[[[9.0264085,45.0208714],[9.0275631,45.0208714],[9.0275631,45.021813],[9.0264085,45.021813],[9.0264085,45.0208714]]]}},{"type":"Feature","id":"B0248","properties":{"z":"Z016","k":"park","h":0.0,"dh":0.0,"td":0.0,"t0":0.0,"g":0,"cbd":0,"d":3.206},"geometry":{"type":"Polygon","coordinates":[[[9.0243886,45.0222055],[9.0257812,45.0222055],[9.0257812,45.0231671],[9.0243886,45.0231671],[9.0243886,45.0222055]]]}},{"type":"Feature","id":"B0249","properties":{"z":"Z016","k":"residential","h":9.9,"dh":0.0,"td":0.0,"t0":0.0,"g":0,"cbd":0,"d":3.3},"geometry":{"type":"Polygon","coordinates":[[[9.0264086,45.0221681],[9.0275629,45.0221681],[9.0275629,45.0232045],[9.0264086,45.0232045],[9.0264086,45.0221681]]]}},{"type":"Feature","id":"B0250","properties":{"z":"Z016","k":"park","h":0.0,"dh":0.0,"td":0.0,"t0":0.0,"g":0,"cbd":0,"d":3.36},"geometry":{"type":"Polygon","coordinates":[[[9.0296496,45.020969],[9.0307153,45.020969],[9.0307153,45.0217153],[9.0296496,45.0217153],[9.0296496,45.020969]]]}},{"type":"Feature","id":"B0251","properties":{"z":"Z016","k":"residential","h":17.9,"dh":0.0,"td":0.0,"t0":0.0,"g":0,"cbd":0,"d":3.467},"geometry":{"type":"Polygon","coordinates":[[[9.0314522,45.020838],[9.0327143,45.020838],[9.0327143,45.0218464],[9.0314522,45.0218464],[9.0314522,45.020838]]]}},{"type":"Feature","id":"B0252","properties":{"z":"Z016","k":"park","h":0.0,"dh":0.0,"td":0.0,"t0":0.0,"g":0,"cbd":0,"d":3.467},"geometry":{"type":"Polygon","coordinates":[[[9.0295585,45.02227],[9.0308064,45.02227],[9.0308064,45.0231026],[9.0295585,45.0231026],[9.0295585,45.02227]]]}},{"type":"Feature","id":"B0253","properties":{"z":"Z016","k":"residential","h":14.3,"dh":0.0,"td":0.0,"t0":0.0,"g":0,"cbd":0,"d":3.572},"geometry":{"type":"Polygon","coordinates":[[[9.0313994,45.0221754],[9.0327671,45.0221754],[9.0327671,45.0231972],[9.0313994,45.0231972],[9.0313994,45.0221754]]]}},{"type":"Feature","id":"B0254","properties":{"z":"Z017","k":"industrial","h":10.3,"dh":0.0,"td":0.0,"t0":0.0,"g":0,"cbd":0,"d":3.365},"geometry":{"type":"Polygon","coordinates":[[[9.0339136,45.0172623],[9.0353123,45.0172623],[9.0353123,45.0182131],[9.0339136,45.0182131],[9.0339136,45.0172623]]]}},{"type":"Feature","id":"B0255","properties":{"z":"Z017","k":"park","h":0.0,"dh":0.0,"td":0.0,"t0":0.0,"g":0,"cbd":0,"d":3.487},"geometry":{"type":"Polygon","coordinates":[[[9.0358048,45.0173795],[9.0372228,45.0173795],[9.0372228,45.018096],[9.0358048,45.018096],[9.0358048,45.0173795]]]}},{"type":"Feature","id":"B0256","properties":{"z":"Z017","k":"industrial","h":11.9,"dh":0.0,"td":0.0,"t0":0.0,"g":0,"cbd":0,"d":3.455},"geometry":{"type":"Polygon","coordinates":[[[9.0340867,45.0186722],[9.0351392,45.0186722],[9.0351392,45.0194914],[9.0340867,45.0194914],[9.0340867,45.0186722]]]}},{"type":"Feature","id":"B0257","properties":{"z":"Z017","k":"industrial","h":7.7,"dh":4.5,"td":0.5,"t0":0.0,"g":0,"cbd":0,"d":3.574},"geometry":{"type":"Polygon","coordinates":[[[9.03601,45.0187268],[9.0370175,45.0187268],[9.0370175,45.0194369],[9.03601,45.0194369],[9.03601,45.0187268]]]}},{"type":"Feature","id":"B0258","properties":{"z":"Z017","k":"industrial","h":8.2,"dh":0.0,"td":0.2,"t0":0.0,"g":0,"cbd":0,"d":3.697},"geometry":{"type":"Polygon","coordinates":[[[9.0389784,45.0173511],[9.0404424,45.0173511],[9.0404424,45.0181244],[9.0389784,45.0181244],[9.0389784,45.0173511]]]}},{"type":"Feature","id":"B0259","properties":{"z":"Z017","k":"industrial","h":8.2,"dh":0.0,"td":0.1,"t0":0.0,"g":0,"cbd":0,"d":3.825},"geometry":{"type":"Polygon","coordinates":[[[9.041089,45.0172536],[9.0421335,45.0172536],[9.0421335,45.0182218],[9.041089,45.0182218],[9.041089,45.0172536]]]}},{"type":"Feature","id":"B0260","properties":{"z":"Z017","k":"industrial","h":9.6,"dh":0.0,"td":0.0,"t0":0.0,"g":0,"cbd":0,"d":3.779},"geometry":{"type":"Polygon","coordinates":[[[9.0389952,45.0186623],[9.0404257,45.0186623],[9.0404257,45.0195013],[9.0389952,45.0195013],[9.0389952,45.0186623]]]}},{"type":"Feature","id":"B0261","properties":{"z":"Z017","k":"park","h":0.0,"dh":0.0,"td":0.0,"t0":0.0,"g":0,"cbd":0,"d":3.904},"geometry":{"type":"Polygon","coordinates":[[[9.041012,45.018595],[9.0422106,45.018595],[9.0422106,45.0195686],[9.041012,45.0195686],[9.041012,45.018595]]]}},{"type":"Feature","id":"B0262","properties":{"z":"Z017","k":"industrial","h":7.3,"dh":0.0,"td":0.0,"t0":0.0,"g":0,"cbd":0,"d":3.615},"geometry":{"type":"Polygon","coordinates":[[[9.0340487,45.0208895],[9.0351772,45.0208895],[9.0351772,45.0217949],[9.0340487,45.0217949],[9.0340487,45.0208895]]]}},{"type":"Feature","id":"B0263","properties":{"z":"Z017","k":"industrial","h":11.9,"dh":0.0,"td":0.0,"t0":0.0,"g":0,"cbd":0,"d":3.729},"geometry":{"type":"Polygon","coordinates":[[[9.0358935,45.0208245],[9.0371341,45.0208245],[9.0371341,45.0218599],[9.0358935,45.0218599],[9.0358935,45.0208245]]]}},{"type":"Feature","id":"B0264","properties":{"z":"Z017","k":"industrial","h":13.1,"dh":0.0,"td":0.0,"t0":0.0,"g":0,"cbd":0,"d":3.715},"geometry":{"type":"Polygon","coordinates":[[[9.0339631,45.0221931],[9.0352628,45.0221931],[9.0352628,45.0231795],[9.0339631,45.0231795],[9.0339631,45.0221931]]]}},{"type":"Feature","id":"B0265","properties":{"z":"Z017","k":"industrial","h":16.1,"dh":0.0,"td":0.0,"t0":0.0,"g":0,"cbd":0,"d":3.826},"geometry":{"type":"Polygon","coordinates":[[[9.0358063,45.0222843],[9.0372213,45.0222843],[9.0372213,45.0230883],[9.0358063,45.0230883],[9.0358063,45.0222843]]]}},{"type":"Feature","id":"B0266","properties":{"z":"Z017","k":"industrial","h":12.0,"dh":0.0,"td":0.3,"t0":0.0,"g":0,"cbd":0,"d":3.926},"geometry":{"type":"Polygon","coordinates":[[[9.038989,45.0209664],[9.0404319,45.0209664],[9.0404319,45.021718],[9.038989,45.021718],[9.038989,45.0209664]]]}},{"type":"Feature","id":"B0267","properties":{"z":"Z017","k":"park","h":0.0,"dh":0.0,"td":0.0,"t0":0.0,"g":0,"cbd":0,"d":4.046},"geometry":{"type":"Polygon","coordinates":[[[9.0409279,45.0208521],[9.0422947,45.0208521],[9.0422947,45.0218323],[9.0409279,45.0218323],[9.0409279,45.0208521]]]}},{"type":"Feature","id":"B0268","properties":{"z":"Z017","k":"park","h":0.0,"dh":0.0,"td":0.0,"t0":0.0,"g":0,"cbd":0,"d":4.019},"geometry":{"type":"Polygon","coordinates":[[[9.0390333,45.0223013],[9.0403876,45.0223013],[9.0403876,45.0230713],[9.0390333,45.0230713],[9.0390333,45.0223013]]]}},{"type":"Feature","id":"B0269","properties":{"z":"Z017","k":"industrial","h":7.0,"dh":0.0,"td":0.0,"t0":0.0,"g":0,"cbd":0,"d":4.136},"geometry":{"type":"Polygon","coordinates":[[[9.0408981,45.0222817],[9.0423245,45.0222817],[9.0423245,45.0230908],[9.0408981,45.0230908],[9.0408981,45.0222817]]]}},{"type":"Feature","id":"B0270","properties":{"z":"Z018","k":"industrial","h":7.2,"dh":0.0,"td":0.1,"t0":0.0,"g":0,"cbd":0,"d":3.497},"geometry":{"type":"Polygon","coordinates":[[[8.957677,45.0106241],[8.9591004,45.0106241],[8.9591004,45.0113767],[8.957677,45.0113767],[8.957677,45.0106241]]]}},{"type":"Feature","id":"B0271","properties":{"z":"Z018","k":"industrial","h":16.1,"dh":0.0,"td":0.8,"t0":0.0,"g":0,"cbd":0,"d":3.357},"geometry":{"type":"Polygon","coordinates":[[[8.9596488,45.0105028],[8.9609303,45.0105028],[8.9609303,45.011498],[8.9596488,45.011498],[8.9596488,45.0105028]]]}},{"type":"Feature","id":"B0272","properties":{"z":"Z018","k":"industrial","h":15.8,"dh":0.0,"td":0.0,"t0":0.0,"g":0,"cbd":0,"d":3.552},"geometry":{"type":"Polygon","coordinates":[[[8.9578725,45.0118886],[8.958905,45.0118886],[8.958905,45.0128004],[8.9578725,45.0128004],[8.9578725,45.0118886]]]}},{"type":"Feature","id":"B0273","properties":{"z":"Z018","k":"industrial","h":11.4,"dh":0.0,"td":0.0,"t0":0.0,"g":0,"cbd":0,"d":3.415},"geometry":{"type":"Polygon","coordinates":[[[8.9596331,45.011864],[8.9609461,45.011864],[8.9609461,45.0128249],[8.9596331,45.0128249],[8.9596331,45.011864]]]}},{"type":"Feature","id":"B0274","properties":{"z":"Z018","k":"industrial","h":17.2,"dh":0.0,"td":0.0,"t0":0.0,"g":0,"cbd":0,"d":3.124},"geometry":{"type":"Polygon","coordinates":[[[8.9629489,45.010489],[8.9640235,45.010489],[8.9640235,45.0115118],[8.9629489,45.0115118],[8.9629489,45.010489]]]}},{"type":"Feature","id":"B0275","properties":{"z":"Z018","k":"park","h":0.0,"dh":0.0,"td":0.0,"t0":0.0,"g":0,"cbd":0,"d":2.987},"geometry":{"type":"Polygon","coordinates":[[[8.9647366,45.010568],[8.9660375,45.010568],[8.9660375,45.0114328],[8.9647366,45.0114328],[8.9647366,45.010568]]]}},{"type":"Feature","id":"B0276","properties":{"z":"Z018","k":"park","h":0.0,"dh":0.0,"td":0.0,"t0":0.0,"g":0,"cbd":0,"d":3.186},"geometry":{"type":"Polygon","coordinates":[[[8.9628518,45.0119078],[8.9641206,45.0119078],[8.9641206,45.0127812],[8.9628518,45.0127812],[8.9628518,45.0119078]]]}},{"type":"Feature","id":"B0277","properties":{"z":"Z018","k":"industrial","h":17.0,"dh":0.0,"td":0.0,"t0":0.0,"g":0,"cbd":0,"d":3.051},"geometry":{"type":"Polygon","coordinates":[[[8.9646839,45.0119847],[8.9660902,45.0119847],[8.9660902,45.0127042],[8.9646839,45.0127042],[8.9646839,45.0119847]]]}},{"type":"Feature","id":"B0278","properties":{"z":"Z018","k":"industrial","h":14.1,"dh":0.0,"td":0.0,"t0":0.0,"g":0,"cbd":0,"d":3.657},"geometry":{"type":"Polygon","coordinates":[[[8.957661,45.0141908],[8.9591164,45.0141908],[8.9591164,45.0150189],[8.957661,45.0150189],[8.957661,45.0141908]]]}},{"type":"Feature","id":"B0279","properties":{"z":"Z018","k":"industrial","h":17.0,"dh":0.0,"td":0.5,"t0":0.0,"g":0,"cbd":0,"d":3.523},"geometry":{"type":"Polygon","coordinates":[[[8.9596125,45.0141707],[8.9609667,45.0141707],[8.9609667,45.015039],[8.9596125,45.015039],[8.9596125,45.0141707]]]}},{"type":"Feature","id":"B0280","properties":{"z":"Z018","k":"industrial","h":11.7,"dh":2.7,"td":0.3,"t0":0.0,"g":0,"cbd":0,"d":3.726},"geometry":{"type":"Polygon","coordinates":[[[8.9578768,45.0155137],[8.9589006,45.0155137],[8.9589006,45.0163842],[8.9578768,45.0163842],[8.9578768,45.0155137]]]}},{"type":"Feature","id":"B0281","properties":{"z":"Z018","k":"park","h":0.0,"dh":0.0,"td":0.0,"t0":0.0,"g":0,"cbd":0,"d":3.595},"geometry":{"type":"Polygon","coordinates":[[[8.9596213,45.015469],[8.9609578,45.015469],[8.9609578,45.0164289],[8.9596213,45.0164289],[8.9596213,45.015469]]]}},{"type":"Feature","id":"B0282","properties":{"z":"Z018","k":"industrial","h":12.9,"dh":0.0,"td":0.0,"t0":0.0,"g":0,"cbd":0,"d":3.302},"geometry":{"type":"Polygon","coordinates":[[[8.9628784,45.0142236],[8.9640941,45.0142236],[8.9640941,45.0149861],[8.9628784,45.0149861],[8.9628784,45.0142236]]]}},{"type":"Feature","id":"B0283","properties":{"z":"Z018","k":"industrial","h":10.1,"dh":0.0,"td":0.0,"t0":0.0,"g":0,"cbd":0,"d":3.173},"geometry":{"type":"Polygon","coordinates":[[[8.9647796,45.014186],[8.9659945,45.014186],[8.9659945,45.0150237],[8.9647796,45.0150237],[8.9647796,45.014186]]]}},{"type":"Feature","id":"B0284","properties":{"z":"Z018","k":"industrial","h":16.1,"dh":0.0,"td":0.9,"t0":0.0,"g":0,"cbd":0,"d":3.378},"geometry":{"type":"Polygon","coordinates":[[[8.9628876,45.0154307],[8.9640849,45.0154307],[8.9640849,45.0164672],[8.9628876,45.0164672],[8.9628876,45.0154307]]]}},{"type":"Feature","id":"B0285","properties":{"z":"Z018","k":"industrial","h":7.4,"dh":2.8,"td":0.0,"t0":0.0,"g":0,"cbd":0,"d":3.252},"geometry":{"type":"Polygon","coordinates":[[[8.9647205,45.0155565],[8.9660536,45.0155565],[8.9660536,45.0163414],[8.9647205,45.0163414],[8.9647205,45.0155565]]]}},{"type":"Feature","id":"B0286","properties":{"z":"Z019","k":"residential","h":19.8,"dh":0.0,"td":0.0,"t0":0.0,"g":0,"cbd":0,"d":2.807},"geometry":{"type":"Polygon","coordinates":[[[8.9673532,45.0104982],[8.9684803,45.0104982],[8.9684803,45.0115026],[8.9673532,45.0115026],[8.9673532,45.0104982]]]}},{"type":"Feature","id":"B0287","properties":{"z":"Z019","k":"residential","h":18.3,"dh":0.0,"td":0.0,"t0":0.0,"g":0,"cbd":0,"d":2.673},"geometry":{"type":"Polygon","coordinates":[[[8.9692399,45.0105821],[8.9703952,45.0105821],[8.9703952,45.0114186],[8.9692399,45.0114186],[8.9692399,45.0105821]]]}},{"type":"Feature","id":"B0288","properties":{"z":"Z019","k":"residential","h":19.1,"dh":11.6,"td":0.0,"t0":0.0,"g":0,"cbd":0,"d":2.875},"geometry":{"type":"Polygon","coordinates":[[[8.9672922,45.0119542],[8.9685412,45.0119542],[8.9685412,45.0127348],[8.9672922,45.0127348],[8.9672922,45.0119542]]]}},{"type":"Feature","id":"B0289","properties":{"z":"Z019","k":"residential","h":13.0,"dh":0.0,"td":0.0,"t0":0.0,"g":0,"cbd":0,"d":2.745},"geometry":{"type":"Polygon","coordinates":[[[8.9691984,45.0119836],[8.9704368,45.0119836],[8.9704368,45.0127054],[8.9691984,45.0127054],[8.9691984,45.0119836]]]}},{"type":"Feature","id":"B0290","properties":{"z":"Z019","k":"residential","h":12.1,"dh":0.0,"td":1.9,"t0":0.0,"g":0,"cbd":0,"d":2.452},"geometry":{"type":"Polygon","coordinates":[[[8.9723844,45.0105559],[8.9736441,45.0105559],[8.9736441,45.0114448],[8.9723844,45.0114448],[8.9723844,45.0105559]]]}},{"type":"Feature","id":"B0291","properties":{"z":"Z019","k":"residential","h":11.0,"dh":0.0,"td":0.0,"t0":0.0,"g":0,"cbd":0,"d":2.323},"geometry":{"type":"Polygon","coordinates":[[[8.9743782,45.0105628],[8.9754519,45.0105628],[8.9754519,45.0114379],[8.9743782,45.0114379],[8.9743782,45.0105628]]]}},{"type":"Feature","id":"B0292","properties":{"z":"Z019","k":"residential","h":19.0,"dh":0.0,"td":0.0,"t0":0.0,"g":0,"cbd":0,"d":2.53},"geometry":{"type":"Polygon","coordinates":[[[8.9722991,45.0119765],[8.9737294,45.0119765],[8.9737294,45.0127124],[8.9722991,45.0127124],[8.9722991,45.0119765]]]}},{"type":"Feature","id":"B0293","properties":{"z":"Z019","k":"park","h":0.0,"dh":0.0,"td":0.0,"t0":0.0,"g":0,"cbd":0,"d":2.406},"geometry":{"type":"Polygon","coordinates":[[[8.9743925,45.011826],[8.9754377,45.011826],[8.9754377,45.012863],[8.9743925,45.012863],[8.9743925,45.011826]]]}},{"type":"Feature","id":"B0294","properties":{"z":"Z019","k":"residential","h":17.2,"dh":0.0,"td":0.0,"t0":0.0,"g":0,"cbd":0,"d":3.004},"geometry":{"type":"Polygon","coordinates":[[[8.9673132,45.0141669],[8.9685202,45.0141669],[8.9685202,45.0150428],[8.9673132,45.0150428],[8.9673132,45.0141669]]]}},{"type":"Feature","id":"B0295","properties":{"z":"Z019","k":"residential","h":15.1,"dh":0.0,"td":0.0,"t0":0.0,"g":0,"cbd":0,"d":2.879},"geometry":{"type":"Polygon","coordinates":[[[8.9692422,45.0141491],[8.9703929,45.0141491],[8.9703929,45.0150606],[8.9692422,45.0150606],[8.9692422,45.0141491]]]}},{"type":"Feature","id":"B0296","properties":{"z":"Z019","k":"residential","h":14.5,"dh":0.0,"td":0.0,"t0":0.0,"g":0,"cbd":0,"d":3.087},"geometry":{"type":"Polygon","coordinates":[[[8.9672042,45.0154907],[8.9686293,45.0154907],[8.9686293,45.0164072],[8.9672042,45.0164072],[8.9672042,45.0154907]]]}},{"type":"Feature","id":"B0297","properties":{"z":"Z019","k":"residential","h":11.9,"dh":0.0,"td":1.1,"t0":0.0,"g":0,"cbd":0,"d":2.966},"geometry":{"type":"Polygon","coordinates":[[[8.9691849,45.0155321],[8.9704503,45.0155321],[8.9704503,45.0163658],[8.9691849,45.0163658],[8.9691849,45.0155321]]]}},{"type":"Feature","id":"B0298","properties":{"z":"Z019","k":"park","h":0.0,"dh":0.0,"td":0.0,"t0":0.0,"g":0,"cbd":0,"d":2.675},"geometry":{"type":"Polygon","coordinates":[[[8.9724719,45.0141695],[8.9735566,45.0141695],[8.9735566,45.0150403],[8.9724719,45.0150403],[8.9724719,45.0141695]]]}},{"type":"Feature","id":"B0299","properties":{"z":"Z019","k":"residential","h":20.8,"dh":6.8,"td":0.0,"t0":0.0,"g":0,"cbd":0,"d":2.558},"geometry":{"type":"Polygon","coordinates":[[[8.9743887,45.0141988],[8.9754414,45.0141988],[8.9754414,45.0150109],[8.9743887,45.0150109],[8.9743887,45.0141988]]]}},{"type":"Feature","id":"B0300","properties":{"z":"Z019","k":"residential","h":15.7,"dh":0.0,"td":0.0,"t0":0.0,"g":0,"cbd":0,"d":2.768},"geometry":{"type":"Polygon","coordinates":[[[8.9723967,45.0154598],[8.9736318,45.0154598],[8.9736318,45.0164381],[8.9723967,45.0164381],[8.9723967,45.0154598]]]}},{"type":"Feature","id":"B0301","properties":{"z":"Z019","k":"residential","h":20.8,"dh":0.0,"td":0.0,"t0":3.28,"g":0,"cbd":0,"d":2.655},"geometry":{"type":"Polygon","coordinates":[[[8.9741892,45.0154968],[8.9756409,45.0154968],[8.9756409,45.0164011],[8.9741892,45.0164011],[8.9741892,45.0154968]]]}},{"type":"Feature","id":"B0302","properties":{"z":"Z020","k":"mixed","h":22.4,"dh":0.0,"td":0.0,"t0":0.0,"g":0,"cbd":0,"d":2.157},"geometry":{"type":"Polygon","coordinates":[[[8.9768654,45.0105127],[8.9780241,45.0105127],[8.9780241,45.0114881],[8.9768654,45.0114881],[8.9768654,45.0105127]]]}},{"type":"Feature","id":"B0303","properties":{"z":"Z020","k":"mixed","h":15.8,"dh":4.0,"td":0.0,"t0":0.0,"g":0,"cbd":0,"d":2.035},"geometry":{"type":"Polygon","coordinates":[[[8.9787443,45.0105482],[8.9799469,45.0105482],[8.9799469,45.0114526],[8.9787443,45.0114526],[8.9787443,45.0105482]]]}},{"type":"Feature","id":"B0304","properties":{"z":"Z020","k":"lowrise","h":11.5,"dh":0.0,"td":0.0,"t0":0.0,"g":1,"cbd":0,"d":2.245},"geometry":{"type":"Polygon","coordinates":[[[8.9769017,45.0119257],[8.9779878,45.0119257],[8.9779878,45.0127633],[8.9769017,45.0127633],[8.9769017,45.0119257]]]}},{"type":"Feature","id":"B0305","properties":{"z":"Z020","k":"mixed","h":23.3,"dh":0.0,"td":5.5,"t0":0.0,"g":0,"cbd":0,"d":2.129},"geometry":{"type":"Polygon","coordinates":[[[8.9786723,45.0118407],[8.980019,45.0118407],[8.980019,45.0128483],[8.9786723,45.0128483],[8.9786723,45.0118407]]]}},{"type":"Feature","id":"B0306","properties":{"z":"Z020","k":"office","h":52.1,"dh":0.0,"td":16.1,"t0":7.98,"g":0,"cbd":0,"d":1.841},"geometry":{"type":"Polygon","coordinates":[[[8.9819429,45.010639],[8.9831416,45.010639],[8.9831416,45.0113618],[8.9819429,45.0113618],[8.9819429,45.010639]]]}},{"type":"Feature","id":"B0307","properties":{"z":"Z020","k":"mixed","h":41.3,"dh":0.0,"td":0.0,"t0":0.0,"g":0,"cbd":0,"d":1.732},"geometry":{"type":"Polygon","coordinates":[[[8.9838984,45.0105304],[8.9849879,45.0105304],[8.9849879,45.0114704],[8.9838984,45.0114704],[8.9838984,45.0105304]]]}},{"type":"Feature","id":"B0308","properties":{"z":"Z020","k":"mixed","h":32.7,"dh":0.0,"td":5.5,"t0":0.0,"g":0,"cbd":0,"d":1.943},"geometry":{"type":"Polygon","coordinates":[[[8.9819747,45.0118609],[8.9831098,45.0118609],[8.9831098,45.0128281],[8.9819747,45.0128281],[8.9819747,45.0118609]]]}},{"type":"Feature","id":"B0309","properties":{"z":"Z020","k":"lowrise","h":9.5,"dh":0.0,"td":0.0,"t0":0.0,"g":1,"cbd":0,"d":1.841},"geometry":{"type":"Polygon","coordinates":[[[8.983751,45.011985],[8.9851352,45.011985],[8.9851352,45.0127039],[8.983751,45.0127039],[8.983751,45.011985]]]}},{"type":"Feature","id":"B0310","properties":{"z":"Z020","k":"lowrise","h":5.3,"dh":0.0,"td":0.0,"t0":0.0,"g":1,"cbd":0,"d":2.407},"geometry":{"type":"Polygon","coordinates":[[[8.9767912,45.0141251],[8.9780983,45.0141251],[8.9780983,45.0150846],[8.9767912,45.0150846],[8.9767912,45.0141251]]]}},{"type":"Feature","id":"B0311","properties":{"z":"Z020","k":"mixed","h":19.0,"dh":6.9,"td":0.0,"t0":0.0,"g":0,"cbd":0,"d":2.299},"geometry":{"type":"Polygon","coordinates":[[[8.978673,45.0142228],[8.9800182,45.0142228],[8.9800182,45.0149869],[8.978673,45.0149869],[8.978673,45.0142228]]]}},{"type":"Feature","id":"B0312","properties":{"z":"Z020","k":"mixed","h":26.5,"dh":0.0,"td":3.6,"t0":0.0,"g":0,"cbd":0,"d":2.511},"geometry":{"type":"Polygon","coordinates":[[[8.9767973,45.0155873],[8.9780923,45.0155873],[8.9780923,45.0163106],[8.9767973,45.0163106],[8.9767973,45.0155873]]]}},{"type":"Feature","id":"B0313","properties":{"z":"Z020","k":"mixed","h":17.0,"dh":0.0,"td":0.0,"t0":0.0,"g":0,"cbd":0,"d":2.407},"geometry":{"type":"Polygon","coordinates":[[[8.9786709,45.0155776],[8.9800203,45.0155776],[8.9800203,45.0163203],[8.9786709,45.0163203],[8.9786709,45.0155776]]]}},{"type":"Feature","id":"B0314","properties":{"z":"Z020","k":"mixed","h":17.2,"dh":0.0,"td":0.0,"t0":0.0,"g":0,"cbd":0,"d":2.129},"geometry":{"type":"Polygon","coordinates":[[[8.9818353,45.0141695],[8.9832493,45.0141695],[8.9832493,45.0150402],[8.9818353,45.0150402],[8.9818353,45.0141695]]]}},{"type":"Feature","id":"B0315","properties":{"z":"Z020","k":"park","h":0.0,"dh":0.0,"td":0.0,"t0":0.0,"g":0,"cbd":0,"d":2.035},"geometry":{"type":"Polygon","coordinates":[[[8.9837801,45.0141491],[8.9851061,45.0141491],[8.9851061,45.0150606],[8.9837801,45.0150606],[8.9837801,45.0141491]]]}},{"type":"Feature","id":"B0316","properties":{"z":"Z020","k":"lowrise","h":9.8,"dh":0.0,"td":0.0,"t0":0.0,"g":1,"cbd":0,"d":2.245},"geometry":{"type":"Polygon","coordinates":[[[8.981848,45.0155696],[8.9832366,45.0155696],[8.9832366,45.0163283],[8.981848,45.0163283],[8.981848,45.0155696]]]}},{"type":"Feature","id":"B0317","properties":{"z":"Z020","k":"mixed","h":17.2,"dh":0.0,"td":0.0,"t0":0.0,"g":0,"cbd":0,"d":2.157},"geometry":{"type":"Polygon","coordinates":[[[8.9837604,45.0154496],[8.9851259,45.0154496],[8.9851259,45.0164483],[8.9837604,45.0164483],[8.9837604,45.0154496]]]}},{"type":"Feature","id":"B0318","properties":{"z":"Z021","k":"mixed","h":19.3,"dh":0.0,"td":0.0,"t0":0.0,"g":0,"cbd":0,"d":1.597},"geometry":{"type":"Polygon","coordinates":[[[8.9864387,45.010502],[8.9875069,45.010502],[8.9875069,45.0114988],[8.9864387,45.0114988],[8.9864387,45.010502]]]}},{"type":"Feature","id":"B0319","properties":{"z":"Z021","k":"office","h":48.4,"dh":0.0,"td":19.5,"t0":0.0,"g":0,"cbd":0,"d":1.506},"geometry":{"type":"Polygon","coordinates":[[[8.9882922,45.0105959],[8.9894551,45.0105959],[8.9894551,45.0114049],[8.9882922,45.0114049],[8.9882922,45.0105959]]]}},{"type":"Feature","id":"B0320","properties":{"z":"Z021","k":"park","h":0.0,"dh":0.0,"td":0.0,"t0":0.0,"g":0,"cbd":0,"d":1.715},"geometry":{"type":"Polygon","coordinates":[[[8.9864089,45.0119422],[8.9875367,45.0119422],[8.9875367,45.0127468],[8.9864089,45.0127468],[8.9864089,45.0119422]]]}},{"type":"Feature","id":"B0321","properties":{"z":"Z021","k":"mixed","h":42.4,"dh":0.0,"td":14.7,"t0":3.33,"g":0,"cbd":0,"d":1.63},"geometry":{"type":"Polygon","coordinates":[[[8.9881473,45.011851],[8.9896,45.011851],[8.9896,45.0128379],[8.9881473,45.0128379],[8.9881473,45.011851]]]}},{"type":"Feature","id":"B0322","properties":{"z":"Z021","k":"mixed","h":40.3,"dh":26.2,"td":0.0,"t0":0.0,"g":0,"cbd":0,"d":1.374},"geometry":{"type":"Polygon","coordinates":[[[8.991468,45.0105988],[8.9926726,45.0105988],[8.9926726,45.011402],[8.991468,45.011402],[8.991468,45.0105988]]]}},{"type":"Feature","id":"B0323","properties":{"z":"Z021","k":"lowrise","h":7.1,"dh":0.0,"td":0.0,"t0":0.0,"g":1,"cbd":0,"d":1.313},"geometry":{"type":"Polygon","coordinates":[[[8.9933024,45.0104872],[8.9946399,45.0104872],[8.9946399,45.0115135],[8.9933024,45.0115135],[8.9933024,45.0104872]]]}},{"type":"Feature","id":"B0324","properties":{"z":"Z021","k":"mixed","h":44.9,"dh":32.3,"td":0.0,"t0":0.0,"g":0,"cbd":0,"d":1.509},"geometry":{"type":"Polygon","coordinates":[[[8.9913547,45.0119392],[8.9927859,45.0119392],[8.9927859,45.0127497],[8.9913547,45.0127497],[8.9913547,45.0119392]]]}},{"type":"Feature","id":"B0325","properties":{"z":"Z021","k":"office","h":50.7,"dh":28.8,"td":0.0,"t0":0.0,"g":0,"cbd":0,"d":1.454},"geometry":{"type":"Polygon","coordinates":[[[8.9934532,45.0119387],[8.9944891,45.0119387],[8.9944891,45.0127502],[8.9934532,45.0127502],[8.9934532,45.0119387]]]}},{"type":"Feature","id":"B0326","properties":{"z":"Z021","k":"lowrise","h":11.0,"dh":0.0,"td":0.0,"t0":0.0,"g":0,"cbd":0,"d":1.922},"geometry":{"type":"Polygon","coordinates":[[[8.9863569,45.0142382],[8.9875887,45.0142382],[8.9875887,45.0149715],[8.9863569,45.0149715],[8.9863569,45.0142382]]]}},{"type":"Feature","id":"B0327","properties":{"z":"Z021","k":"mixed","h":15.9,"dh":0.0,"td":2.1,"t0":0.0,"g":0,"cbd":0,"d":1.847},"geometry":{"type":"Polygon","coordinates":[[[8.9882871,45.0141746],[8.9894602,45.0141746],[8.9894602,45.0150351],[8.9882871,45.0150351],[8.9882871,45.0141746]]]}},{"type":"Feature","id":"B0328","properties":{"z":"Z021","k":"mixed","h":17.4,"dh":0.0,"td":0.0,"t0":0.0,"g":0,"cbd":0,"d":2.05},"geometry":{"type":"Polygon","coordinates":[[[8.9864026,45.0155397],[8.9875431,45.0155397],[8.9875431,45.0163582],[8.9864026,45.0163582],[8.9864026,45.0155397]]]}},{"type":"Feature","id":"B0329","properties":{"z":"Z021","k":"mixed","h":25.1,"dh":0.0,"td":0.0,"t0":0.0,"g":0,"cbd":0,"d":1.98},"geometry":{"type":"Polygon","coordinates":[[[8.988208,45.0155751],[8.9895393,45.0155751],[8.9895393,45.0163228],[8.988208,45.0163228],[8.988208,45.0155751]]]}},{"type":"Feature","id":"B0330","properties":{"z":"Z021","k":"mixed","h":27.9,"dh":9.0,"td":0.0,"t0":0.0,"g":0,"cbd":0,"d":1.742},"geometry":{"type":"Polygon","coordinates":[[[8.9913742,45.0141949],[8.9927664,45.0141949],[8.9927664,45.0150148],[8.9913742,45.0150148],[8.9913742,45.0141949]]]}},{"type":"Feature","id":"B0331","properties":{"z":"Z021","k":"mixed","h":22.0,"dh":7.6,"td":0.0,"t0":0.0,"g":0,"cbd":0,"d":1.694},"geometry":{"type":"Polygon","coordinates":[[[8.9932837,45.0140946],[8.9946586,45.0140946],[8.9946586,45.0151151],[8.9932837,45.0151151],[8.9932837,45.0140946]]]}},{"type":"Feature","id":"B0332","properties":{"z":"Z021","k":"park","h":0.0,"dh":0.0,"td":0.0,"t0":0.0,"g":0,"cbd":0,"d":1.882},"geometry":{"type":"Polygon","coordinates":[[[8.9914195,45.0154565],[8.9927211,45.0154565],[8.9927211,45.0164414],[8.9914195,45.0164414],[8.9914195,45.0154565]]]}},{"type":"Feature","id":"B0333","properties":{"z":"Z021","k":"mixed","h":16.6,"dh":0.0,"td":3.6,"t0":0.0,"g":0,"cbd":0,"d":1.838},"geometry":{"type":"Polygon","coordinates":[[[8.9932379,45.0155929],[8.9947044,45.0155929],[8.9947044,45.016305],[8.9932379,45.016305],[8.9932379,45.0155929]]]}},{"type":"Feature","id":"B0334","properties":{"z":"Z022","k":"mixed","h":27.3,"dh":0.0,"td":0.0,"t0":0.0,"g":0,"cbd":0,"d":1.255},"geometry":{"type":"Polygon","coordinates":[[[8.9958667,45.0105115],[8.9971349,45.0105115],[8.9971349,45.0114892],[8.9958667,45.0114892],[8.9958667,45.0105115]]]}},{"type":"Feature","id":"B0335","properties":{"z":"Z022","k":"lowrise","h":11.6,"dh":0.0,"td":0.0,"t0":0.0,"g":1,"cbd":0,"d":1.231},"geometry":{"type":"Polygon","coordinates":[[[8.9978187,45.0105217],[8.9989847,45.0105217],[8.9989847,45.011479],[8.9978187,45.011479],[8.9978187,45.0105217]]]}},{"type":"Feature","id":"B0336","properties":{"z":"Z022","k":"office","h":53.8,"dh":0.0,"td":0.0,"t0":0.0,"g":0,"cbd":0,"d":1.402},"geometry":{"type":"Polygon","coordinates":[[[8.995982,45.0118521],[8.9970196,45.0118521],[8.9970196,45.0128369],[8.995982,45.0128369],[8.995982,45.0118521]]]}},{"type":"Feature","id":"B0337","properties":{"z":"Z022","k":"mixed","h":37.5,"dh":18.4,"td":0.0,"t0":0.0,"g":0,"cbd":0,"d":1.38},"geometry":{"type":"Polygon","coordinates":[[[8.9977409,45.0118852],[8.9990625,45.0118852],[8.9990625,45.0128037],[8.9977409,45.0128037],[8.9977409,45.0118852]]]}},{"type":"Feature","id":"B0338","properties":{"z":"Z022","k":"office","h":70.6,"dh":23.3,"td":0.0,"t0":0.0,"g":0,"cbd":0,"d":1.231},"geometry":{"type":"Polygon","coordinates":[[[9.0010545,45.0105969],[9.0021422,45.0105969],[9.0021422,45.0114038],[9.0010545,45.0114038],[9.0010545,45.0105969]]]}},{"type":"Feature","id":"B0339","properties":{"z":"Z022","k":"office","h":66.2,"dh":0.0,"td":26.8,"t0":1.3,"g":0,"cbd":0,"d":1.255},"geometry":{"type":"Polygon","coordinates":[[[9.0027822,45.010594],[9.0042161,45.010594],[9.0042161,45.0114068],[9.0027822,45.0114068],[9.0027822,45.010594]]]}},{"type":"Feature","id":"B0340","properties":{"z":"Z022","k":"office","h":53.5,"dh":0.0,"td":0.0,"t0":0.0,"g":0,"cbd":0,"d":1.38},"geometry":{"type":"Polygon","coordinates":[[[9.0008632,45.0119634],[9.0023334,45.0119634],[9.0023334,45.0127256],[9.0008632,45.0127256],[9.0008632,45.0119634]]]}},{"type":"Feature","id":"B0341","properties":{"z":"Z022","k":"office","h":47.7,"dh":0.0,"td":13.4,"t0":0.0,"g":0,"cbd":0,"d":1.402},"geometry":{"type":"Polygon","coordinates":[[[9.002862,45.0118803],[9.0041363,45.0118803],[9.0041363,45.0128087],[9.002862,45.0128087],[9.002862,45.0118803]]]}},{"type":"Feature","id":"B0342","properties":{"z":"Z022","k":"mixed","h":19.9,"dh":0.0,"td":0.0,"t0":0.0,"g":0,"cbd":0,"d":1.649},"geometry":{"type":"Polygon","coordinates":[[[8.995897,45.0141422],[8.9971047,45.0141422],[8.9971047,45.0150675],[8.995897,45.0150675],[8.995897,45.0141422]]]}},{"type":"Feature","id":"B0343","properties":{"z":"Z022","k":"office","h":56.1,"dh":0.0,"td":15.4,"t0":6.07,"g":0,"cbd":0,"d":1.631},"geometry":{"type":"Polygon","coordinates":[[[8.9978685,45.0142459],[8.9989348,45.0142459],[8.9989348,45.0149638],[8.9978685,45.0149638],[8.9978685,45.0142459]]]}},{"type":"Feature","id":"B0344","properties":{"z":"Z022","k":"mixed","h":22.5,"dh":5.9,"td":0.0,"t0":0.0,"g":0,"cbd":0,"d":1.797},"geometry":{"type":"Polygon","coordinates":[[[8.9959881,45.0155083],[8.9970135,45.0155083],[8.9970135,45.0163896],[8.9959881,45.0163896],[8.9959881,45.0155083]]]}},{"type":"Feature","id":"B0345","properties":{"z":"Z022","k":"mixed","h":24.7,"dh":0.0,"td":0.0,"t0":0.0,"g":0,"cbd":0,"d":1.78},"geometry":{"type":"Polygon","coordinates":[[[8.9977706,45.0154428],[8.9990327,45.0154428],[8.9990327,45.0164551],[8.9977706,45.0164551],[8.9977706,45.0154428]]]}},{"type":"Feature","id":"B0346","properties":{"z":"Z022","k":"mixed","h":43.6,"dh":0.0,"td":6.4,"t0":0.0,"g":0,"cbd":0,"d":1.631},"geometry":{"type":"Polygon","coordinates":[[[9.0009554,45.0141035],[9.0022413,45.0141035],[9.0022413,45.0151062],[9.0009554,45.0151062],[9.0009554,45.0141035]]]}},{"type":"Feature","id":"B0347","properties":{"z":"Z022","k":"lowrise","h":9.9,"dh":0.0,"td":0.0,"t0":0.0,"g":1,"cbd":0,"d":1.649},"geometry":{"type":"Polygon","coordinates":[[[9.0028877,45.0141262],[9.0041107,45.0141262],[9.0041107,45.0150835],[9.0028877,45.0150835],[9.0028877,45.0141262]]]}},{"type":"Feature","id":"B0348","properties":{"z":"Z022","k":"mixed","h":37.1,"dh":0.0,"td":12.8,"t0":0.0,"g":0,"cbd":0,"d":1.78},"geometry":{"type":"Polygon","coordinates":[[[9.0009581,45.0154409],[9.0022386,45.0154409],[9.0022386,45.016457],[9.0009581,45.016457],[9.0009581,45.0154409]]]}},{"type":"Feature","id":"B0349","properties":{"z":"Z022","k":"lowrise","h":13.2,"dh":0.0,"td":0.0,"t0":0.0,"g":1,"cbd":0,"d":1.797},"geometry":{"type":"Polygon","coordinates":[[[9.0029323,45.0154456],[9.004066,45.0154456],[9.004066,45.0164523],[9.0029323,45.0164523],[9.0029323,45.0154456]]]}},{"type":"Feature","id":"B0350","properties":{"z":"Z023","k":"mixed","h":39.0,"dh":0.0,"td":0.0,"t0":0.0,"g":0,"cbd":0,"d":1.506},"geometry":{"type":"Polygon","coordinates":[[[9.0105986,45.010583],[9.0116541,45.010583],[9.0116541,45.0114178],[9.0105986,45.0114178],[9.0105986,45.010583]]]}},{"type":"Feature","id":"B0351","properties":{"z":"Z023","k":"lowrise","h":8.2,"dh":0.0,"td":0.0,"t0":0.0,"g":1,"cbd":0,"d":1.597},"geometry":{"type":"Polygon","coordinates":[[[9.0123714,45.0106065],[9.013683,45.0106065],[9.013683,45.0113942],[9.0123714,45.0113942],[9.0123714,45.0106065]]]}},{"type":"Feature","id":"B0352","properties":{"z":"Z023","k":"mixed","h":41.1,"dh":0.0,"td":0.0,"t0":0.0,"g":0,"cbd":0,"d":1.715},"geometry":{"type":"Polygon","coordinates":[[[9.0124199,45.0119572],[9.0136345,45.0119572],[9.0136345,45.0127318],[9.0124199,45.0127318],[9.0124199,45.0119572]]]}},{"type":"Feature","id":"B0353","properties":{"z":"Z023","k":"lowrise","h":11.8,"dh":0.0,"td":0.0,"t0":0.0,"g":1,"cbd":0,"d":1.694},"geometry":{"type":"Polygon","coordinates":[[[9.0054893,45.0141808],[9.0065684,45.0141808],[9.0065684,45.0150289],[9.0054893,45.0150289],[9.0054893,45.0141808]]]}},{"type":"Feature","id":"B0354","properties":{"z":"Z023","k":"lowrise","h":7.9,"dh":0.0,"td":0.0,"t0":0.0,"g":1,"cbd":0,"d":1.838},"geometry":{"type":"Polygon","coordinates":[[[9.0054192,45.0155428],[9.0066386,45.0155428],[9.0066386,45.0163551],[9.0054192,45.0163551],[9.0054192,45.0155428]]]}},{"type":"Feature","id":"B0355","properties":{"z":"Z023","k":"mixed","h":29.7,"dh":19.5,"td":0.0,"t0":0.0,"g":0,"cbd":0,"d":1.882},"geometry":{"type":"Polygon","coordinates":[[[9.0072022,45.0154589],[9.0086572,45.0154589],[9.0086572,45.016439],[9.0072022,45.016439],[9.0072022,45.0154589]]]}},{"type":"Feature","id":"B0356","properties":{"z":"Z023","k":"office","h":45.6,"dh":0.0,"td":0.0,"t0":2.27,"g":0,"cbd":0,"d":1.922},"geometry":{"type":"Polygon","coordinates":[[[9.0123092,45.0141391],[9.0137452,45.0141391],[9.0137452,45.0150706],[9.0123092,45.0150706],[9.0123092,45.0141391]]]}},{"type":"Feature","id":"B0357","properties":{"z":"Z024","k":"park","h":0.0,"dh":0.0,"td":0.0,"t0":0.0,"g":0,"cbd":0,"d":1.732},"geometry":{"type":"Polygon","coordinates":[[[9.0149567,45.0105354],[9.0161571,45.0105354],[9.0161571,45.0114654],[9.0149567,45.0114654],[9.0149567,45.0105354]]]}},{"type":"Feature","id":"B0358","properties":{"z":"Z024","k":"park","h":0.0,"dh":0.0,"td":0.0,"t0":0.0,"g":0,"cbd":0,"d":1.841},"geometry":{"type":"Polygon","coordinates":[[[9.0168295,45.0106434],[9.0180859,45.0106434],[9.0180859,45.0113574],[9.0168295,45.0113574],[9.0168295,45.0106434]]]}},{"type":"Feature","id":"B0359","properties":{"z":"Z024","k":"mixed","h":21.1,"dh":0.0,"td":0.0,"t0":0.0,"g":0,"cbd":0,"d":1.841},"geometry":{"type":"Polygon","coordinates":[[[9.0148553,45.0119353],[9.0162585,45.0119353],[9.0162585,45.0127537],[9.0148553,45.0127537],[9.0148553,45.0119353]]]}},{"type":"Feature","id":"B0360","properties":{"z":"Z024","k":"park","h":0.0,"dh":0.0,"td":0.0,"t0":0.0,"g":0,"cbd":0,"d":1.943},"geometry":{"type":"Polygon","coordinates":[[[9.016946,45.0119885],[9.0179695,45.0119885],[9.0179695,45.0127005],[9.016946,45.0127005],[9.016946,45.0119885]]]}},{"type":"Feature","id":"B0361","properties":{"z":"Z024","k":"mixed","h":28.6,"dh":0.0,"td":6.9,"t0":0.0,"g":0,"cbd":0,"d":2.035},"geometry":{"type":"Polygon","coordinates":[[[9.0200499,45.0106077],[9.0212589,45.0106077],[9.0212589,45.011393],[9.0200499,45.011393],[9.0200499,45.0106077]]]}},{"type":"Feature","id":"B0362","properties":{"z":"Z024","k":"mixed","h":17.6,"dh":0.0,"td":0.0,"t0":0.0,"g":0,"cbd":0,"d":2.157},"geometry":{"type":"Polygon","coordinates":[[[9.0220238,45.0106355],[9.0230867,45.0106355],[9.0230867,45.0113653],[9.0220238,45.0113653],[9.0220238,45.0106355]]]}},{"type":"Feature","id":"B0363","properties":{"z":"Z024","k":"mixed","h":13.1,"dh":0.0,"td":0.0,"t0":0.0,"g":0,"cbd":0,"d":2.129},"geometry":{"type":"Polygon","coordinates":[[[9.0200007,45.0119154],[9.0213081,45.0119154],[9.0213081,45.0127736],[9.0200007,45.0127736],[9.0200007,45.0119154]]]}},{"type":"Feature","id":"B0364","properties":{"z":"Z024","k":"lowrise","h":5.1,"dh":0.0,"td":0.0,"t0":0.0,"g":1,"cbd":0,"d":2.245},"geometry":{"type":"Polygon","coordinates":[[[9.0219055,45.0118645],[9.023205,45.0118645],[9.023205,45.0128244],[9.0219055,45.0128244],[9.0219055,45.0118645]]]}},{"type":"Feature","id":"B0365","properties":{"z":"Z024","k":"park","h":0.0,"dh":0.0,"td":0.0,"t0":0.0,"g":0,"cbd":0,"d":2.035},"geometry":{"type":"Polygon","coordinates":[[[9.0148919,45.0141126],[9.0162218,45.0141126],[9.0162218,45.0150972],[9.0148919,45.0150972],[9.0148919,45.0141126]]]}},{"type":"Feature","id":"B0366","properties":{"z":"Z024","k":"mixed","h":22.7,"dh":0.0,"td":0.0,"t0":0.0,"g":0,"cbd":0,"d":2.129},"geometry":{"type":"Polygon","coordinates":[[[9.0167926,45.0141357],[9.0181229,45.0141357],[9.0181229,45.015074],[9.0167926,45.015074],[9.0167926,45.0141357]]]}},{"type":"Feature","id":"B0367","properties":{"z":"Z024","k":"mixed","h":30.7,"dh":0.0,"td":0.0,"t0":0.0,"g":0,"cbd":0,"d":2.157},"geometry":{"type":"Polygon","coordinates":[[[9.0148399,45.0154583],[9.0162739,45.0154583],[9.0162739,45.0164396],[9.0148399,45.0164396],[9.0148399,45.0154583]]]}},{"type":"Feature","id":"B0368","properties":{"z":"Z024","k":"mixed","h":20.9,"dh":0.0,"td":0.0,"t0":2.23,"g":0,"cbd":0,"d":2.245},"geometry":{"type":"Polygon","coordinates":[[[9.0167378,45.0155089],[9.0181776,45.0155089],[9.0181776,45.016389],[9.0167378,45.016389],[9.0167378,45.0155089]]]}},{"type":"Feature","id":"B0369","properties":{"z":"Z024","k":"mixed","h":21.9,"dh":0.0,"td":0.0,"t0":0.0,"g":0,"cbd":0,"d":2.299},"geometry":{"type":"Polygon","coordinates":[[[9.0199697,45.0141507],[9.021339,45.0141507],[9.021339,45.015059],[9.0199697,45.015059],[9.0199697,45.0141507]]]}},{"type":"Feature","id":"B0370","properties":{"z":"Z024","k":"park","h":0.0,"dh":0.0,"td":0.0,"t0":0.0,"g":0,"cbd":0,"d":2.407},"geometry":{"type":"Polygon","coordinates":[[[9.0220449,45.0141841],[9.0230655,45.0141841],[9.0230655,45.0150256],[9.0220449,45.0150256],[9.0220449,45.0141841]]]}},{"type":"Feature","id":"B0371","properties":{"z":"Z024","k":"lowrise","h":9.6,"dh":0.0,"td":0.0,"t0":0.0,"g":1,"cbd":0,"d":2.407},"geometry":{"type":"Polygon","coordinates":[[[9.0201081,45.0155736],[9.0212006,45.0155736],[9.0212006,45.0163243],[9.0201081,45.0163243],[9.0201081,45.0155736]]]}},{"type":"Feature","id":"B0372","properties":{"z":"Z024","k":"mixed","h":17.2,"dh":6.9,"td":3.1,"t0":0.0,"g":0,"cbd":0,"d":2.511},"geometry":{"type":"Polygon","coordinates":[[[9.021896,45.0155527],[9.0232145,45.0155527],[9.0232145,45.0163452],[9.021896,45.0163452],[9.021896,45.0155527]]]}},{"type":"Feature","id":"B0373","properties":{"z":"Z025","k":"residential","h":18.4,"dh":0.0,"td":0.0,"t0":7.94,"g":0,"cbd":0,"d":2.323},"geometry":{"type":"Polygon","coordinates":[[[9.0244275,45.010562],[9.0257424,45.010562],[9.0257424,45.0114388],[9.0244275,45.0114388],[9.0244275,45.010562]]]}},{"type":"Feature","id":"B0374","properties":{"z":"Z025","k":"residential","h":12.5,"dh":7.7,"td":3.2,"t0":0.0,"g":0,"cbd":0,"d":2.452},"geometry":{"type":"Polygon","coordinates":[[[9.0262631,45.0105818],[9.0277084,45.0105818],[9.0277084,45.011419],[9.0262631,45.011419],[9.0262631,45.0105818]]]}},{"type":"Feature","id":"B0375","properties":{"z":"Z025","k":"residential","h":15.7,"dh":0.0,"td":0.0,"t0":0.0,"g":0,"cbd":0,"d":2.406},"geometry":{"type":"Polygon","coordinates":[[[9.0244482,45.0119134],[9.0257216,45.0119134],[9.0257216,45.0127756],[9.0244482,45.0127756],[9.0244482,45.0119134]]]}},{"type":"Feature","id":"B0376","properties":{"z":"Z025","k":"residential","h":18.2,"dh":0.0,"td":0.0,"t0":0.0,"g":0,"cbd":0,"d":2.53},"geometry":{"type":"Polygon","coordinates":[[[9.0263104,45.011942],[9.0276612,45.011942],[9.0276612,45.012747],[9.0263104,45.012747],[9.0263104,45.011942]]]}},{"type":"Feature","id":"B0377","properties":{"z":"Z025","k":"residential","h":9.5,"dh":0.0,"td":0.0,"t0":0.0,"g":0,"cbd":0,"d":2.673},"geometry":{"type":"Polygon","coordinates":[[[9.0295118,45.0105668],[9.030853,45.0105668],[9.030853,45.011434],[9.0295118,45.011434],[9.0295118,45.0105668]]]}},{"type":"Feature","id":"B0378","properties":{"z":"Z025","k":"residential","h":19.0,"dh":0.0,"td":0.0,"t0":2.01,"g":0,"cbd":0,"d":2.807},"geometry":{"type":"Polygon","coordinates":[[[9.0314324,45.0106439],[9.0327341,45.0106439],[9.0327341,45.0113568],[9.0314324,45.0113568],[9.0314324,45.0106439]]]}},{"type":"Feature","id":"B0379","properties":{"z":"Z025","k":"residential","h":12.4,"dh":0.0,"td":0.0,"t0":0.0,"g":0,"cbd":0,"d":2.745},"geometry":{"type":"Polygon","coordinates":[[[9.0295766,45.0118543],[9.0307882,45.0118543],[9.0307882,45.0128346],[9.0295766,45.0128346],[9.0295766,45.0118543]]]}},{"type":"Feature","id":"B0380","properties":{"z":"Z025","k":"residential","h":10.7,"dh":0.0,"td":0.0,"t0":0.0,"g":0,"cbd":0,"d":2.875},"geometry":{"type":"Polygon","coordinates":[[[9.0313854,45.011829],[9.0327811,45.011829],[9.0327811,45.0128599],[9.0313854,45.0128599],[9.0313854,45.011829]]]}},{"type":"Feature","id":"B0381","properties":{"z":"Z025","k":"residential","h":19.7,"dh":10.6,"td":0.0,"t0":0.0,"g":0,"cbd":0,"d":2.558},"geometry":{"type":"Polygon","coordinates":[[[9.0245366,45.0141608],[9.0256333,45.0141608],[9.0256333,45.0150489],[9.0245366,45.0150489],[9.0245366,45.0141608]]]}},{"type":"Feature","id":"B0382","properties":{"z":"Z025","k":"residential","h":13.0,"dh":0.0,"td":0.9,"t0":0.0,"g":0,"cbd":0,"d":2.675},"geometry":{"type":"Polygon","coordinates":[[[9.0264523,45.0140945],[9.0275192,45.0140945],[9.0275192,45.0151152],[9.0264523,45.0151152],[9.0264523,45.0140945]]]}},{"type":"Feature","id":"B0383","properties":{"z":"Z025","k":"residential","h":10.4,"dh":0.0,"td":0.0,"t0":0.0,"g":0,"cbd":0,"d":2.655},"geometry":{"type":"Polygon","coordinates":[[[9.0244106,45.0155005],[9.0257593,45.0155005],[9.0257593,45.0163974],[9.0244106,45.0163974],[9.0244106,45.0155005]]]}},{"type":"Feature","id":"B0384","properties":{"z":"Z025","k":"park","h":0.0,"dh":0.0,"td":0.0,"t0":0.0,"g":0,"cbd":0,"d":2.768},"geometry":{"type":"Polygon","coordinates":[[[9.0263007,45.015523],[9.0276708,45.015523],[9.0276708,45.0163749],[9.0263007,45.0163749],[9.0263007,45.015523]]]}},{"type":"Feature","id":"B0385","properties":{"z":"Z025","k":"residential","h":17.0,"dh":0.0,"td":0.0,"t0":0.0,"g":0,"cbd":0,"d":2.879},"geometry":{"type":"Polygon","coordinates":[[[9.0296487,45.0142285],[9.0307161,45.0142285],[9.0307161,45.0149812],[9.0296487,45.0149812],[9.0296487,45.0142285]]]}},{"type":"Feature","id":"B0386","properties":{"z":"Z025","k":"residential","h":15.0,"dh":0.0,"td":1.3,"t0":0.0,"g":0,"cbd":0,"d":3.004},"geometry":{"type":"Polygon","coordinates":[[[9.0315561,45.0141113],[9.0326104,45.0141113],[9.0326104,45.0150984],[9.0315561,45.0150984],[9.0315561,45.0141113]]]}},{"type":"Feature","id":"B0387","properties":{"z":"Z025","k":"residential","h":9.9,"dh":0.0,"td":0.4,"t0":0.0,"g":0,"cbd":0,"d":2.966},"geometry":{"type":"Polygon","coordinates":[[[9.029531,45.0155578],[9.0308338,45.0155578],[9.0308338,45.0163401],[9.029531,45.0163401],[9.029531,45.0155578]]]}},{"type":"Feature","id":"B0388","properties":{"z":"Z025","k":"residential","h":9.4,"dh":0.0,"td":0.0,"t0":0.0,"g":0,"cbd":0,"d":3.087},"geometry":{"type":"Polygon","coordinates":[[[9.0315756,45.0154303],[9.0325909,45.0154303],[9.0325909,45.0164677],[9.0315756,45.0164677],[9.0315756,45.0154303]]]}},{"type":"Feature","id":"B0389","properties":{"z":"Z026","k":"residential","h":16.5,"dh":4.8,"td":0.0,"t0":0.0,"g":0,"cbd":0,"d":2.987},"geometry":{"type":"Polygon","coordinates":[[[9.0338983,45.0105363],[9.0353276,45.0105363],[9.0353276,45.0114644],[9.0338983,45.0114644],[9.0338983,45.0105363]]]}},{"type":"Feature","id":"B0390","properties":{"z":"Z026","k":"residential","h":10.4,"dh":7.8,"td":1.3,"t0":0.0,"g":0,"cbd":0,"d":3.124},"geometry":{"type":"Polygon","coordinates":[[[9.0359394,45.0104864],[9.0370881,45.0104864],[9.0370881,45.0115144],[9.0359394,45.0115144],[9.0359394,45.0104864]]]}},{"type":"Feature","id":"B0391","properties":{"z":"Z026","k":"park","h":0.0,"dh":0.0,"td":0.0,"t0":0.0,"g":0,"cbd":0,"d":3.051},"geometry":{"type":"Polygon","coordinates":[[[9.0339054,45.0119049],[9.0353205,45.0119049],[9.0353205,45.0127841],[9.0339054,45.0127841],[9.0339054,45.0119049]]]}},{"type":"Feature","id":"B0392","properties":{"z":"Z026","k":"residential","h":9.4,"dh":3.4,"td":0.0,"t0":0.0,"g":0,"cbd":0,"d":3.186},"geometry":{"type":"Polygon","coordinates":[[[9.0358783,45.0118539],[9.0371492,45.0118539],[9.0371492,45.0128351],[9.0358783,45.0128351],[9.0358783,45.0118539]]]}},{"type":"Feature","id":"B0393","properties":{"z":"Z026","k":"residential","h":19.4,"dh":0.0,"td":0.5,"t0":0.0,"g":0,"cbd":0,"d":3.357},"geometry":{"type":"Polygon","coordinates":[[[9.0391898,45.010538],[9.0402311,45.010538],[9.0402311,45.0114628],[9.0391898,45.0114628],[9.0391898,45.010538]]]}},{"type":"Feature","id":"B0394","properties":{"z":"Z026","k":"residential","h":12.5,"dh":7.1,"td":0.0,"t0":0.0,"g":0,"cbd":0,"d":3.497},"geometry":{"type":"Polygon","coordinates":[[[9.0408917,45.0104873],[9.0423309,45.0104873],[9.0423309,45.0115135],[9.0408917,45.0115135],[9.0408917,45.0104873]]]}},{"type":"Feature","id":"B0395","properties":{"z":"Z026","k":"residential","h":19.6,"dh":0.0,"td":0.6,"t0":0.0,"g":0,"cbd":0,"d":3.415},"geometry":{"type":"Polygon","coordinates":[[[9.039102,45.0119151],[9.0403189,45.0119151],[9.0403189,45.0127739],[9.039102,45.0127739],[9.039102,45.0119151]]]}},{"type":"Feature","id":"B0396","properties":{"z":"Z026","k":"residential","h":12.5,"dh":6.5,"td":0.0,"t0":0.0,"g":0,"cbd":0,"d":3.552},"geometry":{"type":"Polygon","coordinates":[[[9.0411033,45.0118883],[9.0421193,45.0118883],[9.0421193,45.0128007],[9.0411033,45.0128007],[9.0411033,45.0118883]]]}},{"type":"Feature","id":"B0397","properties":{"z":"Z026","k":"residential","h":10.5,"dh":0.0,"td":0.0,"t0":0.0,"g":0,"cbd":0,"d":3.173},"geometry":{"type":"Polygon","coordinates":[[[9.0339368,45.0141857],[9.0352891,45.0141857],[9.0352891,45.015024],[9.0339368,45.015024],[9.0339368,45.0141857]]]}},{"type":"Feature","id":"B0398","properties":{"z":"Z026","k":"residential","h":11.5,"dh":0.0,"td":0.0,"t0":0.0,"g":0,"cbd":0,"d":3.302},"geometry":{"type":"Polygon","coordinates":[[[9.0359907,45.0140928],[9.0370369,45.0140928],[9.0370369,45.0151169],[9.0359907,45.0151169],[9.0359907,45.0140928]]]}},{"type":"Feature","id":"B0399","properties":{"z":"Z026","k":"residential","h":13.8,"dh":0.0,"td":0.0,"t0":0.0,"g":0,"cbd":0,"d":3.252},"geometry":{"type":"Polygon","coordinates":[[[9.0338774,45.0155522],[9.0353485,45.0155522],[9.0353485,45.0163457],[9.0338774,45.0163457],[9.0338774,45.0155522]]]}},{"type":"Feature","id":"B0400","properties":{"z":"Z026","k":"residential","h":12.4,"dh":0.0,"td":0.5,"t0":0.0,"g":0,"cbd":0,"d":3.378},"geometry":{"type":"Polygon","coordinates":[[[9.035952,45.0154914],[9.0370755,45.0154914],[9.0370755,45.0164065],[9.035952,45.0164065],[9.035952,45.0154914]]]}},{"type":"Feature","id":"B0401","properties":{"z":"Z026","k":"residential","h":10.8,"dh":0.0,"td":0.0,"t0":0.0,"g":0,"cbd":0,"d":3.523},"geometry":{"type":"Polygon","coordinates":[[[9.0391018,45.0141216],[9.0403191,45.0141216],[9.0403191,45.0150882],[9.0391018,45.0150882],[9.0391018,45.0141216]]]}},{"type":"Feature","id":"B0402","properties":{"z":"Z026","k":"park","h":0.0,"dh":0.0,"td":0.0,"t0":0.0,"g":0,"cbd":0,"d":3.657},"geometry":{"type":"Polygon","coordinates":[[[9.0409871,45.0141212],[9.0422355,45.0141212],[9.0422355,45.0150885],[9.0409871,45.0150885],[9.0409871,45.0141212]]]}},{"type":"Feature","id":"B0403","properties":{"z":"Z026","k":"residential","h":14.0,"dh":0.0,"td":0.0,"t0":0.0,"g":0,"cbd":0,"d":3.595},"geometry":{"type":"Polygon","coordinates":[[[9.0391918,45.0155162],[9.0402291,45.0155162],[9.0402291,45.0163817],[9.0391918,45.0163817],[9.0391918,45.0155162]]]}},{"type":"Feature","id":"B0404","properties":{"z":"Z026","k":"residential","h":32.5,"dh":0.0,"td":0.0,"t0":3.86,"g":0,"cbd":0,"d":3.726},"geometry":{"type":"Polygon","coordinates":[[[9.0409833,45.0155347],[9.0422393,45.0155347],[9.0422393,45.0163632],[9.0409833,45.0163632],[9.0409833,45.0155347]]]}},{"type":"Feature","id":"B0405","properties":{"z":"Z027","k":"residential","h":8.8,"dh":0.0,"td":0.0,"t0":0.0,"g":0,"cbd":0,"d":3.31},"geometry":{"type":"Polygon","coordinates":[[[8.9576818,45.0037683],[8.9590957,45.0037683],[8.9590957,45.0047578],[8.9576818,45.0047578],[8.9576818,45.0037683]]]}},{"type":"Feature","id":"B0406","properties":{"z":"Z027","k":"residential","h":16.1,"dh":0.0,"td":0.0,"t0":0.0,"g":0,"cbd":0,"d":3.162},"geometry":{"type":"Polygon","coordinates":[[[8.9595744,45.0038083],[8.9610047,45.0038083],[8.9610047,45.0047178],[8.9595744,45.0047178],[8.9595744,45.0038083]]]}},{"type":"Feature","id":"B0407","properties":{"z":"Z027","k":"residential","h":13.9,"dh":0.0,"td":0.0,"t0":0.0,"g":0,"cbd":0,"d":3.334},"geometry":{"type":"Polygon","coordinates":[[[8.957688,45.0051995],[8.9590894,45.0051995],[8.9590894,45.0060148],[8.957688,45.0060148],[8.957688,45.0051995]]]}},{"type":"Feature","id":"B0408","properties":{"z":"Z027","k":"residential","h":8.3,"dh":0.0,"td":0.3,"t0":0.0,"g":0,"cbd":0,"d":3.188},"geometry":{"type":"Polygon","coordinates":[[[8.959558,45.0051201],[8.9610212,45.0051201],[8.9610212,45.0060942],[8.959558,45.0060942],[8.959558,45.0051201]]]}},{"type":"Feature","id":"B0409","properties":{"z":"Z027","k":"residential","h":18.3,"dh":0.0,"td":0.0,"t0":0.0,"g":0,"cbd":0,"d":2.913},"geometry":{"type":"Polygon","coordinates":[[[8.9629457,45.0037579],[8.9640267,45.0037579],[8.9640267,45.0047682],[8.9629457,45.0047682],[8.9629457,45.0037579]]]}},{"type":"Feature","id":"B0410","properties":{"z":"Z027","k":"residential","h":12.4,"dh":0.0,"td":0.0,"t0":0.0,"g":0,"cbd":0,"d":2.766},"geometry":{"type":"Polygon","coordinates":[[[8.9647383,45.0037501],[8.9660358,45.0037501],[8.9660358,45.004776],[8.9647383,45.004776],[8.9647383,45.0037501]]]}},{"type":"Feature","id":"B0411","properties":{"z":"Z027","k":"residential","h":14.8,"dh":0.0,"td":0.0,"t0":0.0,"g":0,"cbd":0,"d":2.941},"geometry":{"type":"Polygon","coordinates":[[[8.9629403,45.0051452],[8.9640321,45.0051452],[8.9640321,45.0060691],[8.9629403,45.0060691],[8.9629403,45.0051452]]]}},{"type":"Feature","id":"B0412","properties":{"z":"Z027","k":"residential","h":8.6,"dh":0.0,"td":0.0,"t0":0.0,"g":0,"cbd":0,"d":2.795},"geometry":{"type":"Polygon","coordinates":[[[8.9647385,45.0051971],[8.9660356,45.0051971],[8.9660356,45.0060172],[8.9647385,45.0060172],[8.9647385,45.0051971]]]}},{"type":"Feature","id":"B0413","properties":{"z":"Z027","k":"park","h":0.0,"dh":0.0,"td":0.0,"t0":0.0,"g":0,"cbd":0,"d":3.391},"geometry":{"type":"Polygon","coordinates":[[[8.957864,45.0074726],[8.9589135,45.0074726],[8.9589135,45.0082625],[8.957864,45.0082625],[8.957864,45.0074726]]]}},{"type":"Feature","id":"B0414","properties":{"z":"Z027","k":"residential","h":17.9,"dh":0.0,"td":0.0,"t0":0.0,"g":0,"cbd":0,"d":3.246},"geometry":{"type":"Polygon","coordinates":[[[8.9596926,45.0074238],[8.9608865,45.0074238],[8.9608865,45.0083112],[8.9596926,45.0083112],[8.9596926,45.0074238]]]}},{"type":"Feature","id":"B0415","properties":{"z":"Z027","k":"residential","h":15.8,"dh":8.8,"td":0.0,"t0":0.0,"g":0,"cbd":0,"d":3.432},"geometry":{"type":"Polygon","coordinates":[[[8.957768,45.0087761],[8.9590095,45.0087761],[8.9590095,45.0096472],[8.957768,45.0096472],[8.957768,45.0087761]]]}},{"type":"Feature","id":"B0416","properties":{"z":"Z027","k":"park","h":0.0,"dh":0.0,"td":0.0,"t0":0.0,"g":0,"cbd":0,"d":3.29},"geometry":{"type":"Polygon","coordinates":[[[8.9597339,45.0088188],[8.9608452,45.0088188],[8.9608452,45.0096044],[8.9597339,45.0096044],[8.9597339,45.0088188]]]}},{"type":"Feature","id":"B0417","properties":{"z":"Z027","k":"residential","h":8.9,"dh":0.0,"td":0.6,"t0":0.0,"g":0,"cbd":0,"d":3.005},"geometry":{"type":"Polygon","coordinates":[[[8.9628021,45.00736],[8.9641703,45.00736],[8.9641703,45.008375],[8.9628021,45.008375],[8.9628021,45.00736]]]}},{"type":"Feature","id":"B0418","properties":{"z":"Z027","k":"park","h":0.0,"dh":0.0,"td":0.0,"t0":0.0,"g":0,"cbd":0,"d":2.862},"geometry":{"type":"Polygon","coordinates":[[[8.9648178,45.0074272],[8.9659563,45.0074272],[8.9659563,45.0083079],[8.9648178,45.0083079],[8.9648178,45.0074272]]]}},{"type":"Feature","id":"B0419","properties":{"z":"Z027","k":"residential","h":19.9,"dh":7.0,"td":0.0,"t0":0.0,"g":0,"cbd":0,"d":3.052},"geometry":{"type":"Polygon","coordinates":[[[8.9629122,45.0087605],[8.9640602,45.0087605],[8.9640602,45.0096627],[8.9629122,45.0096627],[8.9629122,45.0087605]]]}},{"type":"Feature","id":"B0420","properties":{"z":"Z027","k":"residential","h":10.9,"dh":0.0,"td":0.0,"t0":0.0,"g":0,"cbd":0,"d":2.911},"geometry":{"type":"Polygon","coordinates":[[[8.9646527,45.008855],[8.9661214,45.008855],[8.9661214,45.0095682],[8.9646527,45.0095682],[8.9646527,45.008855]]]}},{"type":"Feature","id":"B0421","properties":{"z":"Z028","k":"park","h":0.0,"dh":0.0,"td":0.0,"t0":0.0,"g":0,"cbd":0,"d":2.57},"geometry":{"type":"Polygon","coordinates":[[[8.9673006,45.0038124],[8.9685329,45.0038124],[8.9685329,45.0047137],[8.9673006,45.0047137],[8.9673006,45.0038124]]]}},{"type":"Feature","id":"B0422","properties":{"z":"Z028","k":"residential","h":19.7,"dh":9.3,"td":0.0,"t0":0.0,"g":0,"cbd":0,"d":2.423},"geometry":{"type":"Polygon","coordinates":[[[8.9691531,45.0038863],[8.9704821,45.0038863],[8.9704821,45.0046398],[8.9691531,45.0046398],[8.9691531,45.0038863]]]}},{"type":"Feature","id":"B0423","properties":{"z":"Z028","k":"residential","h":12.6,"dh":0.0,"td":0.0,"t0":0.0,"g":0,"cbd":0,"d":2.601},"geometry":{"type":"Polygon","coordinates":[[[8.9672897,45.0051678],[8.9685438,45.0051678],[8.9685438,45.0060465],[8.9672897,45.0060465],[8.9672897,45.0051678]]]}},{"type":"Feature","id":"B0424","properties":{"z":"Z028","k":"residential","h":13.6,"dh":0.0,"td":0.0,"t0":0.0,"g":0,"cbd":0,"d":2.456},"geometry":{"type":"Polygon","coordinates":[[[8.9690938,45.0051389],[8.9705414,45.0051389],[8.9705414,45.0060754],[8.9690938,45.0060754],[8.9690938,45.0051389]]]}},{"type":"Feature","id":"B0425","properties":{"z":"Z028","k":"residential","h":17.8,"dh":0.0,"td":0.0,"t0":0.0,"g":0,"cbd":0,"d":2.177},"geometry":{"type":"Polygon","coordinates":[[[8.9723467,45.0038604],[8.9736817,45.0038604],[8.9736817,45.0046657],[8.9723467,45.0046657],[8.9723467,45.0038604]]]}},{"type":"Feature","id":"B0426","properties":{"z":"Z028","k":"residential","h":10.6,"dh":0.0,"td":2.8,"t0":0.0,"g":0,"cbd":0,"d":2.031},"geometry":{"type":"Polygon","coordinates":[[[8.9741928,45.0038146],[8.9756373,45.0038146],[8.9756373,45.0047115],[8.9741928,45.0047115],[8.9741928,45.0038146]]]}},{"type":"Feature","id":"B0427","properties":{"z":"Z028","k":"residential","h":18.6,"dh":0.0,"td":0.0,"t0":0.0,"g":0,"cbd":0,"d":2.214},"geometry":{"type":"Polygon","coordinates":[[[8.9724098,45.0052194],[8.9736186,45.0052194],[8.9736186,45.0059949],[8.9724098,45.0059949],[8.9724098,45.0052194]]]}},{"type":"Feature","id":"B0428","properties":{"z":"Z028","k":"residential","h":11.1,"dh":0.0,"td":0.0,"t0":0.0,"g":0,"cbd":0,"d":2.071},"geometry":{"type":"Polygon","coordinates":[[[8.9742135,45.0052388],[8.9756167,45.0052388],[8.9756167,45.0059755],[8.9742135,45.0059755],[8.9742135,45.0052388]]]}},{"type":"Feature","id":"B0429","properties":{"z":"Z028","k":"residential","h":18.0,"dh":0.0,"td":0.0,"t0":6.22,"g":0,"cbd":0,"d":2.673},"geometry":{"type":"Polygon","coordinates":[[[8.9673352,45.0073899],[8.9684983,45.0073899],[8.9684983,45.0083451],[8.9673352,45.0083451],[8.9673352,45.0073899]]]}},{"type":"Feature","id":"B0430","properties":{"z":"Z028","k":"residential","h":12.2,"dh":0.0,"td":1.8,"t0":0.0,"g":0,"cbd":0,"d":2.532},"geometry":{"type":"Polygon","coordinates":[[[8.9691506,45.0073858],[8.9704846,45.0073858],[8.9704846,45.0083493],[8.9691506,45.0083493],[8.9691506,45.0073858]]]}},{"type":"Feature","id":"B0431","properties":{"z":"Z028","k":"residential","h":12.7,"dh":0.0,"td":1.2,"t0":0.0,"g":0,"cbd":0,"d":2.726},"geometry":{"type":"Polygon","coordinates":[[[8.9672166,45.0088237],[8.9686169,45.0088237],[8.9686169,45.0095996],[8.9672166,45.0095996],[8.9672166,45.0088237]]]}},{"type":"Feature","id":"B0432","properties":{"z":"Z028","k":"residential","h":13.5,"dh":0.0,"td":2.0,"t0":0.0,"g":0,"cbd":0,"d":2.588},"geometry":{"type":"Polygon","coordinates":[[[8.9691037,45.0087682],[8.9705314,45.0087682],[8.9705314,45.009655],[8.9691037,45.009655],[8.9691037,45.0087682]]]}},{"type":"Feature","id":"B0433","properties":{"z":"Z028","k":"residential","h":12.6,"dh":0.0,"td":0.0,"t0":0.0,"g":0,"cbd":0,"d":2.298},"geometry":{"type":"Polygon","coordinates":[[[8.9725117,45.0075028],[8.9735168,45.0075028],[8.9735168,45.0082323],[8.9725117,45.0082323],[8.9725117,45.0075028]]]}},{"type":"Feature","id":"B0434","properties":{"z":"Z028","k":"residential","h":18.0,"dh":5.6,"td":0.0,"t0":0.0,"g":0,"cbd":0,"d":2.16},"geometry":{"type":"Polygon","coordinates":[[[8.9742011,45.0074275],[8.9756291,45.0074275],[8.9756291,45.0083075],[8.9742011,45.0083075],[8.9742011,45.0074275]]]}},{"type":"Feature","id":"B0435","properties":{"z":"Z028","k":"residential","h":8.8,"dh":0.0,"td":0.0,"t0":0.0,"g":0,"cbd":0,"d":2.359},"geometry":{"type":"Polygon","coordinates":[[[8.9724764,45.008729],[8.9735521,45.008729],[8.9735521,45.0096943],[8.9724764,45.0096943],[8.9724764,45.008729]]]}},{"type":"Feature","id":"B0436","properties":{"z":"Z028","k":"residential","h":15.3,"dh":0.0,"td":0.0,"t0":0.0,"g":0,"cbd":0,"d":2.225},"geometry":{"type":"Polygon","coordinates":[[[8.974333,45.0086996],[8.9754971,45.0086996],[8.9754971,45.0097236],[8.974333,45.0097236],[8.974333,45.0086996]]]}},{"type":"Feature","id":"B0437","properties":{"z":"Z029","k":"mixed","h":16.9,"dh":0.0,"td":0.0,"t0":0.0,"g":0,"cbd":0,"d":1.838},"geometry":{"type":"Polygon","coordinates":[[[8.9767788,45.0037543],[8.9781107,45.0037543],[8.9781107,45.0047718],[8.9767788,45.0047718],[8.9767788,45.0037543]]]}},{"type":"Feature","id":"B0438","properties":{"z":"Z029","k":"park","h":0.0,"dh":0.0,"td":0.0,"t0":0.0,"g":0,"cbd":0,"d":1.694},"geometry":{"type":"Polygon","coordinates":[[[8.9786178,45.0038278],[8.9800735,45.0038278],[8.9800735,45.0046983],[8.9786178,45.0046983],[8.9786178,45.0038278]]]}},{"type":"Feature","id":"B0439","properties":{"z":"Z029","k":"mixed","h":22.2,"dh":0.0,"td":6.8,"t0":0.0,"g":0,"cbd":0,"d":1.882},"geometry":{"type":"Polygon","coordinates":[[[8.9768604,45.0051087],[8.9780291,45.0051087],[8.9780291,45.0061056],[8.9768604,45.0061056],[8.9768604,45.0051087]]]}},{"type":"Feature","id":"B0440","properties":{"z":"Z029","k":"lowrise","h":5.8,"dh":0.0,"td":0.0,"t0":0.0,"g":1,"cbd":0,"d":1.742},"geometry":{"type":"Polygon","coordinates":[[[8.9786875,45.0052263],[8.9800037,45.0052263],[8.9800037,45.005988],[8.9786875,45.005988],[8.9786875,45.0052263]]]}},{"type":"Feature","id":"B0441","properties":{"z":"Z029","k":"mixed","h":39.3,"dh":0.0,"td":6.9,"t0":0.0,"g":0,"cbd":0,"d":1.454},"geometry":{"type":"Polygon","coordinates":[[[8.981916,45.0037699],[8.9831685,45.0037699],[8.9831685,45.0047562],[8.981916,45.0047562],[8.981916,45.0037699]]]}},{"type":"Feature","id":"B0442","properties":{"z":"Z029","k":"lowrise","h":13.0,"dh":0.0,"td":0.0,"t0":0.0,"g":1,"cbd":0,"d":1.313},"geometry":{"type":"Polygon","coordinates":[[[8.9837635,45.0038871],[8.9851227,45.0038871],[8.9851227,45.004639],[8.9837635,45.004639],[8.9837635,45.0038871]]]}},{"type":"Feature","id":"B0443","properties":{"z":"Z029","k":"lowrise","h":8.3,"dh":0.0,"td":0.0,"t0":0.0,"g":1,"cbd":0,"d":1.509},"geometry":{"type":"Polygon","coordinates":[[[8.9818602,45.005211],[8.9832244,45.005211],[8.9832244,45.0060032],[8.9818602,45.0060032],[8.9818602,45.005211]]]}},{"type":"Feature","id":"B0444","properties":{"z":"Z029","k":"office","h":83.7,"dh":0.0,"td":0.0,"t0":2.84,"g":0,"cbd":0,"d":1.374},"geometry":{"type":"Polygon","coordinates":[[[8.9838428,45.0051256],[8.9850434,45.0051256],[8.9850434,45.0060887],[8.9838428,45.0060887],[8.9838428,45.0051256]]]}},{"type":"Feature","id":"B0445","properties":{"z":"Z029","k":"mixed","h":30.5,"dh":0.0,"td":0.0,"t0":0.0,"g":0,"cbd":0,"d":1.98},"geometry":{"type":"Polygon","coordinates":[[[8.9767187,45.0074496],[8.9781709,45.0074496],[8.9781709,45.0082854],[8.9767187,45.0082854],[8.9767187,45.0074496]]]}},{"type":"Feature","id":"B0446","properties":{"z":"Z029","k":"lowrise","h":7.1,"dh":0.0,"td":0.0,"t0":0.0,"g":1,"cbd":0,"d":1.847},"geometry":{"type":"Polygon","coordinates":[[[8.9786124,45.0075029],[8.9800788,45.0075029],[8.9800788,45.0082321],[8.9786124,45.0082321],[8.9786124,45.0075029]]]}},{"type":"Feature","id":"B0447","properties":{"z":"Z029","k":"mixed","h":32.4,"dh":0.0,"td":0.0,"t0":0.0,"g":0,"cbd":0,"d":2.05},"geometry":{"type":"Polygon","coordinates":[[[8.9767554,45.0087277],[8.9781341,45.0087277],[8.9781341,45.0096955],[8.9767554,45.0096955],[8.9767554,45.0087277]]]}},{"type":"Feature","id":"B0448","properties":{"z":"Z029","k":"lowrise","h":10.3,"dh":0.0,"td":0.0,"t0":0.0,"g":1,"cbd":0,"d":1.922},"geometry":{"type":"Polygon","coordinates":[[[8.9787923,45.0088417],[8.9798989,45.0088417],[8.9798989,45.0095816],[8.9787923,45.0095816],[8.9787923,45.0088417]]]}},{"type":"Feature","id":"B0449","properties":{"z":"Z029","k":"lowrise","h":12.0,"dh":0.0,"td":0.0,"t0":0.0,"g":1,"cbd":0,"d":1.63},"geometry":{"type":"Polygon","coordinates":[[[8.9818445,45.0075071],[8.98324,45.0075071],[8.98324,45.0082279],[8.9818445,45.0082279],[8.9818445,45.0075071]]]}},{"type":"Feature","id":"B0450","properties":{"z":"Z029","k":"office","h":47.7,"dh":0.0,"td":0.0,"t0":0.0,"g":0,"cbd":0,"d":1.506},"geometry":{"type":"Polygon","coordinates":[[[8.9838951,45.007445],[8.9849911,45.007445],[8.9849911,45.00829],[8.9838951,45.00829],[8.9838951,45.007445]]]}},{"type":"Feature","id":"B0451","properties":{"z":"Z029","k":"mixed","h":42.2,"dh":0.0,"td":6.9,"t0":0.0,"g":0,"cbd":0,"d":1.715},"geometry":{"type":"Polygon","coordinates":[[[8.981931,45.0088479],[8.9831536,45.0088479],[8.9831536,45.0095753],[8.981931,45.0095753],[8.981931,45.0088479]]]}},{"type":"Feature","id":"B0452","properties":{"z":"Z029","k":"office","h":45.7,"dh":0.0,"td":0.0,"t0":0.0,"g":0,"cbd":0,"d":1.597},"geometry":{"type":"Polygon","coordinates":[[[8.9838146,45.0087305],[8.9850717,45.0087305],[8.9850717,45.0096927],[8.9838146,45.0096927],[8.9838146,45.0087305]]]}},{"type":"Feature","id":"B0453","properties":{"z":"Z030","k":"tower","h":160.9,"dh":0.0,"td":62.0,"t0":5.89,"g":0,"cbd":1,"d":1.13},"geometry":{"type":"Polygon","coordinates":[[[8.9864228,45.0038558],[8.9875228,45.0038558],[8.9875228,45.0046703],[8.9864228,45.0046703],[8.9864228,45.0038558]]]}},{"type":"Feature","id":"B0454","properties":{"z":"Z030","k":"podium","h":19.4,"dh":0.0,"td":0.0,"t0":5.89,"g":0,"cbd":1,"d":1.13},"geometry":{"type":"Polygon","coordinates":[[[8.9861702,45.0036955],[8.9877754,45.0036955],[8.9877754,45.0048306],[8.9861702,45.0048306],[8.9861702,45.0036955]]]}},{"type":"Feature","id":"B0455","properties":{"z":"Z030","k":"lowrise","h":11.9,"dh":0.0,"td":0.0,"t0":0.0,"g":1,"cbd":1,"d":0.996},"geometry":{"type":"Polygon","coordinates":[[[8.9883235,45.0037435],[8.9894238,45.0037435],[8.9894238,45.0047826],[8.9883235,45.0047826],[8.9883235,45.0037435]]]}},{"type":"Feature","id":"B0456","properties":{"z":"Z030","k":"lowrise","h":5.7,"dh":0.0,"td":0.0,"t0":0.0,"g":1,"cbd":1,"d":1.2},"geometry":{"type":"Polygon","coordinates":[[[8.9862871,45.0051454],[8.9876585,45.0051454],[8.9876585,45.0060689],[8.9862871,45.0060689],[8.9862871,45.0051454]]]}},{"type":"Feature","id":"B0457","properties":{"z":"Z030","k":"mixed","h":44.1,"dh":0.0,"td":0.0,"t0":0.0,"g":0,"cbd":1,"d":1.075},"geometry":{"type":"Polygon","coordinates":[[[8.9883268,45.0051069],[8.9894204,45.0051069],[8.9894204,45.0061074],[8.9883268,45.0061074],[8.9883268,45.0051069]]]}},{"type":"Feature","id":"B0458","properties":{"z":"Z030","k":"tower","h":111.0,"dh":0.0,"td":0.0,"t0":0.0,"g":0,"cbd":1,"d":0.784},"geometry":{"type":"Polygon","coordinates":[[[8.9914194,45.0037799],[8.9927212,45.0037799],[8.9927212,45.0047462],[8.9914194,45.0047462],[8.9914194,45.0037799]]]}},{"type":"Feature","id":"B0459","properties":{"z":"Z030","k":"podium","h":16.1,"dh":0.0,"td":0.0,"t0":0.0,"g":0,"cbd":1,"d":0.784},"geometry":{"type":"Polygon","coordinates":[[[8.9912677,45.0036955],[8.9928729,45.0036955],[8.9928729,45.0048306],[8.9912677,45.0048306],[8.9912677,45.0036955]]]}},{"type":"Feature","id":"B0460","properties":{"z":"Z030","k":"tower","h":143.6,"dh":0.0,"td":0.0,"t0":2.32,"g":0,"cbd":1,"d":0.671},"geometry":{"type":"Polygon","coordinates":[[[8.9934668,45.0037742],[8.9944755,45.0037742],[8.9944755,45.0047519],[8.9934668,45.0047519],[8.9934668,45.0037742]]]}},{"type":"Feature","id":"B0461","properties":{"z":"Z030","k":"podium","h":19.1,"dh":0.0,"td":0.0,"t0":2.32,"g":0,"cbd":1,"d":0.671},"geometry":{"type":"Polygon","coordinates":[[[8.9931685,45.0036955],[8.9947738,45.0036955],[8.9947738,45.0048306],[8.9931685,45.0048306],[8.9931685,45.0036955]]]}},{"type":"Feature","id":"B0462","properties":{"z":"Z030","k":"tower","h":96.3,"dh":0.0,"td":0.0,"t0":0.0,"g":0,"cbd":1,"d":0.883},"geometry":{"type":"Polygon","coordinates":[[[8.9913933,45.0051452],[8.9927473,45.0051452],[8.9927473,45.0060691],[8.9913933,45.0060691],[8.9913933,45.0051452]]]}},{"type":"Feature","id":"B0463","properties":{"z":"Z030","k":"podium","h":19.9,"dh":0.0,"td":0.0,"t0":0.0,"g":0,"cbd":1,"d":0.883},"geometry":{"type":"Polygon","coordinates":[[[8.9912677,45.0050396],[8.9928729,45.0050396],[8.9928729,45.0061747],[8.9912677,45.0061747],[8.9912677,45.0050396]]]}},{"type":"Feature","id":"B0464","properties":{"z":"Z030","k":"tower","h":95.9,"dh":0.0,"td":0.0,"t0":0.0,"g":0,"cbd":1,"d":0.784},"geometry":{"type":"Polygon","coordinates":[[[8.9933914,45.0050995],[8.9945509,45.0050995],[8.9945509,45.0061148],[8.9933914,45.0061148],[8.9933914,45.0050995]]]}},{"type":"Feature","id":"B0465","properties":{"z":"Z030","k":"podium","h":14.8,"dh":0.0,"td":0.0,"t0":0.0,"g":0,"cbd":1,"d":0.784},"geometry":{"type":"Polygon","coordinates":[[[8.9931685,45.0050396],[8.9947738,45.0050396],[8.9947738,45.0061747],[8.9931685,45.0061747],[8.9931685,45.0050396]]]}},{"type":"Feature","id":"B0466","properties":{"z":"Z030","k":"lowrise","h":21.7,"dh":0.0,"td":0.0,"t0":7.26,"g":1,"cbd":1,"d":1.349},"geometry":{"type":"Polygon","coordinates":[[[8.9863593,45.0074593],[8.9875863,45.0074593],[8.9875863,45.0082758],[8.9863593,45.0082758],[8.9863593,45.0074593]]]}},{"type":"Feature","id":"B0467","properties":{"z":"Z030","k":"lowrise","h":7.8,"dh":0.0,"td":0.0,"t0":0.0,"g":1,"cbd":1,"d":1.239},"geometry":{"type":"Polygon","coordinates":[[[8.9883137,45.0074948],[8.9894336,45.0074948],[8.9894336,45.0082403],[8.9883137,45.0082403],[8.9883137,45.0074948]]]}},{"type":"Feature","id":"B0468","properties":{"z":"Z030","k":"park","h":0.0,"dh":0.0,"td":0.0,"t0":0.0,"g":0,"cbd":1,"d":1.45},"geometry":{"type":"Polygon","coordinates":[[[8.9863746,45.0087868],[8.987571,45.0087868],[8.987571,45.0096364],[8.9863746,45.0096364],[8.9863746,45.0087868]]]}},{"type":"Feature","id":"B0469","properties":{"z":"Z030","k":"mixed","h":44.2,"dh":0.0,"td":0.0,"t0":0.0,"g":0,"cbd":1,"d":1.349},"geometry":{"type":"Polygon","coordinates":[[[8.9882297,45.0088151],[8.9895176,45.0088151],[8.9895176,45.0096082],[8.9882297,45.0096082],[8.9882297,45.0088151]]]}},{"type":"Feature","id":"B0470","properties":{"z":"Z030","k":"lowrise","h":13.2,"dh":0.0,"td":0.0,"t0":0.0,"g":1,"cbd":1,"d":1.075},"geometry":{"type":"Polygon","coordinates":[[[8.9915635,45.0074547],[8.9925771,45.0074547],[8.9925771,45.0082804],[8.9915635,45.0082804],[8.9915635,45.0074547]]]}},{"type":"Feature","id":"B0471","properties":{"z":"Z030","k":"office","h":55.3,"dh":0.0,"td":0.0,"t0":0.0,"g":0,"cbd":1,"d":0.996},"geometry":{"type":"Polygon","coordinates":[[[8.9934287,45.0074786],[8.9945136,45.0074786],[8.9945136,45.0082564],[8.9934287,45.0082564],[8.9934287,45.0074786]]]}},{"type":"Feature","id":"B0472","properties":{"z":"Z030","k":"park","h":0.0,"dh":0.0,"td":0.0,"t0":0.0,"g":0,"cbd":1,"d":1.2},"geometry":{"type":"Polygon","coordinates":[[[8.9913745,45.008743],[8.9927661,45.008743],[8.9927661,45.0096802],[8.9913745,45.0096802],[8.9913745,45.008743]]]}},{"type":"Feature","id":"B0473","properties":{"z":"Z030","k":"lowrise","h":7.6,"dh":0.0,"td":0.0,"t0":0.0,"g":1,"cbd":1,"d":1.13},"geometry":{"type":"Polygon","coordinates":[[[8.9933051,45.0087548],[8.9946372,45.0087548],[8.9946372,45.0096685],[8.9933051,45.0096685],[8.9933051,45.0087548]]]}},{"type":"Feature","id":"B0474","properties":{"z":"Z031","k":"lowrise","h":6.7,"dh":0.0,"td":0.0,"t0":0.0,"g":1,"cbd":1,"d":0.549},"geometry":{"type":"Polygon","coordinates":[[[8.995826,45.003808],[8.9971757,45.003808],[8.9971757,45.0047181],[8.995826,45.0047181],[8.995826,45.003808]]]}},{"type":"Feature","id":"B0475","properties":{"z":"Z031","k":"tower","h":156.3,"dh":0.0,"td":0.0,"t0":0.0,"g":0,"cbd":1,"d":0.491},"geometry":{"type":"Polygon","coordinates":[[[8.9978482,45.0037949],[8.9989551,45.0037949],[8.9989551,45.0047312],[8.9978482,45.0047312],[8.9978482,45.0037949]]]}},{"type":"Feature","id":"B0476","properties":{"z":"Z031","k":"podium","h":13.8,"dh":0.0,"td":0.0,"t0":0.0,"g":0,"cbd":1,"d":0.491},"geometry":{"type":"Polygon","coordinates":[[[8.997599,45.0036955],[8.9992043,45.0036955],[8.9992043,45.0048306],[8.997599,45.0048306],[8.997599,45.0036955]]]}},{"type":"Feature","id":"B0477","properties":{"z":"Z031","k":"office","h":89.3,"dh":0.0,"td":50.6,"t0":0.0,"g":0,"cbd":1,"d":0.682},"geometry":{"type":"Polygon","coordinates":[[[8.99585,45.0052388],[8.9971517,45.0052388],[8.9971517,45.0059755],[8.99585,45.0059755],[8.99585,45.0052388]]]}},{"type":"Feature","id":"B0478","properties":{"z":"Z031","k":"podium","h":16.7,"dh":0.0,"td":0.0,"t0":0.0,"g":0,"cbd":1,"d":0.682},"geometry":{"type":"Polygon","coordinates":[[[8.9956982,45.0050396],[8.9973035,45.0050396],[8.9973035,45.0061747],[8.9956982,45.0061747],[8.9956982,45.0050396]]]}},{"type":"Feature","id":"B0479","properties":{"z":"Z031","k":"lowrise","h":9.7,"dh":0.0,"td":0.0,"t0":0.0,"g":1,"cbd":1,"d":0.637},"geometry":{"type":"Polygon","coordinates":[[[8.9977487,45.0052425],[8.9990546,45.0052425],[8.9990546,45.0059718],[8.9977487,45.0059718],[8.9977487,45.0052425]]]}},{"type":"Feature","id":"B0480","properties":{"z":"Z031","k":"office","h":80.1,"dh":0.0,"td":0.0,"t0":0.0,"g":0,"cbd":1,"d":0.918},"geometry":{"type":"Polygon","coordinates":[[[8.9959852,45.0074702],[8.9970164,45.0074702],[8.9970164,45.0082649],[8.9959852,45.0082649],[8.9959852,45.0074702]]]}},{"type":"Feature","id":"B0481","properties":{"z":"Z031","k":"lowrise","h":11.6,"dh":0.0,"td":0.0,"t0":4.1,"g":1,"cbd":1,"d":0.885},"geometry":{"type":"Polygon","coordinates":[[[8.9977904,45.0074335],[8.9990129,45.0074335],[8.9990129,45.0083015],[8.9977904,45.0083015],[8.9977904,45.0074335]]]}},{"type":"Feature","id":"B0482","properties":{"z":"Z031","k":"office","h":60.7,"dh":0.0,"td":26.0,"t0":0.0,"g":0,"cbd":1,"d":1.062},"geometry":{"type":"Polygon","coordinates":[[[8.9959003,45.0087582],[8.9971013,45.0087582],[8.9971013,45.0096651],[8.9959003,45.0096651],[8.9959003,45.0087582]]]}},{"type":"Feature","id":"B0483","properties":{"z":"Z031","k":"tower","h":106.8,"dh":0.0,"td":0.0,"t0":0.0,"g":0,"cbd":1,"d":1.033},"geometry":{"type":"Polygon","coordinates":[[[8.9978425,45.0087742],[8.9989609,45.0087742],[8.9989609,45.009649],[8.9978425,45.009649],[8.9978425,45.0087742]]]}},{"type":"Feature","id":"B0484","properties":{"z":"Z031","k":"podium","h":12.3,"dh":0.0,"td":0.0,"t0":0.0,"g":0,"cbd":1,"d":1.033},"geometry":{"type":"Polygon","coordinates":[[[8.997599,45.0086441],[8.9992043,45.0086441],[8.9992043,45.0097792],[8.997599,45.0097792],[8.997599,45.0086441]]]}},{"type":"Feature","id":"B0485","properties":{"z":"Z031","k":"lowrise","h":10.1,"dh":0.0,"td":0.0,"t0":0.0,"g":1,"cbd":1,"d":0.885},"geometry":{"type":"Polygon","coordinates":[[[9.0010274,45.0074638],[9.0021692,45.0074638],[9.0021692,45.0082713],[9.0010274,45.0082713],[9.0010274,45.0074638]]]}},{"type":"Feature","id":"B0486","properties":{"z":"Z031","k":"office","h":48.3,"dh":25.5,"td":20.6,"t0":0.0,"g":0,"cbd":1,"d":1.033},"geometry":{"type":"Polygon","coordinates":[[[9.0010503,45.0087509],[9.0021463,45.0087509],[9.0021463,45.0096723],[9.0010503,45.0096723],[9.0010503,45.0087509]]]}},{"type":"Feature","id":"B0487","properties":{"z":"Z031","k":"lowrise","h":12.0,"dh":0.0,"td":0.0,"t0":0.0,"g":1,"cbd":1,"d":1.062},"geometry":{"type":"Polygon","coordinates":[[[9.0027772,45.0087651],[9.0042211,45.0087651],[9.0042211,45.0096581],[9.0027772,45.0096581],[9.0027772,45.0087651]]]}},{"type":"Feature","id":"B0488","properties":{"z":"Z032","k":"lowrise","h":12.1,"dh":0.0,"td":0.0,"t0":0.0,"g":1,"cbd":1,"d":0.671},"geometry":{"type":"Polygon","coordinates":[[[9.0053706,45.0038369],[9.0066871,45.0038369],[9.0066871,45.0046892],[9.0053706,45.0046892],[9.0053706,45.0038369]]]}},{"type":"Feature","id":"B0489","properties":{"z":"Z032","k":"park","h":0.0,"dh":0.0,"td":0.0,"t0":0.0,"g":0,"cbd":1,"d":0.784},"geometry":{"type":"Polygon","coordinates":[[[9.0073121,45.003813],[9.0085473,45.003813],[9.0085473,45.0047131],[9.0073121,45.0047131],[9.0073121,45.003813]]]}},{"type":"Feature","id":"B0490","properties":{"z":"Z032","k":"lowrise","h":12.4,"dh":0.0,"td":0.0,"t0":0.0,"g":1,"cbd":1,"d":0.883},"geometry":{"type":"Polygon","coordinates":[[[9.0073309,45.0051531],[9.0085285,45.0051531],[9.0085285,45.0060612],[9.0073309,45.0060612],[9.0073309,45.0051531]]]}},{"type":"Feature","id":"B0491","properties":{"z":"Z032","k":"office","h":54.8,"dh":0.0,"td":0.0,"t0":0.0,"g":0,"cbd":1,"d":0.996},"geometry":{"type":"Polygon","coordinates":[[[9.0106215,45.0037546],[9.0116312,45.0037546],[9.0116312,45.0047715],[9.0106215,45.0047715],[9.0106215,45.0037546]]]}},{"type":"Feature","id":"B0492","properties":{"z":"Z032","k":"lowrise","h":11.3,"dh":0.0,"td":0.0,"t0":0.0,"g":1,"cbd":1,"d":1.13},"geometry":{"type":"Polygon","coordinates":[[[9.0123714,45.0037742],[9.013683,45.0037742],[9.013683,45.0047519],[9.0123714,45.0047519],[9.0123714,45.0037742]]]}},{"type":"Feature","id":"B0493","properties":{"z":"Z032","k":"tower","h":107.0,"dh":0.0,"td":0.0,"t0":0.0,"g":0,"cbd":1,"d":1.075},"geometry":{"type":"Polygon","coordinates":[[[9.0104528,45.0051796],[9.0117999,45.0051796],[9.0117999,45.0060347],[9.0104528,45.0060347],[9.0104528,45.0051796]]]}},{"type":"Feature","id":"B0494","properties":{"z":"Z032","k":"podium","h":18.2,"dh":0.0,"td":0.0,"t0":0.0,"g":0,"cbd":1,"d":1.075},"geometry":{"type":"Polygon","coordinates":[[[9.0103237,45.0050396],[9.011929,45.0050396],[9.011929,45.0061747],[9.0103237,45.0061747],[9.0103237,45.0050396]]]}},{"type":"Feature","id":"B0495","properties":{"z":"Z032","k":"park","h":0.0,"dh":0.0,"td":0.0,"t0":0.0,"g":0,"cbd":1,"d":1.2},"geometry":{"type":"Polygon","coordinates":[[[9.0123061,45.0051209],[9.0137483,45.0051209],[9.0137483,45.0060934],[9.0123061,45.0060934],[9.0123061,45.0051209]]]}},{"type":"Feature","id":"B0496","properties":{"z":"Z032","k":"office","h":54.3,"dh":0.0,"td":10.5,"t0":0.0,"g":0,"cbd":1,"d":1.239},"geometry":{"type":"Polygon","coordinates":[[[9.0104622,45.0073546],[9.0117905,45.0073546],[9.0117905,45.0083805],[9.0104622,45.0083805],[9.0104622,45.0073546]]]}},{"type":"Feature","id":"B0497","properties":{"z":"Z032","k":"office","h":79.4,"dh":0.0,"td":0.0,"t0":0.0,"g":0,"cbd":1,"d":1.349},"geometry":{"type":"Polygon","coordinates":[[[9.0123275,45.007476],[9.0137269,45.007476],[9.0137269,45.0082591],[9.0123275,45.0082591],[9.0123275,45.007476]]]}},{"type":"Feature","id":"B0498","properties":{"z":"Z032","k":"lowrise","h":11.8,"dh":0.0,"td":0.0,"t0":7.82,"g":0,"cbd":1,"d":1.349},"geometry":{"type":"Polygon","coordinates":[[[9.0104206,45.0087094],[9.0118321,45.0087094],[9.0118321,45.0097139],[9.0104206,45.0097139],[9.0104206,45.0087094]]]}},{"type":"Feature","id":"B0499","properties":{"z":"Z032","k":"office","h":62.8,"dh":17.5,"td":0.0,"t0":0.0,"g":0,"cbd":1,"d":1.45},"geometry":{"type":"Polygon","coordinates":[[[9.0123937,45.0088126],[9.0136607,45.0088126],[9.0136607,45.0096106],[9.0123937,45.0096106],[9.0123937,45.0088126]]]}},{"type":"Feature","id":"B0500","properties":{"z":"Z033","k":"office","h":86.8,"dh":0.0,"td":22.3,"t0":7.67,"g":0,"cbd":0,"d":1.313},"geometry":{"type":"Polygon","coordinates":[[[9.0149098,45.0037443],[9.0162039,45.0037443],[9.0162039,45.0047818],[9.0149098,45.0047818],[9.0149098,45.0037443]]]}},{"type":"Feature","id":"B0501","properties":{"z":"Z033","k":"podium","h":17.2,"dh":0.0,"td":0.0,"t0":7.67,"g":0,"cbd":0,"d":1.313},"geometry":{"type":"Polygon","coordinates":[[[9.0147542,45.0036955],[9.0163595,45.0036955],[9.0163595,45.0048306],[9.0147542,45.0048306],[9.0147542,45.0036955]]]}},{"type":"Feature","id":"B0502","properties":{"z":"Z033","k":"mixed","h":28.7,"dh":0.0,"td":9.1,"t0":0.0,"g":0,"cbd":0,"d":1.454},"geometry":{"type":"Polygon","coordinates":[[[9.0169292,45.003823],[9.0179862,45.003823],[9.0179862,45.0047031],[9.0169292,45.0047031],[9.0169292,45.003823]]]}},{"type":"Feature","id":"B0503","properties":{"z":"Z033","k":"office","h":46.1,"dh":0.0,"td":17.4,"t0":0.0,"g":0,"cbd":0,"d":1.374},"geometry":{"type":"Polygon","coordinates":[[[9.0148507,45.00512],[9.0162631,45.00512],[9.0162631,45.0060943],[9.0148507,45.0060943],[9.0148507,45.00512]]]}},{"type":"Feature","id":"B0504","properties":{"z":"Z033","k":"mixed","h":42.5,"dh":0.0,"td":0.0,"t0":0.0,"g":0,"cbd":0,"d":1.509},"geometry":{"type":"Polygon","coordinates":[[[9.0167346,45.0051648],[9.0181809,45.0051648],[9.0181809,45.0060495],[9.0167346,45.0060495],[9.0167346,45.0051648]]]}},{"type":"Feature","id":"B0505","properties":{"z":"Z033","k":"lowrise","h":7.0,"dh":0.0,"td":0.0,"t0":0.0,"g":1,"cbd":0,"d":1.694},"geometry":{"type":"Polygon","coordinates":[[[9.0200291,45.0037663],[9.0212797,45.0037663],[9.0212797,45.0047598],[9.0200291,45.0047598],[9.0200291,45.0037663]]]}},{"type":"Feature","id":"B0506","properties":{"z":"Z033","k":"lowrise","h":13.3,"dh":0.0,"td":0.0,"t0":0.0,"g":1,"cbd":0,"d":1.838},"geometry":{"type":"Polygon","coordinates":[[[9.0220123,45.0038477],[9.0230981,45.0038477],[9.0230981,45.0046784],[9.0220123,45.0046784],[9.0220123,45.0038477]]]}},{"type":"Feature","id":"B0507","properties":{"z":"Z033","k":"mixed","h":39.9,"dh":24.1,"td":22.6,"t0":0.0,"g":0,"cbd":0,"d":1.742},"geometry":{"type":"Polygon","coordinates":[[[9.0200759,45.0052409],[9.0212328,45.0052409],[9.0212328,45.0059734],[9.0200759,45.0059734],[9.0200759,45.0052409]]]}},{"type":"Feature","id":"B0508","properties":{"z":"Z033","k":"mixed","h":17.8,"dh":0.0,"td":0.0,"t0":0.0,"g":0,"cbd":0,"d":1.882},"geometry":{"type":"Polygon","coordinates":[[[9.0219857,45.0051178],[9.0231248,45.0051178],[9.0231248,45.0060965],[9.0219857,45.0060965],[9.0219857,45.0051178]]]}},{"type":"Feature","id":"B0509","properties":{"z":"Z033","k":"mixed","h":38.8,"dh":0.0,"td":0.0,"t0":0.0,"g":0,"cbd":0,"d":1.506},"geometry":{"type":"Polygon","coordinates":[[[9.0150357,45.0073476],[9.0160781,45.0073476],[9.0160781,45.0083874],[9.0150357,45.0083874],[9.0150357,45.0073476]]]}},{"type":"Feature","id":"B0510","properties":{"z":"Z033","k":"park","h":0.0,"dh":0.0,"td":0.0,"t0":0.0,"g":0,"cbd":0,"d":1.63},"geometry":{"type":"Polygon","coordinates":[[[9.0169091,45.0073601],[9.0180063,45.0073601],[9.0180063,45.0083749],[9.0169091,45.0083749],[9.0169091,45.0073601]]]}},{"type":"Feature","id":"B0511","properties":{"z":"Z033","k":"mixed","h":32.4,"dh":0.0,"td":0.0,"t0":7.22,"g":0,"cbd":0,"d":1.597},"geometry":{"type":"Polygon","coordinates":[[[9.0149488,45.0087395],[9.0161649,45.0087395],[9.0161649,45.0096837],[9.0149488,45.0096837],[9.0149488,45.0087395]]]}},{"type":"Feature","id":"B0512","properties":{"z":"Z033","k":"lowrise","h":13.3,"dh":0.0,"td":0.0,"t0":0.0,"g":1,"cbd":0,"d":1.715},"geometry":{"type":"Polygon","coordinates":[[[9.0167506,45.008799],[9.0181649,45.008799],[9.0181649,45.0096243],[9.0167506,45.0096243],[9.0167506,45.008799]]]}},{"type":"Feature","id":"B0513","properties":{"z":"Z033","k":"mixed","h":21.7,"dh":0.0,"td":0.0,"t0":0.0,"g":0,"cbd":0,"d":1.847},"geometry":{"type":"Polygon","coordinates":[[[9.0201172,45.0073641],[9.0211915,45.0073641],[9.0211915,45.008371],[9.0201172,45.008371],[9.0201172,45.0073641]]]}},{"type":"Feature","id":"B0514","properties":{"z":"Z033","k":"park","h":0.0,"dh":0.0,"td":0.0,"t0":0.0,"g":0,"cbd":0,"d":1.98},"geometry":{"type":"Polygon","coordinates":[[[9.0219994,45.0073484],[9.023111,45.0073484],[9.023111,45.0083866],[9.0219994,45.0083866],[9.0219994,45.0073484]]]}},{"type":"Feature","id":"B0515","properties":{"z":"Z033","k":"mixed","h":25.3,"dh":0.0,"td":0.0,"t0":0.0,"g":0,"cbd":0,"d":1.922},"geometry":{"type":"Polygon","coordinates":[[[9.0199452,45.008806],[9.0213635,45.008806],[9.0213635,45.0096172],[9.0199452,45.0096172],[9.0199452,45.008806]]]}},{"type":"Feature","id":"B0516","properties":{"z":"Z033","k":"mixed","h":31.1,"dh":17.4,"td":0.0,"t0":0.0,"g":0,"cbd":0,"d":2.05},"geometry":{"type":"Polygon","coordinates":[[[9.022034,45.0088126],[9.0230764,45.0088126],[9.0230764,45.0096106],[9.022034,45.0096106],[9.022034,45.0088126]]]}},{"type":"Feature","id":"B0517","properties":{"z":"Z034","k":"residential","h":24.9,"dh":0.0,"td":3.8,"t0":0.0,"g":0,"cbd":0,"d":2.031},"geometry":{"type":"Polygon","coordinates":[[[9.02445,45.0038882],[9.0257198,45.0038882],[9.0257198,45.0046379],[9.02445,45.0046379],[9.02445,45.0038882]]]}},{"type":"Feature","id":"B0518","properties":{"z":"Z034","k":"residential","h":23.5,"dh":0.0,"td":0.0,"t0":0.0,"g":0,"cbd":0,"d":2.177},"geometry":{"type":"Polygon","coordinates":[[[9.026326,45.0037585],[9.0276456,45.0037585],[9.0276456,45.0047676],[9.026326,45.0047676],[9.026326,45.0037585]]]}},{"type":"Feature","id":"B0519","properties":{"z":"Z034","k":"residential","h":24.3,"dh":0.0,"td":0.0,"t0":2.73,"g":0,"cbd":0,"d":2.071},"geometry":{"type":"Polygon","coordinates":[[[9.0245819,45.0052115],[9.0255879,45.0052115],[9.0255879,45.0060028],[9.0245819,45.0060028],[9.0245819,45.0052115]]]}},{"type":"Feature","id":"B0520","properties":{"z":"Z034","k":"residential","h":21.8,"dh":14.0,"td":6.2,"t0":0.0,"g":0,"cbd":0,"d":2.214},"geometry":{"type":"Polygon","coordinates":[[[9.026327,45.0052144],[9.0276446,45.0052144],[9.0276446,45.0059999],[9.026327,45.0059999],[9.026327,45.0052144]]]}},{"type":"Feature","id":"B0521","properties":{"z":"Z034","k":"residential","h":10.4,"dh":0.0,"td":0.0,"t0":0.0,"g":0,"cbd":0,"d":2.423},"geometry":{"type":"Polygon","coordinates":[[[9.0295326,45.0038317],[9.0308322,45.0038317],[9.0308322,45.0046944],[9.0295326,45.0046944],[9.0295326,45.0038317]]]}},{"type":"Feature","id":"B0522","properties":{"z":"Z034","k":"residential","h":20.5,"dh":0.0,"td":0.0,"t0":0.0,"g":0,"cbd":0,"d":2.57},"geometry":{"type":"Polygon","coordinates":[[[9.0314429,45.0038941],[9.0327236,45.0038941],[9.0327236,45.004632],[9.0314429,45.004632],[9.0314429,45.0038941]]]}},{"type":"Feature","id":"B0523","properties":{"z":"Z034","k":"residential","h":21.3,"dh":0.0,"td":0.0,"t0":0.0,"g":0,"cbd":0,"d":2.456},"geometry":{"type":"Polygon","coordinates":[[[9.0294499,45.00513],[9.030915,45.00513],[9.030915,45.0060843],[9.0294499,45.0060843],[9.0294499,45.00513]]]}},{"type":"Feature","id":"B0524","properties":{"z":"Z034","k":"residential","h":11.2,"dh":0.0,"td":1.7,"t0":0.0,"g":0,"cbd":0,"d":2.601},"geometry":{"type":"Polygon","coordinates":[[[9.0315221,45.0052116],[9.0326444,45.0052116],[9.0326444,45.0060027],[9.0315221,45.0060027],[9.0315221,45.0052116]]]}},{"type":"Feature","id":"B0525","properties":{"z":"Z034","k":"residential","h":18.0,"dh":3.4,"td":3.0,"t0":0.0,"g":0,"cbd":0,"d":2.16},"geometry":{"type":"Polygon","coordinates":[[[9.0244998,45.0074451],[9.0256701,45.0074451],[9.0256701,45.0082899],[9.0244998,45.0082899],[9.0244998,45.0074451]]]}},{"type":"Feature","id":"B0526","properties":{"z":"Z034","k":"residential","h":22.1,"dh":0.0,"td":1.8,"t0":0.0,"g":0,"cbd":0,"d":2.298},"geometry":{"type":"Polygon","coordinates":[[[9.0262833,45.0073659],[9.0276882,45.0073659],[9.0276882,45.0083691],[9.0262833,45.0083691],[9.0262833,45.0073659]]]}},{"type":"Feature","id":"B0527","properties":{"z":"Z034","k":"residential","h":15.2,"dh":0.0,"td":0.0,"t0":0.0,"g":0,"cbd":0,"d":2.225},"geometry":{"type":"Polygon","coordinates":[[[9.0244201,45.0087591],[9.0257497,45.0087591],[9.0257497,45.0096642],[9.0244201,45.0096642],[9.0244201,45.0087591]]]}},{"type":"Feature","id":"B0528","properties":{"z":"Z034","k":"residential","h":11.5,"dh":0.0,"td":0.7,"t0":0.0,"g":0,"cbd":0,"d":2.359},"geometry":{"type":"Polygon","coordinates":[[[9.0264448,45.0086964],[9.0275267,45.0086964],[9.0275267,45.0097268],[9.0264448,45.0097268],[9.0264448,45.0086964]]]}},{"type":"Feature","id":"B0529","properties":{"z":"Z034","k":"park","h":0.0,"dh":0.0,"td":0.0,"t0":0.0,"g":0,"cbd":0,"d":2.532},"geometry":{"type":"Polygon","coordinates":[[[9.0294911,45.0074971],[9.0308737,45.0074971],[9.0308737,45.008238],[9.0294911,45.008238],[9.0294911,45.0074971]]]}},{"type":"Feature","id":"B0530","properties":{"z":"Z034","k":"residential","h":10.1,"dh":0.0,"td":0.0,"t0":0.0,"g":0,"cbd":0,"d":2.673},"geometry":{"type":"Polygon","coordinates":[[[9.0315018,45.0074444],[9.0326647,45.0074444],[9.0326647,45.0082906],[9.0315018,45.0082906],[9.0315018,45.0074444]]]}},{"type":"Feature","id":"B0531","properties":{"z":"Z034","k":"residential","h":8.8,"dh":6.4,"td":0.0,"t0":0.0,"g":0,"cbd":0,"d":2.588},"geometry":{"type":"Polygon","coordinates":[[[9.0295993,45.0087857],[9.0307655,45.0087857],[9.0307655,45.0096376],[9.0295993,45.0096376],[9.0295993,45.0087857]]]}},{"type":"Feature","id":"B0532","properties":{"z":"Z034","k":"residential","h":10.9,"dh":3.3,"td":0.0,"t0":0.0,"g":0,"cbd":0,"d":2.726},"geometry":{"type":"Polygon","coordinates":[[[9.0315167,45.0087143],[9.0326498,45.0087143],[9.0326498,45.009709],[9.0315167,45.009709],[9.0315167,45.0087143]]]}},{"type":"Feature","id":"B0533","properties":{"z":"Z035","k":"residential","h":10.6,"dh":0.0,"td":0.0,"t0":0.0,"g":0,"cbd":0,"d":2.766},"geometry":{"type":"Polygon","coordinates":[[[9.033944,45.0038058],[9.0352819,45.0038058],[9.0352819,45.0047203],[9.033944,45.0047203],[9.033944,45.0038058]]]}},{"type":"Feature","id":"B0534","properties":{"z":"Z035","k":"residential","h":8.3,"dh":0.0,"td":0.5,"t0":0.0,"g":0,"cbd":0,"d":2.913},"geometry":{"type":"Polygon","coordinates":[[[9.0359282,45.0038209],[9.0370994,45.0038209],[9.0370994,45.0047052],[9.0359282,45.0047052],[9.0359282,45.0038209]]]}},{"type":"Feature","id":"B0535","properties":{"z":"Z035","k":"residential","h":8.9,"dh":0.0,"td":0.7,"t0":0.0,"g":0,"cbd":0,"d":2.795},"geometry":{"type":"Polygon","coordinates":[[[9.0339043,45.005163],[9.0353216,45.005163],[9.0353216,45.0060513],[9.0339043,45.0060513],[9.0339043,45.005163]]]}},{"type":"Feature","id":"B0536","properties":{"z":"Z035","k":"residential","h":13.5,"dh":3.8,"td":0.0,"t0":0.0,"g":0,"cbd":0,"d":2.941},"geometry":{"type":"Polygon","coordinates":[[[9.0358057,45.0050981],[9.0372218,45.0050981],[9.0372218,45.0061162],[9.0358057,45.0061162],[9.0358057,45.0050981]]]}},{"type":"Feature","id":"B0537","properties":{"z":"Z035","k":"residential","h":18.1,"dh":0.0,"td":0.6,"t0":0.0,"g":0,"cbd":0,"d":3.162},"geometry":{"type":"Polygon","coordinates":[[[9.0391065,45.0038868],[9.0403144,45.0038868],[9.0403144,45.0046393],[9.0391065,45.0046393],[9.0391065,45.0038868]]]}},{"type":"Feature","id":"B0538","properties":{"z":"Z035","k":"park","h":0.0,"dh":0.0,"td":0.0,"t0":0.0,"g":0,"cbd":0,"d":3.31},"geometry":{"type":"Polygon","coordinates":[[[9.041078,45.0037779],[9.0421446,45.0037779],[9.0421446,45.0047481],[9.041078,45.0047481],[9.041078,45.0037779]]]}},{"type":"Feature","id":"B0539","properties":{"z":"Z035","k":"residential","h":16.6,"dh":0.0,"td":0.9,"t0":0.0,"g":0,"cbd":0,"d":3.188},"geometry":{"type":"Polygon","coordinates":[[[9.0390368,45.0052399],[9.0403841,45.0052399],[9.0403841,45.0059744],[9.0390368,45.0059744],[9.0390368,45.0052399]]]}},{"type":"Feature","id":"B0540","properties":{"z":"Z035","k":"residential","h":20.0,"dh":0.0,"td":0.7,"t0":5.9,"g":0,"cbd":0,"d":3.334},"geometry":{"type":"Polygon","coordinates":[[[9.0409601,45.0051067],[9.0422625,45.0051067],[9.0422625,45.0061076],[9.0409601,45.0061076],[9.0409601,45.0051067]]]}},{"type":"Feature","id":"B0541","properties":{"z":"Z035","k":"residential","h":13.9,"dh":8.8,"td":0.0,"t0":0.0,"g":0,"cbd":0,"d":2.862},"geometry":{"type":"Polygon","coordinates":[[[9.0340505,45.0074362],[9.0351754,45.0074362],[9.0351754,45.0082989],[9.0340505,45.0082989],[9.0340505,45.0074362]]]}},{"type":"Feature","id":"B0542","properties":{"z":"Z035","k":"residential","h":18.8,"dh":0.0,"td":0.0,"t0":0.0,"g":0,"cbd":0,"d":3.005},"geometry":{"type":"Polygon","coordinates":[[[9.0359514,45.0074892],[9.0370762,45.0074892],[9.0370762,45.0082459],[9.0359514,45.0082459],[9.0359514,45.0074892]]]}},{"type":"Feature","id":"B0543","properties":{"z":"Z035","k":"park","h":0.0,"dh":0.0,"td":0.0,"t0":0.0,"g":0,"cbd":0,"d":2.911},"geometry":{"type":"Polygon","coordinates":[[[9.0338964,45.0087273],[9.0353295,45.0087273],[9.0353295,45.009696],[9.0338964,45.009696],[9.0338964,45.0087273]]]}},{"type":"Feature","id":"B0544","properties":{"z":"Z035","k":"residential","h":16.9,"dh":0.0,"td":0.0,"t0":0.0,"g":0,"cbd":0,"d":3.052},"geometry":{"type":"Polygon","coordinates":[[[9.0358808,45.0087146],[9.0371468,45.0087146],[9.0371468,45.0097086],[9.0358808,45.0097086],[9.0358808,45.0087146]]]}},{"type":"Feature","id":"B0545","properties":{"z":"Z035","k":"residential","h":13.4,"dh":0.0,"td":0.0,"t0":0.0,"g":0,"cbd":0,"d":3.246},"geometry":{"type":"Polygon","coordinates":[[[9.0389776,45.0075043],[9.0404432,45.0075043],[9.0404432,45.0082308],[9.0389776,45.0082308],[9.0389776,45.0075043]]]}},{"type":"Feature","id":"B0546","properties":{"z":"Z035","k":"residential","h":10.0,"dh":0.0,"td":0.0,"t0":0.0,"g":0,"cbd":0,"d":3.391},"geometry":{"type":"Polygon","coordinates":[[[9.041021,45.0073831],[9.0422016,45.0073831],[9.0422016,45.008352],[9.041021,45.008352],[9.041021,45.0073831]]]}},{"type":"Feature","id":"B0547","properties":{"z":"Z035","k":"residential","h":15.8,"dh":0.0,"td":0.0,"t0":0.0,"g":0,"cbd":0,"d":3.29},"geometry":{"type":"Polygon","coordinates":[[[9.03905,45.0087587],[9.0403709,45.0087587],[9.0403709,45.0096645],[9.03905,45.0096645],[9.03905,45.0087587]]]}},{"type":"Feature","id":"B0548","properties":{"z":"Z035","k":"residential","h":13.1,"dh":3.9,"td":0.8,"t0":0.0,"g":0,"cbd":0,"d":3.432},"geometry":{"type":"Polygon","coordinates":[[[9.0408756,45.0087919],[9.042347,45.0087919],[9.042347,45.0096313],[9.0408756,45.0096313],[9.0408756,45.0087919]]]}},{"type":"Feature","id":"B0549","properties":{"z":"Z036","k":"industrial","h":15.5,"dh":0.0,"td":0.0,"t0":2.76,"g":0,"cbd":0,"d":3.287},"geometry":{"type":"Polygon","coordinates":[[[8.9576879,44.9970281],[8.9590896,44.9970281],[8.9590896,44.9980233],[8.9576879,44.9980233],[8.9576879,44.9970281]]]}},{"type":"Feature","id":"B0550","properties":{"z":"Z036","k":"industrial","h":14.0,"dh":0.0,"td":0.0,"t0":0.0,"g":0,"cbd":0,"d":3.138},"geometry":{"type":"Polygon","coordinates":[[[8.9596597,44.9970731],[8.9609194,44.9970731],[8.9609194,44.9979783],[8.9596597,44.9979783],[8.9596597,44.9970731]]]}},{"type":"Feature","id":"B0551","properties":{"z":"Z036","k":"industrial","h":7.8,"dh":0.0,"td":0.0,"t0":0.0,"g":0,"cbd":0,"d":3.278},"geometry":{"type":"Polygon","coordinates":[[[8.9577484,44.9983581],[8.959029,44.9983581],[8.959029,44.9993815],[8.9577484,44.9993815],[8.9577484,44.9983581]]]}},{"type":"Feature","id":"B0552","properties":{"z":"Z036","k":"industrial","h":16.0,"dh":0.0,"td":0.6,"t0":0.0,"g":0,"cbd":0,"d":3.128},"geometry":{"type":"Polygon","coordinates":[[[8.9597576,44.9984191],[8.9608215,44.9984191],[8.9608215,44.9993205],[8.9597576,44.9993205],[8.9597576,44.9984191]]]}},{"type":"Feature","id":"B0553","properties":{"z":"Z036","k":"industrial","h":16.7,"dh":11.5,"td":0.0,"t0":0.0,"g":0,"cbd":0,"d":2.887},"geometry":{"type":"Polygon","coordinates":[[[8.9629045,44.9971025],[8.9640679,44.9971025],[8.9640679,44.9979489],[8.9629045,44.9979489],[8.9629045,44.9971025]]]}},{"type":"Feature","id":"B0554","properties":{"z":"Z036","k":"industrial","h":9.5,"dh":0.0,"td":1.0,"t0":0.0,"g":0,"cbd":0,"d":2.738},"geometry":{"type":"Polygon","coordinates":[[[8.9646938,44.99712],[8.9660803,44.99712],[8.9660803,44.9979314],[8.9646938,44.9979314],[8.9646938,44.99712]]]}},{"type":"Feature","id":"B0555","properties":{"z":"Z036","k":"industrial","h":15.7,"dh":0.0,"td":0.0,"t0":0.0,"g":0,"cbd":0,"d":2.877},"geometry":{"type":"Polygon","coordinates":[[[8.9628966,44.9984276],[8.9640758,44.9984276],[8.9640758,44.999312],[8.9628966,44.999312],[8.9628966,44.9984276]]]}},{"type":"Feature","id":"B0556","properties":{"z":"Z036","k":"industrial","h":15.7,"dh":0.0,"td":1.2,"t0":0.0,"g":0,"cbd":0,"d":2.727},"geometry":{"type":"Polygon","coordinates":[[[8.9648029,44.9983794],[8.9659712,44.9983794],[8.9659712,44.9993602],[8.9648029,44.9993602],[8.9648029,44.9983794]]]}},{"type":"Feature","id":"B0557","properties":{"z":"Z036","k":"industrial","h":14.7,"dh":0.0,"td":0.4,"t0":0.0,"g":0,"cbd":0,"d":3.278},"geometry":{"type":"Polygon","coordinates":[[[8.9578781,45.0007589],[8.9588994,45.0007589],[8.9588994,45.0015014],[8.9578781,45.0015014],[8.9578781,45.0007589]]]}},{"type":"Feature","id":"B0558","properties":{"z":"Z036","k":"park","h":0.0,"dh":0.0,"td":0.0,"t0":0.0,"g":0,"cbd":0,"d":3.128},"geometry":{"type":"Polygon","coordinates":[[[8.9596041,45.000654],[8.960975,45.000654],[8.960975,45.0016064],[8.9596041,45.0016064],[8.9596041,45.000654]]]}},{"type":"Feature","id":"B0559","properties":{"z":"Z036","k":"industrial","h":7.5,"dh":0.0,"td":0.0,"t0":0.0,"g":0,"cbd":0,"d":3.287},"geometry":{"type":"Polygon","coordinates":[[[8.9576848,45.0020213],[8.9590926,45.0020213],[8.9590926,45.0029273],[8.9576848,45.0029273],[8.9576848,45.0020213]]]}},{"type":"Feature","id":"B0560","properties":{"z":"Z036","k":"industrial","h":12.0,"dh":0.0,"td":0.0,"t0":0.0,"g":0,"cbd":0,"d":3.138},"geometry":{"type":"Polygon","coordinates":[[[8.9597187,45.0020264],[8.9608604,45.0020264],[8.9608604,45.0029222],[8.9597187,45.0029222],[8.9597187,45.0020264]]]}},{"type":"Feature","id":"B0561","properties":{"z":"Z036","k":"industrial","h":13.9,"dh":0.0,"td":1.3,"t0":0.0,"g":0,"cbd":0,"d":2.877},"geometry":{"type":"Polygon","coordinates":[[[8.9629758,45.0007369],[8.9639966,45.0007369],[8.9639966,45.0015235],[8.9629758,45.0015235],[8.9629758,45.0007369]]]}},{"type":"Feature","id":"B0562","properties":{"z":"Z036","k":"industrial","h":13.6,"dh":0.0,"td":0.6,"t0":0.0,"g":0,"cbd":0,"d":2.727},"geometry":{"type":"Polygon","coordinates":[[[8.9647217,45.0006523],[8.9660524,45.0006523],[8.9660524,45.0016081],[8.9647217,45.0016081],[8.9647217,45.0006523]]]}},{"type":"Feature","id":"B0563","properties":{"z":"Z036","k":"industrial","h":7.6,"dh":0.0,"td":0.4,"t0":0.0,"g":0,"cbd":0,"d":2.887},"geometry":{"type":"Polygon","coordinates":[[[8.9628757,45.0020741],[8.9640968,45.0020741],[8.9640968,45.0028744],[8.9628757,45.0028744],[8.9628757,45.0020741]]]}},{"type":"Feature","id":"B0564","properties":{"z":"Z036","k":"industrial","h":7.1,"dh":0.0,"td":0.5,"t0":0.0,"g":0,"cbd":0,"d":2.738},"geometry":{"type":"Polygon","coordinates":[[[8.9647134,45.0020717],[8.9660607,45.0020717],[8.9660607,45.0028768],[8.9647134,45.0028768],[8.9647134,45.0020717]]]}},{"type":"Feature","id":"B0565","properties":{"z":"Z037","k":"residential","h":16.9,"dh":0.0,"td":2.1,"t0":1.63,"g":0,"cbd":0,"d":2.54},"geometry":{"type":"Polygon","coordinates":[[[8.9673033,44.9970585],[8.9685302,44.9970585],[8.9685302,44.997993],[8.9673033,44.997993],[8.9673033,44.9970585]]]}},{"type":"Feature","id":"B0566","properties":{"z":"Z037","k":"residential","h":18.2,"dh":0.0,"td":0.0,"t0":0.0,"g":0,"cbd":0,"d":2.392},"geometry":{"type":"Polygon","coordinates":[[[8.9692449,44.997049],[8.9703903,44.997049],[8.9703903,44.9980024],[8.9692449,44.9980024],[8.9692449,44.997049]]]}},{"type":"Feature","id":"B0567","properties":{"z":"Z037","k":"park","h":0.0,"dh":0.0,"td":0.0,"t0":0.0,"g":0,"cbd":0,"d":2.529},"geometry":{"type":"Polygon","coordinates":[[[8.9673122,44.998358],[8.9685213,44.998358],[8.9685213,44.9993816],[8.9673122,44.9993816],[8.9673122,44.998358]]]}},{"type":"Feature","id":"B0568","properties":{"z":"Z037","k":"residential","h":11.4,"dh":5.7,"td":2.7,"t0":0.0,"g":0,"cbd":0,"d":2.379},"geometry":{"type":"Polygon","coordinates":[[[8.969244,44.9984133],[8.9703912,44.9984133],[8.9703912,44.9993263],[8.969244,44.9993263],[8.969244,44.9984133]]]}},{"type":"Feature","id":"B0569","properties":{"z":"Z037","k":"residential","h":10.6,"dh":2.8,"td":0.0,"t0":0.0,"g":0,"cbd":0,"d":2.142},"geometry":{"type":"Polygon","coordinates":[[[8.9724667,44.9971364],[8.9735618,44.9971364],[8.9735618,44.997915],[8.9724667,44.997915],[8.9724667,44.9971364]]]}},{"type":"Feature","id":"B0570","properties":{"z":"Z037","k":"residential","h":14.3,"dh":0.0,"td":3.4,"t0":0.0,"g":0,"cbd":0,"d":1.994},"geometry":{"type":"Polygon","coordinates":[[[8.9742046,44.9971104],[8.9756256,44.9971104],[8.9756256,44.997941],[8.9742046,44.997941],[8.9742046,44.9971104]]]}},{"type":"Feature","id":"B0571","properties":{"z":"Z037","k":"residential","h":19.7,"dh":0.0,"td":3.9,"t0":0.0,"g":0,"cbd":0,"d":2.128},"geometry":{"type":"Polygon","coordinates":[[[8.9723302,44.9983977],[8.9736983,44.9983977],[8.9736983,44.9993419],[8.9723302,44.9993419],[8.9723302,44.9983977]]]}},{"type":"Feature","id":"B0572","properties":{"z":"Z037","k":"residential","h":23.0,"dh":0.0,"td":0.0,"t0":0.0,"g":0,"cbd":0,"d":1.979},"geometry":{"type":"Polygon","coordinates":[[[8.9742404,44.9983756],[8.9755898,44.9983756],[8.9755898,44.999364],[8.9742404,44.999364],[8.9742404,44.9983756]]]}},{"type":"Feature","id":"B0573","properties":{"z":"Z037","k":"residential","h":8.7,"dh":4.0,"td":2.0,"t0":0.0,"g":0,"cbd":0,"d":2.529},"geometry":{"type":"Polygon","coordinates":[[[8.9672535,45.0006622],[8.96858,45.0006622],[8.96858,45.0015982],[8.9672535,45.0015982],[8.9672535,45.0006622]]]}},{"type":"Feature","id":"B0574","properties":{"z":"Z037","k":"residential","h":9.9,"dh":0.0,"td":0.0,"t0":0.0,"g":0,"cbd":0,"d":2.379},"geometry":{"type":"Polygon","coordinates":[[[8.9692872,45.0006864],[8.970348,45.0006864],[8.970348,45.001574],[8.9692872,45.001574],[8.9692872,45.0006864]]]}},{"type":"Feature","id":"B0575","properties":{"z":"Z037","k":"park","h":0.0,"dh":0.0,"td":0.0,"t0":0.0,"g":0,"cbd":0,"d":2.54},"geometry":{"type":"Polygon","coordinates":[[[8.9673049,45.0020824],[8.9685286,45.0020824],[8.9685286,45.0028662],[8.9673049,45.0028662],[8.9673049,45.0020824]]]}},{"type":"Feature","id":"B0576","properties":{"z":"Z037","k":"residential","h":11.7,"dh":0.0,"td":0.0,"t0":0.0,"g":0,"cbd":0,"d":2.392},"geometry":{"type":"Polygon","coordinates":[[[8.9690982,45.0020181],[8.9705369,45.0020181],[8.9705369,45.0029305],[8.9690982,45.0029305],[8.9690982,45.0020181]]]}},{"type":"Feature","id":"B0577","properties":{"z":"Z037","k":"residential","h":16.0,"dh":0.0,"td":2.6,"t0":0.0,"g":0,"cbd":0,"d":2.128},"geometry":{"type":"Polygon","coordinates":[[[8.9724452,45.0007374],[8.9735832,45.0007374],[8.9735832,45.0015229],[8.9724452,45.0015229],[8.9724452,45.0007374]]]}},{"type":"Feature","id":"B0578","properties":{"z":"Z037","k":"park","h":0.0,"dh":0.0,"td":0.0,"t0":0.0,"g":0,"cbd":0,"d":1.979},"geometry":{"type":"Polygon","coordinates":[[[8.9743284,45.000656],[8.9755018,45.000656],[8.9755018,45.0016043],[8.9743284,45.0016043],[8.9743284,45.000656]]]}},{"type":"Feature","id":"B0579","properties":{"z":"Z037","k":"park","h":0.0,"dh":0.0,"td":0.0,"t0":0.0,"g":0,"cbd":0,"d":2.142},"geometry":{"type":"Polygon","coordinates":[[[8.9725082,45.0021046],[8.9735203,45.0021046],[8.9735203,45.002844],[8.9725082,45.002844],[8.9725082,45.0021046]]]}},{"type":"Feature","id":"B0580","properties":{"z":"Z037","k":"residential","h":11.2,"dh":0.0,"td":1.9,"t0":0.0,"g":0,"cbd":0,"d":1.994},"geometry":{"type":"Polygon","coordinates":[[[8.9742884,45.0020566],[8.9755418,45.0020566],[8.9755418,45.002892],[8.9742884,45.002892],[8.9742884,45.0020566]]]}},{"type":"Feature","id":"B0581","properties":{"z":"Z038","k":"park","h":0.0,"dh":0.0,"td":0.0,"t0":0.0,"g":0,"cbd":0,"d":1.797},"geometry":{"type":"Polygon","coordinates":[[[8.976731,44.997165],[8.9781585,44.997165],[8.9781585,44.9978865],[8.976731,44.9978865],[8.976731,44.997165]]]}},{"type":"Feature","id":"B0582","properties":{"z":"Z038","k":"lowrise","h":6.4,"dh":0.0,"td":0.0,"t0":0.0,"g":1,"cbd":0,"d":1.649},"geometry":{"type":"Polygon","coordinates":[[[8.9786773,44.9971326],[8.9800139,44.9971326],[8.9800139,44.9979189],[8.9786773,44.9979189],[8.9786773,44.9971326]]]}},{"type":"Feature","id":"B0583","properties":{"z":"Z038","k":"mixed","h":21.5,"dh":0.0,"td":0.0,"t0":0.0,"g":0,"cbd":0,"d":1.78},"geometry":{"type":"Polygon","coordinates":[[[8.9768087,44.9984055],[8.9780809,44.9984055],[8.9780809,44.9993341],[8.9768087,44.9993341],[8.9768087,44.9984055]]]}},{"type":"Feature","id":"B0584","properties":{"z":"Z038","k":"office","h":45.6,"dh":0.0,"td":0.0,"t0":0.0,"g":0,"cbd":0,"d":1.631},"geometry":{"type":"Polygon","coordinates":[[[8.9788186,44.9984992],[8.9798726,44.9984992],[8.9798726,44.9992404],[8.9788186,44.9992404],[8.9788186,44.9984992]]]}},{"type":"Feature","id":"B0585","properties":{"z":"Z038","k":"lowrise","h":11.9,"dh":0.0,"td":3.5,"t0":0.0,"g":0,"cbd":0,"d":1.402},"geometry":{"type":"Polygon","coordinates":[[[8.9819783,44.9970269],[8.9831062,44.9970269],[8.9831062,44.9980245],[8.9819783,44.9980245],[8.9819783,44.9970269]]]}},{"type":"Feature","id":"B0586","properties":{"z":"Z038","k":"mixed","h":34.6,"dh":0.0,"td":0.0,"t0":0.0,"g":0,"cbd":0,"d":1.255},"geometry":{"type":"Polygon","coordinates":[[[8.9837421,44.9971469],[8.9851441,44.9971469],[8.9851441,44.9979045],[8.9837421,44.9979045],[8.9837421,44.9971469]]]}},{"type":"Feature","id":"B0587","properties":{"z":"Z038","k":"mixed","h":23.8,"dh":0.0,"td":0.0,"t0":0.0,"g":0,"cbd":0,"d":1.38},"geometry":{"type":"Polygon","coordinates":[[[8.9819989,44.9984924],[8.9830857,44.9984924],[8.9830857,44.9992472],[8.9819989,44.9992472],[8.9819989,44.9984924]]]}},{"type":"Feature","id":"B0588","properties":{"z":"Z038","k":"mixed","h":39.8,"dh":0.0,"td":0.0,"t0":0.0,"g":0,"cbd":0,"d":1.231},"geometry":{"type":"Polygon","coordinates":[[[8.9837839,44.99849],[8.9851023,44.99849],[8.9851023,44.9992496],[8.9837839,44.9992496],[8.9837839,44.99849]]]}},{"type":"Feature","id":"B0589","properties":{"z":"Z038","k":"mixed","h":25.7,"dh":0.0,"td":8.5,"t0":0.0,"g":0,"cbd":0,"d":1.78},"geometry":{"type":"Polygon","coordinates":[[[8.9767348,45.0006475],[8.9781547,45.0006475],[8.9781547,45.0016128],[8.9767348,45.0016128],[8.9767348,45.0006475]]]}},{"type":"Feature","id":"B0590","properties":{"z":"Z038","k":"mixed","h":39.7,"dh":0.0,"td":0.0,"t0":0.0,"g":0,"cbd":0,"d":1.631},"geometry":{"type":"Polygon","coordinates":[[[8.9787981,45.0007739],[8.9798931,45.0007739],[8.9798931,45.0014865],[8.9787981,45.0014865],[8.9787981,45.0007739]]]}},{"type":"Feature","id":"B0591","properties":{"z":"Z038","k":"mixed","h":23.5,"dh":0.0,"td":0.0,"t0":0.0,"g":0,"cbd":0,"d":1.797},"geometry":{"type":"Polygon","coordinates":[[[8.9769056,45.0019761],[8.977984,45.0019761],[8.977984,45.0029724],[8.9769056,45.0029724],[8.9769056,45.0019761]]]}},{"type":"Feature","id":"B0592","properties":{"z":"Z038","k":"mixed","h":38.7,"dh":26.0,"td":0.0,"t0":0.0,"g":0,"cbd":0,"d":1.649},"geometry":{"type":"Polygon","coordinates":[[[8.9788156,45.0019771],[8.9798756,45.0019771],[8.9798756,45.0029715],[8.9788156,45.0029715],[8.9788156,45.0019771]]]}},{"type":"Feature","id":"B0593","properties":{"z":"Z038","k":"office","h":53.3,"dh":0.0,"td":9.3,"t0":0.0,"g":0,"cbd":0,"d":1.38},"geometry":{"type":"Polygon","coordinates":[[[8.9819132,45.0006661],[8.9831713,45.0006661],[8.9831713,45.0015943],[8.9819132,45.0015943],[8.9819132,45.0006661]]]}},{"type":"Feature","id":"B0594","properties":{"z":"Z038","k":"lowrise","h":5.6,"dh":0.0,"td":0.0,"t0":0.0,"g":1,"cbd":0,"d":1.231},"geometry":{"type":"Polygon","coordinates":[[[8.9837839,45.0006142],[8.9851023,45.0006142],[8.9851023,45.0016461],[8.9837839,45.0016461],[8.9837839,45.0006142]]]}},{"type":"Feature","id":"B0595","properties":{"z":"Z038","k":"office","h":46.4,"dh":0.0,"td":0.0,"t0":0.0,"g":0,"cbd":0,"d":1.402},"geometry":{"type":"Polygon","coordinates":[[[8.9819944,45.002112],[8.9830902,45.002112],[8.9830902,45.0028366],[8.9819944,45.0028366],[8.9819944,45.002112]]]}},{"type":"Feature","id":"B0596","properties":{"z":"Z038","k":"mixed","h":31.6,"dh":0.0,"td":0.0,"t0":0.0,"g":0,"cbd":0,"d":1.255},"geometry":{"type":"Polygon","coordinates":[[[8.9837803,45.0020987],[8.9851059,45.0020987],[8.9851059,45.0028499],[8.9837803,45.0028499],[8.9837803,45.0020987]]]}},{"type":"Feature","id":"B0597","properties":{"z":"Z039","k":"lowrise","h":8.1,"dh":0.0,"td":0.0,"t0":0.0,"g":1,"cbd":1,"d":1.062},"geometry":{"type":"Polygon","coordinates":[[[8.9863345,44.9971512],[8.9876111,44.9971512],[8.9876111,44.9979002],[8.9863345,44.9979002],[8.9863345,44.9971512]]]}},{"type":"Feature","id":"B0598","properties":{"z":"Z039","k":"lowrise","h":9.5,"dh":0.0,"td":0.0,"t0":0.0,"g":1,"cbd":1,"d":0.918},"geometry":{"type":"Polygon","coordinates":[[[8.9882762,44.997077],[8.9894711,44.997077],[8.9894711,44.9979744],[8.9882762,44.9979744],[8.9882762,44.997077]]]}},{"type":"Feature","id":"B0599","properties":{"z":"Z039","k":"tower","h":105.7,"dh":0.0,"td":0.0,"t0":0.0,"g":0,"cbd":1,"d":1.033},"geometry":{"type":"Polygon","coordinates":[[[8.9864114,44.9984823],[8.9875342,44.9984823],[8.9875342,44.9992574],[8.9864114,44.9992574],[8.9864114,44.9984823]]]}},{"type":"Feature","id":"B0600","properties":{"z":"Z039","k":"podium","h":20.3,"dh":0.0,"td":0.0,"t0":0.0,"g":0,"cbd":1,"d":1.033},"geometry":{"type":"Polygon","coordinates":[[[8.9861702,44.9983023],[8.9877754,44.9983023],[8.9877754,44.9994374],[8.9861702,44.9994374],[8.9861702,44.9983023]]]}},{"type":"Feature","id":"B0601","properties":{"z":"Z039","k":"lowrise","h":9.6,"dh":0.0,"td":5.6,"t0":0.0,"g":0,"cbd":1,"d":0.885},"geometry":{"type":"Polygon","coordinates":[[[8.9881851,44.9983995],[8.9895622,44.9983995],[8.9895622,44.9993401],[8.9881851,44.9993401],[8.9881851,44.9983995]]]}},{"type":"Feature","id":"B0602","properties":{"z":"Z039","k":"tower","h":151.1,"dh":0.0,"td":0.0,"t0":0.0,"g":0,"cbd":1,"d":0.682},"geometry":{"type":"Polygon","coordinates":[[[8.9914659,44.9971371],[8.9926747,44.9971371],[8.9926747,44.9979143],[8.9914659,44.9979143],[8.9914659,44.9971371]]]}},{"type":"Feature","id":"B0603","properties":{"z":"Z039","k":"podium","h":20.2,"dh":0.0,"td":0.0,"t0":0.0,"g":0,"cbd":1,"d":0.682},"geometry":{"type":"Polygon","coordinates":[[[8.9912677,44.9969582],[8.9928729,44.9969582],[8.9928729,44.9980933],[8.9912677,44.9980933],[8.9912677,44.9969582]]]}},{"type":"Feature","id":"B0604","properties":{"z":"Z039","k":"tower","h":166.0,"dh":0.0,"td":0.0,"t0":0.0,"g":0,"cbd":1,"d":0.549},"geometry":{"type":"Polygon","coordinates":[[[8.9932839,44.9970093],[8.9946583,44.9970093],[8.9946583,44.9980421],[8.9932839,44.9980421],[8.9932839,44.9970093]]]}},{"type":"Feature","id":"B0605","properties":{"z":"Z039","k":"podium","h":16.6,"dh":0.0,"td":0.0,"t0":0.0,"g":0,"cbd":1,"d":0.549},"geometry":{"type":"Polygon","coordinates":[[[8.9931685,44.9969582],[8.9947738,44.9969582],[8.9947738,44.9980933],[8.9931685,44.9980933],[8.9931685,44.9969582]]]}},{"type":"Feature","id":"B0606","properties":{"z":"Z039","k":"tower","h":106.6,"dh":0.0,"td":0.0,"t0":0.0,"g":0,"cbd":1,"d":0.637},"geometry":{"type":"Polygon","coordinates":[[[8.9913682,44.998454],[8.9927724,44.998454],[8.9927724,44.9992856],[8.9913682,44.9992856],[8.9913682,44.998454]]]}},{"type":"Feature","id":"B0607","properties":{"z":"Z039","k":"podium","h":16.1,"dh":0.0,"td":0.0,"t0":0.0,"g":0,"cbd":1,"d":0.637},"geometry":{"type":"Polygon","coordinates":[[[8.9912677,44.9983023],[8.9928729,44.9983023],[8.9928729,44.9994374],[8.9912677,44.9994374],[8.9912677,44.9983023]]]}},{"type":"Feature","id":"B0608","properties":{"z":"Z039","k":"park","h":0.0,"dh":0.0,"td":0.0,"t0":0.0,"g":0,"cbd":1,"d":0.491},"geometry":{"type":"Polygon","coordinates":[[[8.993345,44.9983648],[8.9945973,44.9983648],[8.9945973,44.9993748],[8.993345,44.9993748],[8.993345,44.9983648]]]}},{"type":"Feature","id":"B0609","properties":{"z":"Z039","k":"lowrise","h":9.4,"dh":0.0,"td":0.0,"t0":0.0,"g":1,"cbd":1,"d":1.033},"geometry":{"type":"Polygon","coordinates":[[[8.9863167,45.0007286],[8.9876289,45.0007286],[8.9876289,45.0015318],[8.9863167,45.0015318],[8.9863167,45.0007286]]]}},{"type":"Feature","id":"B0610","properties":{"z":"Z039","k":"tower","h":109.2,"dh":0.0,"td":0.0,"t0":0.0,"g":0,"cbd":1,"d":0.885},"geometry":{"type":"Polygon","coordinates":[[[8.988275,45.0007292],[8.9894723,45.0007292],[8.9894723,45.0015311],[8.988275,45.0015311],[8.988275,45.0007292]]]}},{"type":"Feature","id":"B0611","properties":{"z":"Z039","k":"podium","h":11.5,"dh":0.0,"td":0.0,"t0":0.0,"g":0,"cbd":1,"d":0.885},"geometry":{"type":"Polygon","coordinates":[[[8.988071,45.0005626],[8.9896763,45.0005626],[8.9896763,45.0016977],[8.988071,45.0016977],[8.988071,45.0005626]]]}},{"type":"Feature","id":"B0612","properties":{"z":"Z039","k":"office","h":46.7,"dh":19.9,"td":0.0,"t0":0.0,"g":0,"cbd":1,"d":1.062},"geometry":{"type":"Polygon","coordinates":[[[8.9864581,45.0020273],[8.9874875,45.0020273],[8.9874875,45.0029213],[8.9864581,45.0029213],[8.9864581,45.0020273]]]}},{"type":"Feature","id":"B0613","properties":{"z":"Z039","k":"lowrise","h":6.4,"dh":0.0,"td":0.0,"t0":0.0,"g":1,"cbd":1,"d":0.918},"geometry":{"type":"Polygon","coordinates":[[[8.9883714,45.0020097],[8.9893759,45.0020097],[8.9893759,45.0029389],[8.9883714,45.0029389],[8.9883714,45.0020097]]]}},{"type":"Feature","id":"B0614","properties":{"z":"Z039","k":"lowrise","h":9.1,"dh":0.0,"td":0.0,"t0":0.0,"g":0,"cbd":1,"d":0.637},"geometry":{"type":"Polygon","coordinates":[[[8.9913544,45.0006419],[8.9927862,45.0006419],[8.9927862,45.0016185],[8.9913544,45.0016185],[8.9913544,45.0006419]]]}},{"type":"Feature","id":"B0615","properties":{"z":"Z039","k":"lowrise","h":5.6,"dh":0.0,"td":0.0,"t0":0.0,"g":1,"cbd":1,"d":0.491},"geometry":{"type":"Polygon","coordinates":[[[8.9933457,45.0006427],[8.9945965,45.0006427],[8.9945965,45.0016177],[8.9933457,45.0016177],[8.9933457,45.0006427]]]}},{"type":"Feature","id":"B0616","properties":{"z":"Z039","k":"lowrise","h":12.3,"dh":0.0,"td":0.0,"t0":0.0,"g":1,"cbd":1,"d":0.682},"geometry":{"type":"Polygon","coordinates":[[[8.9914341,45.0020123],[8.9927065,45.0020123],[8.9927065,45.0029363],[8.9914341,45.0029363],[8.9914341,45.0020123]]]}},{"type":"Feature","id":"B0617","properties":{"z":"Z039","k":"lowrise","h":9.7,"dh":0.0,"td":0.0,"t0":0.0,"g":1,"cbd":1,"d":0.549},"geometry":{"type":"Polygon","coordinates":[[[8.9933829,45.0021064],[8.9945594,45.0021064],[8.9945594,45.0028422],[8.9933829,45.0028422],[8.9933829,45.0021064]]]}},{"type":"Feature","id":"B0618","properties":{"z":"Z040","k":"tower","h":238.0,"dh":0.0,"td":0.0,"t0":0.0,"g":0,"cbd":1,"d":0.39},"geometry":{"type":"Polygon","coordinates":[[[8.9958507,44.9971464],[8.9971509,44.9971464],[8.9971509,44.997905],[8.9958507,44.997905],[8.9958507,44.9971464]]]}},{"type":"Feature","id":"B0619","properties":{"z":"Z040","k":"podium","h":15.0,"dh":0.0,"td":0.0,"t0":0.0,"g":0,"cbd":1,"d":0.39},"geometry":{"type":"Polygon","coordinates":[[[8.9956982,44.9969582],[8.9973035,44.9969582],[8.9973035,44.9980933],[8.9956982,44.9980933],[8.9956982,44.9969582]]]}},{"type":"Feature","id":"B0620","properties":{"z":"Z040","k":"lowrise","h":7.7,"dh":0.0,"td":0.0,"t0":0.0,"g":1,"cbd":1,"d":0.303},"geometry":{"type":"Polygon","coordinates":[[[8.9977086,44.9970246],[8.9990947,44.9970246],[8.9990947,44.9980269],[8.9977086,44.9980269],[8.9977086,44.9970246]]]}},{"type":"Feature","id":"B0621","properties":{"z":"Z040","k":"tower","h":157.8,"dh":0.0,"td":0.0,"t0":0.0,"g":0,"cbd":1,"d":0.303},"geometry":{"type":"Polygon","coordinates":[[[8.995847,44.9984376],[8.9971547,44.9984376],[8.9971547,44.999302],[8.995847,44.999302],[8.995847,44.9984376]]]}},{"type":"Feature","id":"B0622","properties":{"z":"Z040","k":"podium","h":18.9,"dh":0.0,"td":0.0,"t0":0.0,"g":0,"cbd":1,"d":0.303},"geometry":{"type":"Polygon","coordinates":[[[8.9956982,44.9983023],[8.9973035,44.9983023],[8.9973035,44.9994374],[8.9956982,44.9994374],[8.9956982,44.9983023]]]}},{"type":"Feature","id":"B0623","properties":{"z":"Z040","k":"tower","h":128.3,"dh":0.0,"td":79.8,"t0":0.0,"g":0,"cbd":1,"d":0.178},"geometry":{"type":"Polygon","coordinates":[[[8.9977269,44.9984109],[8.9990764,44.9984109],[8.9990764,44.9993287],[8.9977269,44.9993287],[8.9977269,44.9984109]]]}},{"type":"Feature","id":"B0624","properties":{"z":"Z040","k":"podium","h":12.6,"dh":0.0,"td":0.0,"t0":0.0,"g":0,"cbd":1,"d":0.178},"geometry":{"type":"Polygon","coordinates":[[[8.997599,44.9983023],[8.9992043,44.9983023],[8.9992043,44.9994374],[8.997599,44.9994374],[8.997599,44.9983023]]]}},{"type":"Feature","id":"B0625","properties":{"z":"Z040","k":"tower","h":192.0,"dh":0.0,"td":127.5,"t0":0.0,"g":0,"cbd":1,"d":0.303},"geometry":{"type":"Polygon","coordinates":[[[8.9958268,45.0007313],[8.9971748,45.0007313],[8.9971748,45.001529],[8.9958268,45.001529],[8.9958268,45.0007313]]]}},{"type":"Feature","id":"B0626","properties":{"z":"Z040","k":"podium","h":15.3,"dh":0.0,"td":0.0,"t0":0.0,"g":0,"cbd":1,"d":0.303},"geometry":{"type":"Polygon","coordinates":[[[8.9956982,45.0005626],[8.9973035,45.0005626],[8.9973035,45.0016977],[8.9956982,45.0016977],[8.9956982,45.0005626]]]}},{"type":"Feature","id":"B0627","properties":{"z":"Z040","k":"lowrise","h":12.4,"dh":0.0,"td":0.0,"t0":0.0,"g":1,"cbd":1,"d":0.178},"geometry":{"type":"Polygon","coordinates":[[[8.9977111,45.0007338],[8.9990923,45.0007338],[8.9990923,45.0015266],[8.9977111,45.0015266],[8.9977111,45.0007338]]]}},{"type":"Feature","id":"B0628","properties":{"z":"Z040","k":"park","h":0.0,"dh":0.0,"td":0.0,"t0":0.0,"g":0,"cbd":1,"d":0.39},"geometry":{"type":"Polygon","coordinates":[[[8.9957782,45.0019746],[8.9972235,45.0019746],[8.9972235,45.002974],[8.9957782,45.002974],[8.9957782,45.0019746]]]}},{"type":"Feature","id":"B0629","properties":{"z":"Z040","k":"lowrise","h":10.2,"dh":0.0,"td":0.0,"t0":0.0,"g":0,"cbd":1,"d":0.303},"geometry":{"type":"Polygon","coordinates":[[[8.9978317,45.0020583],[8.9989716,45.0020583],[8.9989716,45.0028902],[8.9978317,45.0028902],[8.9978317,45.0020583]]]}},{"type":"Feature","id":"B0630","properties":{"z":"Z041","k":"lowrise","h":9.5,"dh":0.0,"td":0.0,"t0":0.0,"g":1,"cbd":1,"d":0.549},"geometry":{"type":"Polygon","coordinates":[[[9.0053352,44.9970307],[9.0067225,44.9970307],[9.0067225,44.9980208],[9.0053352,44.9980208],[9.0053352,44.9970307]]]}},{"type":"Feature","id":"B0631","properties":{"z":"Z041","k":"lowrise","h":13.0,"dh":0.0,"td":0.0,"t0":0.0,"g":1,"cbd":1,"d":0.682},"geometry":{"type":"Polygon","coordinates":[[[9.0072997,44.9971514],[9.0085597,44.9971514],[9.0085597,44.9979001],[9.0072997,44.9979001],[9.0072997,44.9971514]]]}},{"type":"Feature","id":"B0632","properties":{"z":"Z041","k":"office","h":70.4,"dh":0.0,"td":41.0,"t0":0.0,"g":0,"cbd":1,"d":0.491},"geometry":{"type":"Polygon","coordinates":[[[9.0053341,44.998413],[9.0067236,44.998413],[9.0067236,44.9993266],[9.0053341,44.9993266],[9.0053341,44.998413]]]}},{"type":"Feature","id":"B0633","properties":{"z":"Z041","k":"tower","h":138.0,"dh":0.0,"td":0.0,"t0":0.0,"g":0,"cbd":1,"d":0.637},"geometry":{"type":"Polygon","coordinates":[[[9.0072909,44.9984604],[9.0085685,44.9984604],[9.0085685,44.9992793],[9.0072909,44.9992793],[9.0072909,44.9984604]]]}},{"type":"Feature","id":"B0634","properties":{"z":"Z041","k":"podium","h":17.2,"dh":0.0,"td":0.0,"t0":0.0,"g":0,"cbd":1,"d":0.637},"geometry":{"type":"Polygon","coordinates":[[[9.0071271,44.9983023],[9.0087323,44.9983023],[9.0087323,44.9994374],[9.0071271,44.9994374],[9.0071271,44.9983023]]]}},{"type":"Feature","id":"B0635","properties":{"z":"Z041","k":"tower","h":120.9,"dh":0.0,"td":0.0,"t0":0.0,"g":0,"cbd":1,"d":0.918},"geometry":{"type":"Polygon","coordinates":[[[9.0104647,44.9970678],[9.0117881,44.9970678],[9.0117881,44.9979836],[9.0104647,44.9979836],[9.0104647,44.9970678]]]}},{"type":"Feature","id":"B0636","properties":{"z":"Z041","k":"podium","h":17.9,"dh":0.0,"td":0.0,"t0":0.0,"g":0,"cbd":1,"d":0.918},"geometry":{"type":"Polygon","coordinates":[[[9.0103237,44.9969582],[9.011929,44.9969582],[9.011929,44.9980933],[9.0103237,44.9980933],[9.0103237,44.9969582]]]}},{"type":"Feature","id":"B0637","properties":{"z":"Z041","k":"lowrise","h":12.3,"dh":0.0,"td":0.0,"t0":0.0,"g":1,"cbd":1,"d":1.062},"geometry":{"type":"Polygon","coordinates":[[[9.012366,44.9971309],[9.0136884,44.9971309],[9.0136884,44.9979206],[9.012366,44.9979206],[9.012366,44.9971309]]]}},{"type":"Feature","id":"B0638","properties":{"z":"Z041","k":"tower","h":113.3,"dh":0.0,"td":0.0,"t0":0.0,"g":0,"cbd":1,"d":0.885},"geometry":{"type":"Polygon","coordinates":[[[9.0106084,44.9984749],[9.0116443,44.9984749],[9.0116443,44.9992648],[9.0106084,44.9992648],[9.0106084,44.9984749]]]}},{"type":"Feature","id":"B0639","properties":{"z":"Z041","k":"podium","h":20.3,"dh":0.0,"td":0.0,"t0":0.0,"g":0,"cbd":1,"d":0.885},"geometry":{"type":"Polygon","coordinates":[[[9.0103237,44.9983023],[9.011929,44.9983023],[9.011929,44.9994374],[9.0103237,44.9994374],[9.0103237,44.9983023]]]}},{"type":"Feature","id":"B0640","properties":{"z":"Z041","k":"lowrise","h":12.4,"dh":0.0,"td":0.0,"t0":0.0,"g":1,"cbd":1,"d":1.033},"geometry":{"type":"Polygon","coordinates":[[[9.0123119,44.9984782],[9.0137425,44.9984782],[9.0137425,44.9992614],[9.0123119,44.9992614],[9.0123119,44.9984782]]]}},{"type":"Feature","id":"B0641","properties":{"z":"Z041","k":"tower","h":94.3,"dh":0.0,"td":0.0,"t0":0.0,"g":0,"cbd":1,"d":0.491},"geometry":{"type":"Polygon","coordinates":[[[9.0053159,45.0006917],[9.0067418,45.0006917],[9.0067418,45.0015687],[9.0053159,45.0015687],[9.0053159,45.0006917]]]}},{"type":"Feature","id":"B0642","properties":{"z":"Z041","k":"podium","h":20.4,"dh":0.0,"td":0.0,"t0":0.0,"g":0,"cbd":1,"d":0.491},"geometry":{"type":"Polygon","coordinates":[[[9.0052262,45.0005626],[9.0068315,45.0005626],[9.0068315,45.0016977],[9.0052262,45.0016977],[9.0052262,45.0005626]]]}},{"type":"Feature","id":"B0643","properties":{"z":"Z041","k":"tower","h":146.2,"dh":0.0,"td":0.0,"t0":0.0,"g":0,"cbd":1,"d":0.637},"geometry":{"type":"Polygon","coordinates":[[[9.0074276,45.0006806],[9.0084318,45.0006806],[9.0084318,45.0015798],[9.0074276,45.0015798],[9.0074276,45.0006806]]]}},{"type":"Feature","id":"B0644","properties":{"z":"Z041","k":"podium","h":20.5,"dh":0.0,"td":0.0,"t0":0.0,"g":0,"cbd":1,"d":0.637},"geometry":{"type":"Polygon","coordinates":[[[9.0071271,45.0005626],[9.0087323,45.0005626],[9.0087323,45.0016977],[9.0071271,45.0016977],[9.0071271,45.0005626]]]}},{"type":"Feature","id":"B0645","properties":{"z":"Z041","k":"tower","h":125.5,"dh":0.0,"td":0.0,"t0":8.41,"g":0,"cbd":1,"d":0.549},"geometry":{"type":"Polygon","coordinates":[[[9.0054038,45.0019737],[9.0066539,45.0019737],[9.0066539,45.0029749],[9.0054038,45.0029749],[9.0054038,45.0019737]]]}},{"type":"Feature","id":"B0646","properties":{"z":"Z041","k":"podium","h":12.3,"dh":0.0,"td":0.0,"t0":8.41,"g":0,"cbd":1,"d":0.549},"geometry":{"type":"Polygon","coordinates":[[[9.0052262,45.0019067],[9.0068315,45.0019067],[9.0068315,45.0030418],[9.0052262,45.0030418],[9.0052262,45.0019067]]]}},{"type":"Feature","id":"B0647","properties":{"z":"Z041","k":"lowrise","h":16.4,"dh":0.0,"td":0.0,"t0":7.39,"g":1,"cbd":1,"d":0.682},"geometry":{"type":"Polygon","coordinates":[[[9.007343,45.0020164],[9.0085164,45.0020164],[9.0085164,45.0029322],[9.007343,45.0029322],[9.007343,45.0020164]]]}},{"type":"Feature","id":"B0648","properties":{"z":"Z041","k":"lowrise","h":6.2,"dh":0.0,"td":0.0,"t0":0.0,"g":1,"cbd":1,"d":0.885},"geometry":{"type":"Polygon","coordinates":[[[9.0105589,45.0007306],[9.0116939,45.0007306],[9.0116939,45.0015297],[9.0105589,45.0015297],[9.0105589,45.0007306]]]}},{"type":"Feature","id":"B0649","properties":{"z":"Z041","k":"lowrise","h":12.8,"dh":0.0,"td":0.0,"t0":0.0,"g":0,"cbd":1,"d":1.033},"geometry":{"type":"Polygon","coordinates":[[[9.0123298,45.0007639],[9.0137246,45.0007639],[9.0137246,45.0014965],[9.0123298,45.0014965],[9.0123298,45.0007639]]]}},{"type":"Feature","id":"B0650","properties":{"z":"Z041","k":"tower","h":203.0,"dh":0.0,"td":0.0,"t0":7.85,"g":0,"cbd":1,"d":0.918},"geometry":{"type":"Polygon","coordinates":[[[9.0105711,45.0020585],[9.0116816,45.0020585],[9.0116816,45.0028901],[9.0105711,45.0028901],[9.0105711,45.0020585]]]}},{"type":"Feature","id":"B0651","properties":{"z":"Z041","k":"podium","h":18.4,"dh":0.0,"td":0.0,"t0":7.85,"g":0,"cbd":1,"d":0.918},"geometry":{"type":"Polygon","coordinates":[[[9.0103237,45.0019067],[9.011929,45.0019067],[9.011929,45.0030418],[9.0103237,45.0030418],[9.0103237,45.0019067]]]}},{"type":"Feature","id":"B0652","properties":{"z":"Z041","k":"tower","h":107.9,"dh":0.0,"td":0.0,"t0":0.0,"g":0,"cbd":1,"d":1.062},"geometry":{"type":"Polygon","coordinates":[[[9.0123458,45.0020307],[9.0137086,45.0020307],[9.0137086,45.0029178],[9.0123458,45.0029178],[9.0123458,45.0020307]]]}},{"type":"Feature","id":"B0653","properties":{"z":"Z041","k":"podium","h":15.1,"dh":0.0,"td":0.0,"t0":0.0,"g":0,"cbd":1,"d":1.062},"geometry":{"type":"Polygon","coordinates":[[[9.0122246,45.0019067],[9.0138298,45.0019067],[9.0138298,45.0030418],[9.0122246,45.0030418],[9.0122246,45.0019067]]]}},{"type":"Feature","id":"B0654","properties":{"z":"Z042","k":"office","h":48.7,"dh":0.0,"td":0.0,"t0":0.0,"g":0,"cbd":0,"d":1.255},"geometry":{"type":"Polygon","coordinates":[[[9.0148604,44.9970282],[9.0162534,44.9970282],[9.0162534,44.9980233],[9.0148604,44.9980233],[9.0148604,44.9970282]]]}},{"type":"Feature","id":"B0655","properties":{"z":"Z042","k":"mixed","h":36.5,"dh":18.2,"td":0.0,"t0":0.0,"g":0,"cbd":0,"d":1.402},"geometry":{"type":"Polygon","coordinates":[[[9.01686,44.9970323],[9.0180555,44.9970323],[9.0180555,44.9980191],[9.01686,44.9980191],[9.01686,44.9970323]]]}},{"type":"Feature","id":"B0656","properties":{"z":"Z042","k":"lowrise","h":6.1,"dh":0.0,"td":0.0,"t0":0.0,"g":0,"cbd":0,"d":1.231},"geometry":{"type":"Polygon","coordinates":[[[9.0149113,44.9984402],[9.0162025,44.9984402],[9.0162025,44.9992994],[9.0149113,44.9992994],[9.0149113,44.9984402]]]}},{"type":"Feature","id":"B0657","properties":{"z":"Z042","k":"office","h":47.6,"dh":0.0,"td":0.0,"t0":0.0,"g":0,"cbd":0,"d":1.38},"geometry":{"type":"Polygon","coordinates":[[[9.0168824,44.9984095],[9.018033,44.9984095],[9.018033,44.9993301],[9.0168824,44.9993301],[9.0168824,44.9984095]]]}},{"type":"Feature","id":"B0658","properties":{"z":"Z042","k":"mixed","h":37.1,"dh":0.0,"td":9.4,"t0":1.07,"g":0,"cbd":0,"d":1.649},"geometry":{"type":"Polygon","coordinates":[[[9.0200602,44.9970552],[9.0212485,44.9970552],[9.0212485,44.9979963],[9.0200602,44.9979963],[9.0200602,44.9970552]]]}},{"type":"Feature","id":"B0659","properties":{"z":"Z042","k":"mixed","h":32.1,"dh":0.0,"td":0.0,"t0":0.0,"g":0,"cbd":0,"d":1.797},"geometry":{"type":"Polygon","coordinates":[[[9.0218471,44.997144],[9.0232633,44.997144],[9.0232633,44.9979074],[9.0218471,44.9979074],[9.0218471,44.997144]]]}},{"type":"Feature","id":"B0660","properties":{"z":"Z042","k":"office","h":45.9,"dh":18.3,"td":0.0,"t0":0.0,"g":0,"cbd":0,"d":1.631},"geometry":{"type":"Polygon","coordinates":[[[9.019919,44.9983577],[9.0213897,44.9983577],[9.0213897,44.9993819],[9.019919,44.9993819],[9.019919,44.9983577]]]}},{"type":"Feature","id":"B0661","properties":{"z":"Z042","k":"park","h":0.0,"dh":0.0,"td":0.0,"t0":0.0,"g":0,"cbd":0,"d":1.78},"geometry":{"type":"Polygon","coordinates":[[[9.0219575,44.998486],[9.023153,44.998486],[9.023153,44.9992536],[9.0219575,44.9992536],[9.0219575,44.998486]]]}},{"type":"Feature","id":"B0662","properties":{"z":"Z042","k":"mixed","h":32.3,"dh":0.0,"td":0.0,"t0":0.0,"g":0,"cbd":0,"d":1.231},"geometry":{"type":"Polygon","coordinates":[[[9.0148686,45.0006396],[9.0162452,45.0006396],[9.0162452,45.0016208],[9.0148686,45.0016208],[9.0148686,45.0006396]]]}},{"type":"Feature","id":"B0663","properties":{"z":"Z042","k":"lowrise","h":12.1,"dh":0.0,"td":0.0,"t0":0.0,"g":1,"cbd":0,"d":1.38},"geometry":{"type":"Polygon","coordinates":[[[9.0167977,45.0007699],[9.0181178,45.0007699],[9.0181178,45.0014905],[9.0167977,45.0014905],[9.0167977,45.0007699]]]}},{"type":"Feature","id":"B0664","properties":{"z":"Z042","k":"office","h":70.8,"dh":0.0,"td":0.0,"t0":0.0,"g":0,"cbd":0,"d":1.255},"geometry":{"type":"Polygon","coordinates":[[[9.0149761,45.0021119],[9.0161377,45.0021119],[9.0161377,45.0028367],[9.0149761,45.0028367],[9.0149761,45.0021119]]]}},{"type":"Feature","id":"B0665","properties":{"z":"Z042","k":"lowrise","h":6.3,"dh":0.0,"td":0.0,"t0":0.0,"g":1,"cbd":0,"d":1.402},"geometry":{"type":"Polygon","coordinates":[[[9.016851,45.0020135],[9.0180644,45.0020135],[9.0180644,45.0029351],[9.016851,45.0029351],[9.016851,45.0020135]]]}},{"type":"Feature","id":"B0666","properties":{"z":"Z042","k":"mixed","h":41.9,"dh":0.0,"td":13.6,"t0":1.44,"g":0,"cbd":0,"d":1.631},"geometry":{"type":"Polygon","coordinates":[[[9.0200363,45.000705],[9.0212724,45.000705],[9.0212724,45.0015554],[9.0200363,45.0015554],[9.0200363,45.000705]]]}},{"type":"Feature","id":"B0667","properties":{"z":"Z042","k":"mixed","h":17.7,"dh":0.0,"td":0.0,"t0":0.0,"g":0,"cbd":0,"d":1.78},"geometry":{"type":"Polygon","coordinates":[[[9.0218761,45.0007463],[9.0232343,45.0007463],[9.0232343,45.001514],[9.0218761,45.001514],[9.0218761,45.0007463]]]}},{"type":"Feature","id":"B0668","properties":{"z":"Z042","k":"mixed","h":30.3,"dh":0.0,"td":4.2,"t0":0.0,"g":0,"cbd":0,"d":1.649},"geometry":{"type":"Polygon","coordinates":[[[9.0199707,45.0020649],[9.0213381,45.0020649],[9.0213381,45.0028836],[9.0199707,45.0028836],[9.0199707,45.0020649]]]}},{"type":"Feature","id":"B0669","properties":{"z":"Z042","k":"park","h":0.0,"dh":0.0,"td":0.0,"t0":0.0,"g":0,"cbd":0,"d":1.797},"geometry":{"type":"Polygon","coordinates":[[[9.0218387,45.0020089],[9.0232717,45.0020089],[9.0232717,45.0029396],[9.0218387,45.0029396],[9.0218387,45.0020089]]]}},{"type":"Feature","id":"B0670","properties":{"z":"Z043","k":"residential","h":18.5,"dh":6.1,"td":6.7,"t0":0.0,"g":0,"cbd":0,"d":1.994},"geometry":{"type":"Polygon","coordinates":[[[9.0245011,44.9970756],[9.0256688,44.9970756],[9.0256688,44.9979759],[9.0245011,44.9979759],[9.0245011,44.9970756]]]}},{"type":"Feature","id":"B0671","properties":{"z":"Z043","k":"park","h":0.0,"dh":0.0,"td":0.0,"t0":0.0,"g":0,"cbd":0,"d":2.142},"geometry":{"type":"Polygon","coordinates":[[[9.0264153,44.9970764],[9.0275562,44.9970764],[9.0275562,44.997975],[9.0264153,44.997975],[9.0264153,44.9970764]]]}},{"type":"Feature","id":"B0672","properties":{"z":"Z043","k":"residential","h":20.9,"dh":9.5,"td":3.4,"t0":0.0,"g":0,"cbd":0,"d":1.979},"geometry":{"type":"Polygon","coordinates":[[[9.0243598,44.9983698],[9.02581,44.9983698],[9.02581,44.9993698],[9.0243598,44.9993698],[9.0243598,44.9983698]]]}},{"type":"Feature","id":"B0673","properties":{"z":"Z043","k":"residential","h":11.8,"dh":0.0,"td":2.8,"t0":0.0,"g":0,"cbd":0,"d":2.128},"geometry":{"type":"Polygon","coordinates":[[[9.0264238,44.9984682],[9.0275477,44.9984682],[9.0275477,44.9992714],[9.0264238,44.9992714],[9.0264238,44.9984682]]]}},{"type":"Feature","id":"B0674","properties":{"z":"Z043","k":"residential","h":11.0,"dh":0.0,"td":1.1,"t0":0.0,"g":0,"cbd":0,"d":2.392},"geometry":{"type":"Polygon","coordinates":[[[9.0294475,44.9970423],[9.0309173,44.9970423],[9.0309173,44.9980091],[9.0294475,44.9980091],[9.0294475,44.9970423]]]}},{"type":"Feature","id":"B0675","properties":{"z":"Z043","k":"residential","h":17.0,"dh":8.1,"td":0.0,"t0":0.0,"g":0,"cbd":0,"d":2.54},"geometry":{"type":"Polygon","coordinates":[[[9.0315045,44.9970423],[9.032662,44.9970423],[9.032662,44.9980091],[9.0315045,44.9980091],[9.0315045,44.9970423]]]}},{"type":"Feature","id":"B0676","properties":{"z":"Z043","k":"residential","h":15.0,"dh":0.0,"td":0.0,"t0":0.0,"g":0,"cbd":0,"d":2.379},"geometry":{"type":"Polygon","coordinates":[[[9.029662,44.9983661],[9.0307028,44.9983661],[9.0307028,44.9993735],[9.029662,44.9993735],[9.029662,44.9983661]]]}},{"type":"Feature","id":"B0677","properties":{"z":"Z043","k":"residential","h":14.2,"dh":8.0,"td":0.0,"t0":0.0,"g":0,"cbd":0,"d":2.529},"geometry":{"type":"Polygon","coordinates":[[[9.0314158,44.9985041],[9.0327507,44.9985041],[9.0327507,44.9992355],[9.0314158,44.9992355],[9.0314158,44.9985041]]]}},{"type":"Feature","id":"B0678","properties":{"z":"Z043","k":"park","h":0.0,"dh":0.0,"td":0.0,"t0":0.0,"g":0,"cbd":0,"d":1.979},"geometry":{"type":"Polygon","coordinates":[[[9.0244845,45.0007715],[9.0256853,45.0007715],[9.0256853,45.0014888],[9.0244845,45.0014888],[9.0244845,45.0007715]]]}},{"type":"Feature","id":"B0679","properties":{"z":"Z043","k":"park","h":0.0,"dh":0.0,"td":0.0,"t0":0.0,"g":0,"cbd":0,"d":2.128},"geometry":{"type":"Polygon","coordinates":[[[9.0264175,45.0007425],[9.0275541,45.0007425],[9.0275541,45.0015179],[9.0264175,45.0015179],[9.0264175,45.0007425]]]}},{"type":"Feature","id":"B0680","properties":{"z":"Z043","k":"residential","h":21.9,"dh":0.0,"td":0.0,"t0":0.0,"g":0,"cbd":0,"d":1.994},"geometry":{"type":"Polygon","coordinates":[[[9.0244246,45.0019629],[9.0257453,45.0019629],[9.0257453,45.0029856],[9.0244246,45.0029856],[9.0244246,45.0019629]]]}},{"type":"Feature","id":"B0681","properties":{"z":"Z043","k":"residential","h":9.2,"dh":0.0,"td":0.0,"t0":0.0,"g":0,"cbd":0,"d":2.142},"geometry":{"type":"Polygon","coordinates":[[[9.0263148,45.0021159],[9.0276567,45.0021159],[9.0276567,45.0028326],[9.0263148,45.0028326],[9.0263148,45.0021159]]]}},{"type":"Feature","id":"B0682","properties":{"z":"Z043","k":"residential","h":9.9,"dh":1.7,"td":0.0,"t0":0.0,"g":0,"cbd":0,"d":2.379},"geometry":{"type":"Polygon","coordinates":[[[9.029483,45.0007543],[9.0308818,45.0007543],[9.0308818,45.0015061],[9.029483,45.0015061],[9.029483,45.0007543]]]}},{"type":"Feature","id":"B0683","properties":{"z":"Z043","k":"residential","h":19.9,"dh":0.0,"td":0.0,"t0":0.0,"g":0,"cbd":0,"d":2.529},"geometry":{"type":"Polygon","coordinates":[[[9.0315523,45.0007749],[9.0326142,45.0007749],[9.0326142,45.0014855],[9.0315523,45.0014855],[9.0315523,45.0007749]]]}},{"type":"Feature","id":"B0684","properties":{"z":"Z043","k":"residential","h":11.0,"dh":0.0,"td":0.0,"t0":0.0,"g":0,"cbd":0,"d":2.392},"geometry":{"type":"Polygon","coordinates":[[[9.0295974,45.0021109],[9.0307674,45.0021109],[9.0307674,45.0028376],[9.0295974,45.0028376],[9.0295974,45.0021109]]]}},{"type":"Feature","id":"B0685","properties":{"z":"Z043","k":"residential","h":11.6,"dh":0.0,"td":0.0,"t0":0.0,"g":0,"cbd":0,"d":2.54},"geometry":{"type":"Polygon","coordinates":[[[9.031467,45.0020514],[9.0326995,45.0020514],[9.0326995,45.0028972],[9.031467,45.0028972],[9.031467,45.0020514]]]}},{"type":"Feature","id":"B0686","properties":{"z":"Z044","k":"residential","h":17.5,"dh":0.0,"td":2.2,"t0":0.0,"g":0,"cbd":0,"d":2.738},"geometry":{"type":"Polygon","coordinates":[[[9.0339206,44.9970935],[9.0353053,44.9970935],[9.0353053,44.9979579],[9.0339206,44.9979579],[9.0339206,44.9970935]]]}},{"type":"Feature","id":"B0687","properties":{"z":"Z044","k":"residential","h":12.7,"dh":0.0,"td":0.0,"t0":0.0,"g":0,"cbd":0,"d":2.887},"geometry":{"type":"Polygon","coordinates":[[[9.0358976,44.9970676],[9.03713,44.9970676],[9.03713,44.9979839],[9.0358976,44.9979839],[9.0358976,44.9970676]]]}},{"type":"Feature","id":"B0688","properties":{"z":"Z044","k":"residential","h":11.6,"dh":0.0,"td":0.7,"t0":0.0,"g":0,"cbd":0,"d":2.727},"geometry":{"type":"Polygon","coordinates":[[[9.033927,44.9984244],[9.0352989,44.9984244],[9.0352989,44.9993152],[9.033927,44.9993152],[9.033927,44.9984244]]]}},{"type":"Feature","id":"B0689","properties":{"z":"Z044","k":"residential","h":15.6,"dh":5.7,"td":2.3,"t0":0.0,"g":0,"cbd":0,"d":2.877},"geometry":{"type":"Polygon","coordinates":[[[9.0359617,44.9984579],[9.0370659,44.9984579],[9.0370659,44.9992817],[9.0359617,44.9992817],[9.0359617,44.9984579]]]}},{"type":"Feature","id":"B0690","properties":{"z":"Z044","k":"residential","h":17.5,"dh":11.0,"td":0.0,"t0":0.0,"g":0,"cbd":0,"d":3.138},"geometry":{"type":"Polygon","coordinates":[[[9.0390975,44.9971164],[9.0403233,44.9971164],[9.0403233,44.997935],[9.0390975,44.997935],[9.0390975,44.9971164]]]}},{"type":"Feature","id":"B0691","properties":{"z":"Z044","k":"residential","h":13.5,"dh":0.0,"td":0.0,"t0":0.0,"g":0,"cbd":0,"d":3.287},"geometry":{"type":"Polygon","coordinates":[[[9.0409897,44.9970666],[9.0422329,44.9970666],[9.0422329,44.9979848],[9.0409897,44.9979848],[9.0409897,44.9970666]]]}},{"type":"Feature","id":"B0692","properties":{"z":"Z044","k":"residential","h":19.6,"dh":0.0,"td":0.0,"t0":0.0,"g":0,"cbd":0,"d":3.128},"geometry":{"type":"Polygon","coordinates":[[[9.0390775,44.9984193],[9.0403434,44.9984193],[9.0403434,44.9993203],[9.0390775,44.9993203],[9.0390775,44.9984193]]]}},{"type":"Feature","id":"B0693","properties":{"z":"Z044","k":"residential","h":18.5,"dh":0.0,"td":0.0,"t0":0.0,"g":0,"cbd":0,"d":3.278},"geometry":{"type":"Polygon","coordinates":[[[9.0410752,44.9984044],[9.0421474,44.9984044],[9.0421474,44.9993352],[9.0410752,44.9993352],[9.0410752,44.9984044]]]}},{"type":"Feature","id":"B0694","properties":{"z":"Z044","k":"residential","h":12.8,"dh":4.9,"td":0.0,"t0":0.0,"g":0,"cbd":0,"d":2.727},"geometry":{"type":"Polygon","coordinates":[[[9.0339051,45.0007594],[9.0353208,45.0007594],[9.0353208,45.001501],[9.0339051,45.001501],[9.0339051,45.0007594]]]}},{"type":"Feature","id":"B0695","properties":{"z":"Z044","k":"residential","h":11.8,"dh":0.0,"td":1.0,"t0":0.0,"g":0,"cbd":0,"d":2.877},"geometry":{"type":"Polygon","coordinates":[[[9.0357806,45.0006715],[9.0372469,45.0006715],[9.0372469,45.0015889],[9.0357806,45.0015889],[9.0357806,45.0006715]]]}},{"type":"Feature","id":"B0696","properties":{"z":"Z044","k":"residential","h":18.6,"dh":0.0,"td":0.0,"t0":0.0,"g":0,"cbd":0,"d":2.738},"geometry":{"type":"Polygon","coordinates":[[[9.0340202,45.0020027],[9.0352057,45.0020027],[9.0352057,45.0029459],[9.0340202,45.0029459],[9.0340202,45.0020027]]]}},{"type":"Feature","id":"B0697","properties":{"z":"Z044","k":"residential","h":15.7,"dh":4.4,"td":1.3,"t0":0.0,"g":0,"cbd":0,"d":2.887},"geometry":{"type":"Polygon","coordinates":[[[9.0358534,45.0019601],[9.0371742,45.0019601],[9.0371742,45.0029885],[9.0358534,45.0029885],[9.0358534,45.0019601]]]}},{"type":"Feature","id":"B0698","properties":{"z":"Z044","k":"park","h":0.0,"dh":0.0,"td":0.0,"t0":0.0,"g":0,"cbd":0,"d":3.128},"geometry":{"type":"Polygon","coordinates":[[[9.0390597,45.0007593],[9.0403612,45.0007593],[9.0403612,45.0015011],[9.0390597,45.0015011],[9.0390597,45.0007593]]]}},{"type":"Feature","id":"B0699","properties":{"z":"Z044","k":"residential","h":10.5,"dh":6.6,"td":0.0,"t0":0.0,"g":0,"cbd":0,"d":3.278},"geometry":{"type":"Polygon","coordinates":[[[9.0411064,45.0006497],[9.0421161,45.0006497],[9.0421161,45.0016107],[9.0411064,45.0016107],[9.0411064,45.0006497]]]}},{"type":"Feature","id":"B0700","properties":{"z":"Z044","k":"residential","h":19.8,"dh":0.0,"td":0.0,"t0":0.0,"g":0,"cbd":0,"d":3.138},"geometry":{"type":"Polygon","coordinates":[[[9.0390377,45.0020825],[9.0403832,45.0020825],[9.0403832,45.0028661],[9.0390377,45.0028661],[9.0390377,45.0020825]]]}},{"type":"Feature","id":"B0701","properties":{"z":"Z044","k":"residential","h":12.3,"dh":0.0,"td":0.0,"t0":0.0,"g":0,"cbd":0,"d":3.287},"geometry":{"type":"Polygon","coordinates":[[[9.0410576,45.0020934],[9.0421649,45.0020934],[9.0421649,45.0028551],[9.0410576,45.0028551],[9.0410576,45.0020934]]]}},{"type":"Feature","id":"B0702","properties":{"z":"Z045","k":"park","h":0.0,"dh":0.0,"td":0.0,"t0":0.0,"g":0,"cbd":0,"d":3.432},"geometry":{"type":"Polygon","coordinates":[[[8.9577561,44.9904325],[8.9590214,44.9904325],[8.9590214,44.9911443],[8.9577561,44.9911443],[8.9577561,44.9904325]]]}},{"type":"Feature","id":"B0703","properties":{"z":"Z045","k":"park","h":0.0,"dh":0.0,"td":0.0,"t0":0.0,"g":0,"cbd":0,"d":3.29},"geometry":{"type":"Polygon","coordinates":[[[8.9596619,44.9903033],[8.9609172,44.9903033],[8.9609172,44.9912735],[8.9596619,44.9912735],[8.9596619,44.9903033]]]}},{"type":"Feature","id":"B0704","properties":{"z":"Z045","k":"residential","h":12.8,"dh":0.0,"td":0.0,"t0":0.0,"g":0,"cbd":0,"d":3.391},"geometry":{"type":"Polygon","coordinates":[[[8.9576749,44.9916273],[8.9591026,44.9916273],[8.9591026,44.9926377],[8.9576749,44.9926377],[8.9576749,44.9916273]]]}},{"type":"Feature","id":"B0705","properties":{"z":"Z045","k":"residential","h":13.6,"dh":0.0,"td":0.0,"t0":0.0,"g":0,"cbd":0,"d":3.246},"geometry":{"type":"Polygon","coordinates":[[[8.9597837,44.9916402],[8.9607955,44.9916402],[8.9607955,44.9926247],[8.9597837,44.9926247],[8.9597837,44.9916402]]]}},{"type":"Feature","id":"B0706","properties":{"z":"Z045","k":"residential","h":14.6,"dh":0.0,"td":0.0,"t0":0.0,"g":0,"cbd":0,"d":3.052},"geometry":{"type":"Polygon","coordinates":[[[8.9628342,44.9903237],[8.9641382,44.9903237],[8.9641382,44.9912531],[8.9628342,44.9912531],[8.9628342,44.9903237]]]}},{"type":"Feature","id":"B0707","properties":{"z":"Z045","k":"residential","h":11.7,"dh":0.0,"td":0.0,"t0":0.0,"g":0,"cbd":0,"d":2.911},"geometry":{"type":"Polygon","coordinates":[[[8.9646781,44.9903768],[8.966096,44.9903768],[8.966096,44.9912],[8.9646781,44.9912],[8.9646781,44.9903768]]]}},{"type":"Feature","id":"B0708","properties":{"z":"Z045","k":"residential","h":9.6,"dh":0.0,"td":0.0,"t0":0.0,"g":0,"cbd":0,"d":3.005},"geometry":{"type":"Polygon","coordinates":[[[8.9629745,44.991672],[8.963998,44.991672],[8.963998,44.992593],[8.9629745,44.992593],[8.9629745,44.991672]]]}},{"type":"Feature","id":"B0709","properties":{"z":"Z045","k":"residential","h":18.1,"dh":5.1,"td":0.0,"t0":0.0,"g":0,"cbd":0,"d":2.862},"geometry":{"type":"Polygon","coordinates":[[[8.9647058,44.991743],[8.9660683,44.991743],[8.9660683,44.992522],[8.9647058,44.992522],[8.9647058,44.991743]]]}},{"type":"Feature","id":"B0710","properties":{"z":"Z045","k":"residential","h":13.3,"dh":0.0,"td":0.0,"t0":0.0,"g":0,"cbd":0,"d":3.334},"geometry":{"type":"Polygon","coordinates":[[[8.9578127,44.9939844],[8.9589647,44.9939844],[8.9589647,44.9948013],[8.9578127,44.9948013],[8.9578127,44.9939844]]]}},{"type":"Feature","id":"B0711","properties":{"z":"Z045","k":"park","h":0.0,"dh":0.0,"td":0.0,"t0":0.0,"g":0,"cbd":0,"d":3.188},"geometry":{"type":"Polygon","coordinates":[[[8.9596144,44.9939793],[8.9609647,44.9939793],[8.9609647,44.9948064],[8.9596144,44.9948064],[8.9596144,44.9939793]]]}},{"type":"Feature","id":"B0712","properties":{"z":"Z045","k":"residential","h":11.4,"dh":0.0,"td":0.0,"t0":0.0,"g":0,"cbd":0,"d":3.31},"geometry":{"type":"Polygon","coordinates":[[[8.9577965,44.9952451],[8.958981,44.9952451],[8.958981,44.9962288],[8.9577965,44.9962288],[8.9577965,44.9952451]]]}},{"type":"Feature","id":"B0713","properties":{"z":"Z045","k":"residential","h":14.3,"dh":0.0,"td":0.7,"t0":0.0,"g":0,"cbd":0,"d":3.162},"geometry":{"type":"Polygon","coordinates":[[[8.9595853,44.9952678],[8.9609938,44.9952678],[8.9609938,44.9962061],[8.9595853,44.9962061],[8.9595853,44.9952678]]]}},{"type":"Feature","id":"B0714","properties":{"z":"Z045","k":"residential","h":12.2,"dh":0.0,"td":0.0,"t0":0.0,"g":0,"cbd":0,"d":2.941},"geometry":{"type":"Polygon","coordinates":[[[8.9629448,44.9939664],[8.9640276,44.9939664],[8.9640276,44.9948193],[8.9629448,44.9948193],[8.9629448,44.9939664]]]}},{"type":"Feature","id":"B0715","properties":{"z":"Z045","k":"park","h":0.0,"dh":0.0,"td":0.0,"t0":0.0,"g":0,"cbd":0,"d":2.795},"geometry":{"type":"Polygon","coordinates":[[[8.9646762,44.9939739],[8.9660979,44.9939739],[8.9660979,44.9948118],[8.9646762,44.9948118],[8.9646762,44.9939739]]]}},{"type":"Feature","id":"B0716","properties":{"z":"Z045","k":"residential","h":11.0,"dh":0.0,"td":0.0,"t0":0.0,"g":0,"cbd":0,"d":2.913},"geometry":{"type":"Polygon","coordinates":[[[8.9629691,44.9953776],[8.9640033,44.9953776],[8.9640033,44.9960963],[8.9629691,44.9960963],[8.9629691,44.9953776]]]}},{"type":"Feature","id":"B0717","properties":{"z":"Z045","k":"residential","h":18.2,"dh":0.0,"td":2.1,"t0":0.0,"g":0,"cbd":0,"d":2.766},"geometry":{"type":"Polygon","coordinates":[[[8.964655,44.9953641],[8.9661191,44.9953641],[8.9661191,44.9961098],[8.964655,44.9961098],[8.964655,44.9953641]]]}},{"type":"Feature","id":"B0718","properties":{"z":"Z046","k":"residential","h":8.6,"dh":2.1,"td":0.7,"t0":0.0,"g":0,"cbd":0,"d":2.726},"geometry":{"type":"Polygon","coordinates":[[[8.9672603,44.9902724],[8.9685732,44.9902724],[8.9685732,44.9913043],[8.9672603,44.9913043],[8.9672603,44.9902724]]]}},{"type":"Feature","id":"B0719","properties":{"z":"Z046","k":"residential","h":20.7,"dh":0.0,"td":0.0,"t0":0.0,"g":0,"cbd":0,"d":2.588},"geometry":{"type":"Polygon","coordinates":[[[8.9692972,44.990418],[8.9703379,44.990418],[8.9703379,44.9911588],[8.9692972,44.9911588],[8.9692972,44.990418]]]}},{"type":"Feature","id":"B0720","properties":{"z":"Z046","k":"residential","h":9.0,"dh":0.0,"td":0.0,"t0":0.0,"g":0,"cbd":0,"d":2.673},"geometry":{"type":"Polygon","coordinates":[[[8.9673708,44.9917334],[8.9684627,44.9917334],[8.9684627,44.9925315],[8.9673708,44.9925315],[8.9673708,44.9917334]]]}},{"type":"Feature","id":"B0721","properties":{"z":"Z046","k":"residential","h":18.3,"dh":0.0,"td":2.5,"t0":0.0,"g":0,"cbd":0,"d":2.532},"geometry":{"type":"Polygon","coordinates":[[[8.9691154,44.991728],[8.9705197,44.991728],[8.9705197,44.992537],[8.9691154,44.992537],[8.9691154,44.991728]]]}},{"type":"Feature","id":"B0722","properties":{"z":"Z046","k":"residential","h":13.8,"dh":0.0,"td":0.0,"t0":0.0,"g":0,"cbd":0,"d":2.359},"geometry":{"type":"Polygon","coordinates":[[[8.9724731,44.9903091],[8.9735554,44.9903091],[8.9735554,44.9912676],[8.9724731,44.9912676],[8.9724731,44.9903091]]]}},{"type":"Feature","id":"B0723","properties":{"z":"Z046","k":"park","h":0.0,"dh":0.0,"td":0.0,"t0":0.0,"g":0,"cbd":0,"d":2.225},"geometry":{"type":"Polygon","coordinates":[[[8.9742987,44.9903511],[8.9755315,44.9903511],[8.9755315,44.9912257],[8.9742987,44.9912257],[8.9742987,44.9903511]]]}},{"type":"Feature","id":"B0724","properties":{"z":"Z046","k":"residential","h":13.6,"dh":0.0,"td":0.0,"t0":0.0,"g":0,"cbd":0,"d":2.298},"geometry":{"type":"Polygon","coordinates":[[[8.9724549,44.9917356],[8.9735736,44.9917356],[8.9735736,44.9925294],[8.9724549,44.9925294],[8.9724549,44.9917356]]]}},{"type":"Feature","id":"B0725","properties":{"z":"Z046","k":"park","h":0.0,"dh":0.0,"td":0.0,"t0":0.0,"g":0,"cbd":0,"d":2.16},"geometry":{"type":"Polygon","coordinates":[[[8.9742744,44.9916991],[8.9755558,44.9916991],[8.9755558,44.9925659],[8.9742744,44.9925659],[8.9742744,44.9916991]]]}},{"type":"Feature","id":"B0726","properties":{"z":"Z046","k":"residential","h":18.1,"dh":0.0,"td":0.0,"t0":0.0,"g":0,"cbd":0,"d":2.601},"geometry":{"type":"Polygon","coordinates":[[[8.967396,44.9939507],[8.9684375,44.9939507],[8.9684375,44.994835],[8.967396,44.994835],[8.967396,44.9939507]]]}},{"type":"Feature","id":"B0727","properties":{"z":"Z046","k":"residential","h":14.6,"dh":0.0,"td":0.0,"t0":0.0,"g":0,"cbd":0,"d":2.456},"geometry":{"type":"Polygon","coordinates":[[[8.9691039,44.9939183],[8.9705313,44.9939183],[8.9705313,44.9948674],[8.9691039,44.9948674],[8.9691039,44.9939183]]]}},{"type":"Feature","id":"B0728","properties":{"z":"Z046","k":"residential","h":18.7,"dh":0.0,"td":2.5,"t0":0.0,"g":0,"cbd":0,"d":2.57},"geometry":{"type":"Polygon","coordinates":[[[8.9671814,44.9953489],[8.9686521,44.9953489],[8.9686521,44.996125],[8.9671814,44.996125],[8.9671814,44.9953489]]]}},{"type":"Feature","id":"B0729","properties":{"z":"Z046","k":"residential","h":17.3,"dh":0.0,"td":0.0,"t0":0.0,"g":0,"cbd":0,"d":2.423},"geometry":{"type":"Polygon","coordinates":[[[8.9691502,44.9953595],[8.970485,44.9953595],[8.970485,44.9961144],[8.9691502,44.9961144],[8.9691502,44.9953595]]]}},{"type":"Feature","id":"B0730","properties":{"z":"Z046","k":"residential","h":16.2,"dh":0.0,"td":0.0,"t0":0.0,"g":0,"cbd":0,"d":2.214},"geometry":{"type":"Polygon","coordinates":[[[8.9723228,44.9938893],[8.9737057,44.9938893],[8.9737057,44.9948964],[8.9723228,44.9948964],[8.9723228,44.9938893]]]}},{"type":"Feature","id":"B0731","properties":{"z":"Z046","k":"residential","h":12.5,"dh":0.0,"td":0.0,"t0":0.0,"g":0,"cbd":0,"d":2.071},"geometry":{"type":"Polygon","coordinates":[[[8.9742142,44.9939029],[8.975616,44.9939029],[8.975616,44.9948828],[8.9742142,44.9948828],[8.9742142,44.9939029]]]}},{"type":"Feature","id":"B0732","properties":{"z":"Z046","k":"residential","h":12.0,"dh":0.0,"td":0.0,"t0":0.0,"g":0,"cbd":0,"d":2.177},"geometry":{"type":"Polygon","coordinates":[[[8.9724744,44.9952195],[8.9735541,44.9952195],[8.9735541,44.9962544],[8.9724744,44.9962544],[8.9724744,44.9952195]]]}},{"type":"Feature","id":"B0733","properties":{"z":"Z046","k":"residential","h":21.4,"dh":0.0,"td":0.0,"t0":0.0,"g":0,"cbd":0,"d":2.031},"geometry":{"type":"Polygon","coordinates":[[[8.9742303,44.995346],[8.9755999,44.995346],[8.9755999,44.9961279],[8.9742303,44.9961279],[8.9742303,44.995346]]]}},{"type":"Feature","id":"B0734","properties":{"z":"Z047","k":"lowrise","h":9.7,"dh":0.0,"td":0.0,"t0":0.0,"g":1,"cbd":0,"d":2.05},"geometry":{"type":"Polygon","coordinates":[[[8.9768214,44.9902789],[8.9780682,44.9902789],[8.9780682,44.9912978],[8.9768214,44.9912978],[8.9768214,44.9902789]]]}},{"type":"Feature","id":"B0735","properties":{"z":"Z047","k":"mixed","h":15.6,"dh":0.0,"td":0.0,"t0":0.0,"g":0,"cbd":0,"d":1.922},"geometry":{"type":"Polygon","coordinates":[[[8.978668,44.990282],[8.9800232,44.990282],[8.9800232,44.9912947],[8.978668,44.9912947],[8.978668,44.990282]]]}},{"type":"Feature","id":"B0736","properties":{"z":"Z047","k":"lowrise","h":5.1,"dh":2.9,"td":0.0,"t0":0.0,"g":0,"cbd":0,"d":1.98},"geometry":{"type":"Polygon","coordinates":[[[8.976796,44.9917427],[8.9780935,44.9917427],[8.9780935,44.9925222],[8.976796,44.9925222],[8.976796,44.9917427]]]}},{"type":"Feature","id":"B0737","properties":{"z":"Z047","k":"mixed","h":24.3,"dh":0.0,"td":7.7,"t0":0.0,"g":0,"cbd":0,"d":1.847},"geometry":{"type":"Polygon","coordinates":[[[8.9786588,44.9916183],[8.9800324,44.9916183],[8.9800324,44.9926467],[8.9786588,44.9926467],[8.9786588,44.9916183]]]}},{"type":"Feature","id":"B0738","properties":{"z":"Z047","k":"mixed","h":36.9,"dh":0.0,"td":0.0,"t0":0.0,"g":0,"cbd":0,"d":1.715},"geometry":{"type":"Polygon","coordinates":[[[8.9819264,44.9903411],[8.9831581,44.9903411],[8.9831581,44.9912357],[8.9819264,44.9912357],[8.9819264,44.9903411]]]}},{"type":"Feature","id":"B0739","properties":{"z":"Z047","k":"mixed","h":35.2,"dh":0.0,"td":0.0,"t0":0.0,"g":0,"cbd":0,"d":1.597},"geometry":{"type":"Polygon","coordinates":[[[8.983916,44.9903356],[8.9849702,44.9903356],[8.9849702,44.9912411],[8.983916,44.9912411],[8.983916,44.9903356]]]}},{"type":"Feature","id":"B0740","properties":{"z":"Z047","k":"office","h":68.9,"dh":0.0,"td":0.0,"t0":5.7,"g":0,"cbd":0,"d":1.63},"geometry":{"type":"Polygon","coordinates":[[[8.982009,44.9916254],[8.9830756,44.9916254],[8.9830756,44.9926395],[8.982009,44.9926395],[8.982009,44.9916254]]]}},{"type":"Feature","id":"B0741","properties":{"z":"Z047","k":"mixed","h":44.0,"dh":0.0,"td":0.0,"t0":0.0,"g":0,"cbd":0,"d":1.506},"geometry":{"type":"Polygon","coordinates":[[[8.9838174,44.9916339],[8.9850688,44.9916339],[8.9850688,44.9926311],[8.9838174,44.9926311],[8.9838174,44.9916339]]]}},{"type":"Feature","id":"B0742","properties":{"z":"Z047","k":"mixed","h":21.6,"dh":11.9,"td":9.2,"t0":0.0,"g":0,"cbd":0,"d":1.882},"geometry":{"type":"Polygon","coordinates":[[[8.976863,44.9938762],[8.9780265,44.9938762],[8.9780265,44.9949095],[8.976863,44.9949095],[8.976863,44.9938762]]]}},{"type":"Feature","id":"B0743","properties":{"z":"Z047","k":"mixed","h":20.3,"dh":0.0,"td":0.0,"t0":8.02,"g":0,"cbd":0,"d":1.742},"geometry":{"type":"Polygon","coordinates":[[[8.9786814,44.993963],[8.9800098,44.993963],[8.9800098,44.9948228],[8.9786814,44.9948228],[8.9786814,44.993963]]]}},{"type":"Feature","id":"B0744","properties":{"z":"Z047","k":"mixed","h":26.6,"dh":0.0,"td":8.6,"t0":0.0,"g":0,"cbd":0,"d":1.838},"geometry":{"type":"Polygon","coordinates":[[[8.9767953,44.9952464],[8.9780942,44.9952464],[8.9780942,44.9962275],[8.9767953,44.9962275],[8.9767953,44.9952464]]]}},{"type":"Feature","id":"B0745","properties":{"z":"Z047","k":"mixed","h":43.1,"dh":0.0,"td":0.0,"t0":0.0,"g":0,"cbd":0,"d":1.694},"geometry":{"type":"Polygon","coordinates":[[[8.9786995,44.9952888],[8.9799917,44.9952888],[8.9799917,44.9961851],[8.9786995,44.9961851],[8.9786995,44.9952888]]]}},{"type":"Feature","id":"B0746","properties":{"z":"Z047","k":"park","h":0.0,"dh":0.0,"td":0.0,"t0":0.0,"g":0,"cbd":0,"d":1.509},"geometry":{"type":"Polygon","coordinates":[[[8.9819833,44.9939187],[8.9831012,44.9939187],[8.9831012,44.994867],[8.9819833,44.994867],[8.9819833,44.9939187]]]}},{"type":"Feature","id":"B0747","properties":{"z":"Z047","k":"mixed","h":31.3,"dh":0.0,"td":9.7,"t0":0.0,"g":0,"cbd":0,"d":1.374},"geometry":{"type":"Polygon","coordinates":[[[8.9837172,44.9939469],[8.985169,44.9939469],[8.985169,44.9948388],[8.9837172,44.9948388],[8.9837172,44.9939469]]]}},{"type":"Feature","id":"B0748","properties":{"z":"Z047","k":"mixed","h":29.9,"dh":12.4,"td":0.0,"t0":0.0,"g":0,"cbd":0,"d":1.454},"geometry":{"type":"Polygon","coordinates":[[[8.9819061,44.995372],[8.9831784,44.995372],[8.9831784,44.9961019],[8.9819061,44.9961019],[8.9819061,44.995372]]]}},{"type":"Feature","id":"B0749","properties":{"z":"Z047","k":"mixed","h":27.8,"dh":0.0,"td":0.0,"t0":0.0,"g":0,"cbd":0,"d":1.313},"geometry":{"type":"Polygon","coordinates":[[[8.9837782,44.9953137],[8.985108,44.9953137],[8.985108,44.9961602],[8.9837782,44.9961602],[8.9837782,44.9953137]]]}},{"type":"Feature","id":"B0750","properties":{"z":"Z048","k":"lowrise","h":6.3,"dh":0.0,"td":0.0,"t0":0.0,"g":1,"cbd":1,"d":1.45},"geometry":{"type":"Polygon","coordinates":[[[8.9862416,44.9903303],[8.987704,44.9903303],[8.987704,44.9912465],[8.9862416,44.9912465],[8.9862416,44.9903303]]]}},{"type":"Feature","id":"B0751","properties":{"z":"Z048","k":"office","h":47.8,"dh":0.0,"td":0.0,"t0":6.57,"g":0,"cbd":1,"d":1.349},"geometry":{"type":"Polygon","coordinates":[[[8.9883301,44.9903371],[8.9894172,44.9903371],[8.9894172,44.9912396],[8.9883301,44.9912396],[8.9883301,44.9903371]]]}},{"type":"Feature","id":"B0752","properties":{"z":"Z048","k":"lowrise","h":10.9,"dh":0.0,"td":0.0,"t0":0.0,"g":1,"cbd":1,"d":1.349},"geometry":{"type":"Polygon","coordinates":[[[8.9863326,44.9917112],[8.987613,44.9917112],[8.987613,44.9925538],[8.9863326,44.9925538],[8.9863326,44.9917112]]]}},{"type":"Feature","id":"B0753","properties":{"z":"Z048","k":"lowrise","h":15.4,"dh":0.0,"td":0.0,"t0":7.01,"g":1,"cbd":1,"d":1.239},"geometry":{"type":"Polygon","coordinates":[[[8.9882402,44.9916588],[8.9895071,44.9916588],[8.9895071,44.9926061],[8.9882402,44.9926061],[8.9882402,44.9916588]]]}},{"type":"Feature","id":"B0754","properties":{"z":"Z048","k":"office","h":60.1,"dh":0.0,"td":0.0,"t0":0.0,"g":0,"cbd":1,"d":1.2},"geometry":{"type":"Polygon","coordinates":[[[8.9914525,44.9903872],[8.9926881,44.9903872],[8.9926881,44.9911895],[8.9914525,44.9911895],[8.9914525,44.9903872]]]}},{"type":"Feature","id":"B0755","properties":{"z":"Z048","k":"tower","h":90.7,"dh":0.0,"td":0.0,"t0":0.0,"g":0,"cbd":1,"d":1.13},"geometry":{"type":"Polygon","coordinates":[[[8.9934672,44.9904243],[8.9944751,44.9904243],[8.9944751,44.9911525],[8.9934672,44.9911525],[8.9934672,44.9904243]]]}},{"type":"Feature","id":"B0756","properties":{"z":"Z048","k":"podium","h":19.1,"dh":0.0,"td":0.0,"t0":0.0,"g":0,"cbd":1,"d":1.13},"geometry":{"type":"Polygon","coordinates":[[[8.9931685,44.9902208],[8.9947738,44.9902208],[8.9947738,44.9913559],[8.9931685,44.9913559],[8.9931685,44.9902208]]]}},{"type":"Feature","id":"B0757","properties":{"z":"Z048","k":"lowrise","h":10.2,"dh":0.0,"td":0.0,"t0":0.0,"g":1,"cbd":1,"d":1.075},"geometry":{"type":"Polygon","coordinates":[[[8.9914652,44.9916254],[8.9926754,44.9916254],[8.9926754,44.9926396],[8.9914652,44.9926396],[8.9914652,44.9916254]]]}},{"type":"Feature","id":"B0758","properties":{"z":"Z048","k":"tower","h":173.2,"dh":0.0,"td":0.0,"t0":2.43,"g":0,"cbd":1,"d":0.996},"geometry":{"type":"Polygon","coordinates":[[[8.99339,44.9916295],[8.9945522,44.9916295],[8.9945522,44.9926354],[8.99339,44.9926354],[8.99339,44.9916295]]]}},{"type":"Feature","id":"B0759","properties":{"z":"Z048","k":"podium","h":15.2,"dh":0.0,"td":0.0,"t0":2.43,"g":0,"cbd":1,"d":0.996},"geometry":{"type":"Polygon","coordinates":[[[8.9931685,44.9915649],[8.9947738,44.9915649],[8.9947738,44.9927],[8.9931685,44.9927],[8.9931685,44.9915649]]]}},{"type":"Feature","id":"B0760","properties":{"z":"Z048","k":"office","h":74.1,"dh":0.0,"td":36.9,"t0":0.0,"g":0,"cbd":1,"d":1.2},"geometry":{"type":"Polygon","coordinates":[[[8.9863247,44.9939878],[8.9876209,44.9939878],[8.9876209,44.9947979],[8.9863247,44.9947979],[8.9863247,44.9939878]]]}},{"type":"Feature","id":"B0761","properties":{"z":"Z048","k":"office","h":72.7,"dh":0.0,"td":0.0,"t0":0.0,"g":0,"cbd":1,"d":1.075},"geometry":{"type":"Polygon","coordinates":[[[8.9883638,44.9940013],[8.9893835,44.9940013],[8.9893835,44.9947844],[8.9883638,44.9947844],[8.9883638,44.9940013]]]}},{"type":"Feature","id":"B0762","properties":{"z":"Z048","k":"office","h":55.9,"dh":0.0,"td":0.0,"t0":0.0,"g":0,"cbd":1,"d":1.13},"geometry":{"type":"Polygon","coordinates":[[[8.9864568,44.9953547],[8.9874888,44.9953547],[8.9874888,44.9961193],[8.9864568,44.9961193],[8.9864568,44.9953547]]]}},{"type":"Feature","id":"B0763","properties":{"z":"Z048","k":"lowrise","h":6.3,"dh":0.0,"td":0.0,"t0":0.0,"g":1,"cbd":1,"d":0.996},"geometry":{"type":"Polygon","coordinates":[[[8.9883249,44.9953562],[8.9894224,44.9953562],[8.9894224,44.9961177],[8.9883249,44.9961177],[8.9883249,44.9953562]]]}},{"type":"Feature","id":"B0764","properties":{"z":"Z048","k":"office","h":77.8,"dh":0.0,"td":0.0,"t0":0.0,"g":0,"cbd":1,"d":0.883},"geometry":{"type":"Polygon","coordinates":[[[8.9915024,44.9939096],[8.9926382,44.9939096],[8.9926382,44.9948761],[8.9915024,44.9948761],[8.9915024,44.9939096]]]}},{"type":"Feature","id":"B0765","properties":{"z":"Z048","k":"office","h":56.7,"dh":41.2,"td":29.4,"t0":0.0,"g":0,"cbd":1,"d":0.784},"geometry":{"type":"Polygon","coordinates":[[[8.9932382,44.9939447],[8.9947041,44.9939447],[8.9947041,44.994841],[8.9932382,44.994841],[8.9932382,44.9939447]]]}},{"type":"Feature","id":"B0766","properties":{"z":"Z048","k":"tower","h":108.4,"dh":0.0,"td":0.0,"t0":0.0,"g":0,"cbd":1,"d":0.784},"geometry":{"type":"Polygon","coordinates":[[[8.9913402,44.9952332],[8.9928004,44.9952332],[8.9928004,44.9962407],[8.9913402,44.9962407],[8.9913402,44.9952332]]]}},{"type":"Feature","id":"B0767","properties":{"z":"Z048","k":"podium","h":14.7,"dh":0.0,"td":0.0,"t0":0.0,"g":0,"cbd":1,"d":0.784},"geometry":{"type":"Polygon","coordinates":[[[8.9912677,44.9951694],[8.9928729,44.9951694],[8.9928729,44.9963045],[8.9912677,44.9963045],[8.9912677,44.9951694]]]}},{"type":"Feature","id":"B0768","properties":{"z":"Z048","k":"lowrise","h":11.0,"dh":0.0,"td":0.0,"t0":0.0,"g":1,"cbd":1,"d":0.671},"geometry":{"type":"Polygon","coordinates":[[[8.993467,44.9953635],[8.9944753,44.9953635],[8.9944753,44.9961104],[8.993467,44.9961104],[8.993467,44.9953635]]]}},{"type":"Feature","id":"B0769","properties":{"z":"Z049","k":"lowrise","h":11.0,"dh":0.0,"td":0.0,"t0":0.0,"g":1,"cbd":1,"d":1.062},"geometry":{"type":"Polygon","coordinates":[[[8.9958012,44.9903575],[8.9972004,44.9903575],[8.9972004,44.9912193],[8.9958012,44.9912193],[8.9958012,44.9903575]]]}},{"type":"Feature","id":"B0770","properties":{"z":"Z049","k":"office","h":66.3,"dh":23.2,"td":0.0,"t0":0.0,"g":0,"cbd":1,"d":1.033},"geometry":{"type":"Polygon","coordinates":[[[8.9978817,44.9904026],[8.9989216,44.9904026],[8.9989216,44.9911741],[8.9978817,44.9911741],[8.9978817,44.9904026]]]}},{"type":"Feature","id":"B0771","properties":{"z":"Z049","k":"tower","h":123.6,"dh":0.0,"td":0.0,"t0":0.0,"g":0,"cbd":1,"d":0.918},"geometry":{"type":"Polygon","coordinates":[[[8.9959831,44.9917191],[8.9970186,44.9917191],[8.9970186,44.9925459],[8.9959831,44.9925459],[8.9959831,44.9917191]]]}},{"type":"Feature","id":"B0772","properties":{"z":"Z049","k":"podium","h":14.2,"dh":0.0,"td":0.0,"t0":0.0,"g":0,"cbd":1,"d":0.918},"geometry":{"type":"Polygon","coordinates":[[[8.9956982,44.9915649],[8.9973035,44.9915649],[8.9973035,44.9927],[8.9956982,44.9927],[8.9956982,44.9915649]]]}},{"type":"Feature","id":"B0773","properties":{"z":"Z049","k":"office","h":70.9,"dh":16.4,"td":0.0,"t0":0.0,"g":0,"cbd":1,"d":0.885},"geometry":{"type":"Polygon","coordinates":[[[8.9976916,44.9917148],[8.9991117,44.9917148],[8.9991117,44.9925502],[8.9976916,44.9925502],[8.9976916,44.9917148]]]}},{"type":"Feature","id":"B0774","properties":{"z":"Z049","k":"office","h":62.5,"dh":0.0,"td":0.0,"t0":0.0,"g":0,"cbd":1,"d":0.682},"geometry":{"type":"Polygon","coordinates":[[[8.9958059,44.9938852],[8.9971957,44.9938852],[8.9971957,44.9949005],[8.9958059,44.9949005],[8.9958059,44.9938852]]]}},{"type":"Feature","id":"B0775","properties":{"z":"Z049","k":"lowrise","h":10.5,"dh":0.0,"td":0.0,"t0":0.0,"g":0,"cbd":1,"d":0.549},"geometry":{"type":"Polygon","coordinates":[[[8.9959023,44.9952561],[8.9970993,44.9952561],[8.9970993,44.9962178],[8.9959023,44.9962178],[8.9959023,44.9952561]]]}},{"type":"Feature","id":"B0776","properties":{"z":"Z050","k":"park","h":0.0,"dh":0.0,"td":0.0,"t0":0.0,"g":0,"cbd":1,"d":1.13},"geometry":{"type":"Polygon","coordinates":[[[9.0054303,44.9903642],[9.0066275,44.9903642],[9.0066275,44.9912126],[9.0054303,44.9912126],[9.0054303,44.9903642]]]}},{"type":"Feature","id":"B0777","properties":{"z":"Z050","k":"mixed","h":39.7,"dh":0.0,"td":0.0,"t0":0.0,"g":0,"cbd":1,"d":1.2},"geometry":{"type":"Polygon","coordinates":[[[9.0072837,44.9903114],[9.0085757,44.9903114],[9.0085757,44.9912653],[9.0072837,44.9912653],[9.0072837,44.9903114]]]}},{"type":"Feature","id":"B0778","properties":{"z":"Z050","k":"lowrise","h":10.1,"dh":0.0,"td":0.0,"t0":0.0,"g":1,"cbd":1,"d":0.996},"geometry":{"type":"Polygon","coordinates":[[[9.005317,44.9917333],[9.0067407,44.9917333],[9.0067407,44.9925316],[9.005317,44.9925316],[9.005317,44.9917333]]]}},{"type":"Feature","id":"B0779","properties":{"z":"Z050","k":"tower","h":103.4,"dh":0.0,"td":0.0,"t0":0.0,"g":0,"cbd":1,"d":1.075},"geometry":{"type":"Polygon","coordinates":[[[9.0073996,44.9917223],[9.0084598,44.9917223],[9.0084598,44.9925427],[9.0073996,44.9925427],[9.0073996,44.9917223]]]}},{"type":"Feature","id":"B0780","properties":{"z":"Z050","k":"podium","h":14.8,"dh":0.0,"td":0.0,"t0":0.0,"g":0,"cbd":1,"d":1.075},"geometry":{"type":"Polygon","coordinates":[[[9.0071271,44.9915649],[9.0087323,44.9915649],[9.0087323,44.9927],[9.0071271,44.9927],[9.0071271,44.9915649]]]}},{"type":"Feature","id":"B0781","properties":{"z":"Z050","k":"office","h":46.7,"dh":0.0,"td":0.0,"t0":0.0,"g":0,"cbd":1,"d":1.349},"geometry":{"type":"Polygon","coordinates":[[[9.0104599,44.9903941],[9.0117928,44.9903941],[9.0117928,44.9911826],[9.0104599,44.9911826],[9.0104599,44.9903941]]]}},{"type":"Feature","id":"B0782","properties":{"z":"Z050","k":"park","h":0.0,"dh":0.0,"td":0.0,"t0":0.0,"g":0,"cbd":1,"d":1.45},"geometry":{"type":"Polygon","coordinates":[[[9.012424,44.9904324],[9.0136304,44.9904324],[9.0136304,44.9911444],[9.012424,44.9911444],[9.012424,44.9904324]]]}},{"type":"Feature","id":"B0783","properties":{"z":"Z050","k":"office","h":88.8,"dh":0.0,"td":0.0,"t0":0.0,"g":0,"cbd":1,"d":1.239},"geometry":{"type":"Polygon","coordinates":[[[9.0104983,44.9917036],[9.0117544,44.9917036],[9.0117544,44.9925613],[9.0104983,44.9925613],[9.0104983,44.9917036]]]}},{"type":"Feature","id":"B0784","properties":{"z":"Z050","k":"podium","h":18.0,"dh":0.0,"td":0.0,"t0":0.0,"g":0,"cbd":1,"d":1.239},"geometry":{"type":"Polygon","coordinates":[[[9.0103237,44.9915649],[9.011929,44.9915649],[9.011929,44.9927],[9.0103237,44.9927],[9.0103237,44.9915649]]]}},{"type":"Feature","id":"B0785","properties":{"z":"Z050","k":"lowrise","h":20.3,"dh":0.0,"td":0.0,"t0":5.86,"g":1,"cbd":1,"d":1.349},"geometry":{"type":"Polygon","coordinates":[[[9.0125131,44.9916145],[9.0135413,44.9916145],[9.0135413,44.9926504],[9.0125131,44.9926504],[9.0125131,44.9916145]]]}},{"type":"Feature","id":"B0786","properties":{"z":"Z050","k":"office","h":85.1,"dh":0.0,"td":0.0,"t0":0.0,"g":0,"cbd":1,"d":0.784},"geometry":{"type":"Polygon","coordinates":[[[9.0054581,44.9939601],[9.0065996,44.9939601],[9.0065996,44.9948256],[9.0054581,44.9948256],[9.0054581,44.9939601]]]}},{"type":"Feature","id":"B0787","properties":{"z":"Z050","k":"podium","h":13.5,"dh":0.0,"td":0.0,"t0":0.0,"g":0,"cbd":1,"d":0.784},"geometry":{"type":"Polygon","coordinates":[[[9.0052262,44.9938253],[9.0068315,44.9938253],[9.0068315,44.9949604],[9.0052262,44.9949604],[9.0052262,44.9938253]]]}},{"type":"Feature","id":"B0788","properties":{"z":"Z050","k":"lowrise","h":9.7,"dh":0.0,"td":0.0,"t0":0.0,"g":1,"cbd":1,"d":0.883},"geometry":{"type":"Polygon","coordinates":[[[9.0073148,44.9939364],[9.0085447,44.9939364],[9.0085447,44.9948493],[9.0073148,44.9948493],[9.0073148,44.9939364]]]}},{"type":"Feature","id":"B0789","properties":{"z":"Z050","k":"tower","h":101.0,"dh":35.1,"td":35.2,"t0":0.0,"g":0,"cbd":1,"d":0.671},"geometry":{"type":"Polygon","coordinates":[[[9.0055123,44.9952437],[9.0065454,44.9952437],[9.0065454,44.9962302],[9.0055123,44.9962302],[9.0055123,44.9952437]]]}},{"type":"Feature","id":"B0790","properties":{"z":"Z050","k":"podium","h":14.0,"dh":0.0,"td":0.0,"t0":0.0,"g":0,"cbd":1,"d":0.671},"geometry":{"type":"Polygon","coordinates":[[[9.0052262,44.9951694],[9.0068315,44.9951694],[9.0068315,44.9963045],[9.0052262,44.9963045],[9.0052262,44.9951694]]]}},{"type":"Feature","id":"B0791","properties":{"z":"Z050","k":"tower","h":128.4,"dh":0.0,"td":0.0,"t0":0.0,"g":0,"cbd":1,"d":0.784},"geometry":{"type":"Polygon","coordinates":[[[9.007358,44.9953128],[9.0085014,44.9953128],[9.0085014,44.9961611],[9.007358,44.9961611],[9.007358,44.9953128]]]}},{"type":"Feature","id":"B0792","properties":{"z":"Z050","k":"podium","h":13.2,"dh":0.0,"td":0.0,"t0":0.0,"g":0,"cbd":1,"d":0.784},"geometry":{"type":"Polygon","coordinates":[[[9.0071271,44.9951694],[9.0087323,44.9951694],[9.0087323,44.9963045],[9.0071271,44.9963045],[9.0071271,44.9951694]]]}},{"type":"Feature","id":"B0793","properties":{"z":"Z050","k":"mixed","h":41.4,"dh":25.2,"td":0.0,"t0":0.0,"g":0,"cbd":1,"d":1.075},"geometry":{"type":"Polygon","coordinates":[[[9.0106106,44.9940067],[9.0116422,44.9940067],[9.0116422,44.994779],[9.0106106,44.994779],[9.0106106,44.9940067]]]}},{"type":"Feature","id":"B0794","properties":{"z":"Z050","k":"office","h":55.1,"dh":0.0,"td":0.0,"t0":0.0,"g":0,"cbd":1,"d":1.2},"geometry":{"type":"Polygon","coordinates":[[[9.0124398,44.9940104],[9.0136146,44.9940104],[9.0136146,44.9947753],[9.0124398,44.9947753],[9.0124398,44.9940104]]]}},{"type":"Feature","id":"B0795","properties":{"z":"Z050","k":"lowrise","h":9.6,"dh":0.0,"td":0.0,"t0":0.0,"g":1,"cbd":1,"d":0.996},"geometry":{"type":"Polygon","coordinates":[[[9.0105508,44.9953572],[9.0117019,44.9953572],[9.0117019,44.9961167],[9.0105508,44.9961167],[9.0105508,44.9953572]]]}},{"type":"Feature","id":"B0796","properties":{"z":"Z050","k":"office","h":88.4,"dh":28.2,"td":0.0,"t0":0.0,"g":0,"cbd":1,"d":1.13},"geometry":{"type":"Polygon","coordinates":[[[9.0124547,44.9953281],[9.0135997,44.9953281],[9.0135997,44.9961458],[9.0124547,44.9961458],[9.0124547,44.9953281]]]}},{"type":"Feature","id":"B0797","properties":{"z":"Z050","k":"podium","h":15.7,"dh":0.0,"td":0.0,"t0":0.0,"g":0,"cbd":1,"d":1.13},"geometry":{"type":"Polygon","coordinates":[[[9.0122246,44.9951694],[9.0138298,44.9951694],[9.0138298,44.9963045],[9.0122246,44.9963045],[9.0122246,44.9951694]]]}},{"type":"Feature","id":"B0798","properties":{"z":"Z051","k":"park","h":0.0,"dh":0.0,"td":0.0,"t0":0.0,"g":0,"cbd":0,"d":1.597},"geometry":{"type":"Polygon","coordinates":[[[9.015012,44.9902945],[9.0161018,44.9902945],[9.0161018,44.9912822],[9.015012,44.9912822],[9.015012,44.9902945]]]}},{"type":"Feature","id":"B0799","properties":{"z":"Z051","k":"mixed","h":20.5,"dh":0.0,"td":5.8,"t0":6.01,"g":0,"cbd":0,"d":1.715},"geometry":{"type":"Polygon","coordinates":[[[9.0168037,44.9904138],[9.0181118,44.9904138],[9.0181118,44.991163],[9.0168037,44.991163],[9.0168037,44.9904138]]]}},{"type":"Feature","id":"B0800","properties":{"z":"Z051","k":"mixed","h":21.3,"dh":0.0,"td":0.0,"t0":0.0,"g":0,"cbd":0,"d":1.506},"geometry":{"type":"Polygon","coordinates":[[[9.0150256,44.99168],[9.0160881,44.99168],[9.0160881,44.992585],[9.0150256,44.992585],[9.0150256,44.99168]]]}},{"type":"Feature","id":"B0801","properties":{"z":"Z051","k":"mixed","h":21.5,"dh":0.0,"td":0.0,"t0":0.0,"g":0,"cbd":0,"d":1.63},"geometry":{"type":"Polygon","coordinates":[[[9.0169056,44.9917002],[9.0180099,44.9917002],[9.0180099,44.9925647],[9.0169056,44.9925647],[9.0169056,44.9917002]]]}},{"type":"Feature","id":"B0802","properties":{"z":"Z051","k":"mixed","h":32.9,"dh":0.0,"td":0.0,"t0":0.0,"g":0,"cbd":0,"d":1.922},"geometry":{"type":"Polygon","coordinates":[[[9.0199688,44.990322],[9.02134,44.990322],[9.02134,44.9912548],[9.0199688,44.9912548],[9.0199688,44.990322]]]}},{"type":"Feature","id":"B0803","properties":{"z":"Z051","k":"mixed","h":30.1,"dh":13.6,"td":0.0,"t0":0.0,"g":0,"cbd":0,"d":2.05},"geometry":{"type":"Polygon","coordinates":[[[9.0220394,44.9903426],[9.0230711,44.9903426],[9.0230711,44.9912342],[9.0220394,44.9912342],[9.0220394,44.9903426]]]}},{"type":"Feature","id":"B0804","properties":{"z":"Z051","k":"mixed","h":25.9,"dh":0.0,"td":0.0,"t0":0.0,"g":0,"cbd":0,"d":1.847},"geometry":{"type":"Polygon","coordinates":[[[9.0199553,44.9916838],[9.0213535,44.9916838],[9.0213535,44.9925812],[9.0199553,44.9925812],[9.0199553,44.9916838]]]}},{"type":"Feature","id":"B0805","properties":{"z":"Z051","k":"mixed","h":32.8,"dh":0.0,"td":6.0,"t0":0.0,"g":0,"cbd":0,"d":1.98},"geometry":{"type":"Polygon","coordinates":[[[9.0218484,44.9917176],[9.0232621,44.9917176],[9.0232621,44.9925474],[9.0218484,44.9925474],[9.0218484,44.9917176]]]}},{"type":"Feature","id":"B0806","properties":{"z":"Z051","k":"office","h":59.2,"dh":41.6,"td":0.0,"t0":0.0,"g":0,"cbd":0,"d":1.374},"geometry":{"type":"Polygon","coordinates":[[[9.0149307,44.9940236],[9.0161831,44.9940236],[9.0161831,44.9947621],[9.0149307,44.9947621],[9.0149307,44.9940236]]]}},{"type":"Feature","id":"B0807","properties":{"z":"Z051","k":"mixed","h":21.0,"dh":0.0,"td":0.0,"t0":0.0,"g":0,"cbd":0,"d":1.509},"geometry":{"type":"Polygon","coordinates":[[[9.0169262,44.993941],[9.0179892,44.993941],[9.0179892,44.9948447],[9.0169262,44.9948447],[9.0169262,44.993941]]]}},{"type":"Feature","id":"B0808","properties":{"z":"Z051","k":"lowrise","h":11.8,"dh":0.0,"td":0.0,"t0":0.0,"g":1,"cbd":0,"d":1.313},"geometry":{"type":"Polygon","coordinates":[[[9.0148711,44.9953413],[9.0162426,44.9953413],[9.0162426,44.9961326],[9.0148711,44.9961326],[9.0148711,44.9953413]]]}},{"type":"Feature","id":"B0809","properties":{"z":"Z051","k":"mixed","h":43.8,"dh":20.2,"td":0.0,"t0":0.0,"g":0,"cbd":0,"d":1.454},"geometry":{"type":"Polygon","coordinates":[[[9.0168569,44.9953641],[9.0180585,44.9953641],[9.0180585,44.9961098],[9.0168569,44.9961098],[9.0168569,44.9953641]]]}},{"type":"Feature","id":"B0810","properties":{"z":"Z051","k":"mixed","h":25.1,"dh":0.0,"td":0.0,"t0":0.0,"g":0,"cbd":0,"d":1.742},"geometry":{"type":"Polygon","coordinates":[[[9.0200233,44.9940352],[9.0212854,44.9940352],[9.0212854,44.9947505],[9.0200233,44.9947505],[9.0200233,44.9940352]]]}},{"type":"Feature","id":"B0811","properties":{"z":"Z051","k":"mixed","h":21.3,"dh":0.0,"td":0.0,"t0":0.0,"g":0,"cbd":0,"d":1.882},"geometry":{"type":"Polygon","coordinates":[[[9.0219465,44.9939431],[9.0231639,44.9939431],[9.0231639,44.9948426],[9.0219465,44.9948426],[9.0219465,44.9939431]]]}},{"type":"Feature","id":"B0812","properties":{"z":"Z051","k":"mixed","h":26.1,"dh":0.0,"td":0.0,"t0":0.0,"g":0,"cbd":0,"d":1.694},"geometry":{"type":"Polygon","coordinates":[[[9.0199671,44.9952256],[9.0213417,44.9952256],[9.0213417,44.9962483],[9.0199671,44.9962483],[9.0199671,44.9952256]]]}},{"type":"Feature","id":"B0813","properties":{"z":"Z051","k":"lowrise","h":10.7,"dh":0.0,"td":0.0,"t0":0.0,"g":1,"cbd":0,"d":1.838},"geometry":{"type":"Polygon","coordinates":[[[9.0219229,44.9953057],[9.0231876,44.9953057],[9.0231876,44.9961682],[9.0219229,44.9961682],[9.0219229,44.9953057]]]}},{"type":"Feature","id":"B0814","properties":{"z":"Z052","k":"residential","h":19.7,"dh":0.0,"td":0.0,"t0":4.65,"g":0,"cbd":0,"d":2.225},"geometry":{"type":"Polygon","coordinates":[[[9.0244198,44.9902792],[9.02575,44.9902792],[9.02575,44.9912976],[9.0244198,44.9912976],[9.0244198,44.9902792]]]}},{"type":"Feature","id":"B0815","properties":{"z":"Z052","k":"residential","h":11.6,"dh":0.0,"td":0.0,"t0":0.0,"g":0,"cbd":0,"d":2.359},"geometry":{"type":"Polygon","coordinates":[[[9.0263964,44.9903143],[9.0275751,44.9903143],[9.0275751,44.9912624],[9.0263964,44.9912624],[9.0263964,44.9903143]]]}},{"type":"Feature","id":"B0816","properties":{"z":"Z052","k":"residential","h":18.0,"dh":0.0,"td":4.4,"t0":0.0,"g":0,"cbd":0,"d":2.16},"geometry":{"type":"Polygon","coordinates":[[[9.0245167,44.9916698],[9.0256532,44.9916698],[9.0256532,44.9925952],[9.0245167,44.9925952],[9.0245167,44.9916698]]]}},{"type":"Feature","id":"B0817","properties":{"z":"Z052","k":"residential","h":10.0,"dh":0.0,"td":1.3,"t0":0.0,"g":0,"cbd":0,"d":2.298},"geometry":{"type":"Polygon","coordinates":[[[9.0264074,44.9917004],[9.0275642,44.9917004],[9.0275642,44.9925646],[9.0264074,44.9925646],[9.0264074,44.9917004]]]}},{"type":"Feature","id":"B0818","properties":{"z":"Z052","k":"residential","h":11.8,"dh":0.0,"td":0.0,"t0":0.0,"g":0,"cbd":0,"d":2.588},"geometry":{"type":"Polygon","coordinates":[[[9.02965,44.9903977],[9.0307148,44.9903977],[9.0307148,44.9911791],[9.02965,44.9911791],[9.02965,44.9903977]]]}},{"type":"Feature","id":"B0819","properties":{"z":"Z052","k":"residential","h":18.1,"dh":0.0,"td":2.2,"t0":0.0,"g":0,"cbd":0,"d":2.726},"geometry":{"type":"Polygon","coordinates":[[[9.0314294,44.990394],[9.0327371,44.990394],[9.0327371,44.9911827],[9.0314294,44.9911827],[9.0314294,44.990394]]]}},{"type":"Feature","id":"B0820","properties":{"z":"Z052","k":"residential","h":18.1,"dh":0.0,"td":0.0,"t0":0.0,"g":0,"cbd":0,"d":2.532},"geometry":{"type":"Polygon","coordinates":[[[9.0294536,44.9917025],[9.0309112,44.9917025],[9.0309112,44.9925625],[9.0294536,44.9925625],[9.0294536,44.9917025]]]}},{"type":"Feature","id":"B0821","properties":{"z":"Z052","k":"park","h":0.0,"dh":0.0,"td":0.0,"t0":0.0,"g":0,"cbd":0,"d":2.673},"geometry":{"type":"Polygon","coordinates":[[[9.0315244,44.9916932],[9.0326421,44.9916932],[9.0326421,44.9925717],[9.0315244,44.9925717],[9.0315244,44.9916932]]]}},{"type":"Feature","id":"B0822","properties":{"z":"Z052","k":"residential","h":9.6,"dh":0.0,"td":0.0,"t0":0.0,"g":0,"cbd":0,"d":2.071},"geometry":{"type":"Polygon","coordinates":[[[9.0245297,44.9939087],[9.0256401,44.9939087],[9.0256401,44.994877],[9.0245297,44.994877],[9.0245297,44.9939087]]]}},{"type":"Feature","id":"B0823","properties":{"z":"Z052","k":"residential","h":11.8,"dh":0.0,"td":1.5,"t0":0.0,"g":0,"cbd":0,"d":2.214},"geometry":{"type":"Polygon","coordinates":[[[9.0263538,44.9939939],[9.0276178,44.9939939],[9.0276178,44.9947918],[9.0263538,44.9947918],[9.0263538,44.9939939]]]}},{"type":"Feature","id":"B0824","properties":{"z":"Z052","k":"residential","h":21.5,"dh":0.0,"td":5.0,"t0":0.0,"g":0,"cbd":0,"d":2.031},"geometry":{"type":"Polygon","coordinates":[[[9.0244295,44.9952326],[9.0257404,44.9952326],[9.0257404,44.9962413],[9.0244295,44.9962413],[9.0244295,44.9952326]]]}},{"type":"Feature","id":"B0825","properties":{"z":"Z052","k":"residential","h":16.6,"dh":0.0,"td":3.4,"t0":0.0,"g":0,"cbd":0,"d":2.177},"geometry":{"type":"Polygon","coordinates":[[[9.0262846,44.9952327],[9.0276869,44.9952327],[9.0276869,44.9962412],[9.0262846,44.9962412],[9.0262846,44.9952327]]]}},{"type":"Feature","id":"B0826","properties":{"z":"Z052","k":"residential","h":27.5,"dh":0.0,"td":3.0,"t0":3.48,"g":0,"cbd":0,"d":2.456},"geometry":{"type":"Polygon","coordinates":[[[9.0296095,44.9939655],[9.0307553,44.9939655],[9.0307553,44.9948202],[9.0296095,44.9948202],[9.0296095,44.9939655]]]}},{"type":"Feature","id":"B0827","properties":{"z":"Z052","k":"residential","h":11.9,"dh":0.0,"td":0.7,"t0":0.0,"g":0,"cbd":0,"d":2.601},"geometry":{"type":"Polygon","coordinates":[[[9.0315578,44.9938766],[9.0326087,44.9938766],[9.0326087,44.9949092],[9.0315578,44.9949092],[9.0315578,44.9938766]]]}},{"type":"Feature","id":"B0828","properties":{"z":"Z052","k":"residential","h":11.6,"dh":0.0,"td":0.0,"t0":0.0,"g":0,"cbd":0,"d":2.423},"geometry":{"type":"Polygon","coordinates":[[[9.0295326,44.9952365],[9.0308322,44.9952365],[9.0308322,44.9962374],[9.0295326,44.9962374],[9.0295326,44.9952365]]]}},{"type":"Feature","id":"B0829","properties":{"z":"Z052","k":"residential","h":19.9,"dh":0.0,"td":1.3,"t0":0.0,"g":0,"cbd":0,"d":2.57},"geometry":{"type":"Polygon","coordinates":[[[9.0315287,44.9953366],[9.0326378,44.9953366],[9.0326378,44.9961374],[9.0315287,44.9961374],[9.0315287,44.9953366]]]}},{"type":"Feature","id":"B0830","properties":{"z":"Z053","k":"park","h":0.0,"dh":0.0,"td":0.0,"t0":0.0,"g":0,"cbd":0,"d":2.911},"geometry":{"type":"Polygon","coordinates":[[[9.0340845,44.9903688],[9.0351414,44.9903688],[9.0351414,44.9912079],[9.0340845,44.9912079],[9.0340845,44.9903688]]]}},{"type":"Feature","id":"B0831","properties":{"z":"Z053","k":"park","h":0.0,"dh":0.0,"td":0.0,"t0":0.0,"g":0,"cbd":0,"d":3.052},"geometry":{"type":"Polygon","coordinates":[[[9.0359947,44.990415],[9.0370329,44.990415],[9.0370329,44.9911618],[9.0359947,44.9911618],[9.0359947,44.990415]]]}},{"type":"Feature","id":"B0832","properties":{"z":"Z053","k":"residential","h":18.1,"dh":0.0,"td":1.5,"t0":0.0,"g":0,"cbd":0,"d":2.862},"geometry":{"type":"Polygon","coordinates":[[[9.0340412,44.9916517],[9.0351847,44.9916517],[9.0351847,44.9926133],[9.0340412,44.9926133],[9.0340412,44.9916517]]]}},{"type":"Feature","id":"B0833","properties":{"z":"Z053","k":"residential","h":16.4,"dh":3.9,"td":0.0,"t0":0.0,"g":0,"cbd":0,"d":3.005},"geometry":{"type":"Polygon","coordinates":[[[9.0358776,44.9917749],[9.03715,44.9917749],[9.03715,44.9924901],[9.0358776,44.9924901],[9.0358776,44.9917749]]]}},{"type":"Feature","id":"B0834","properties":{"z":"Z053","k":"park","h":0.0,"dh":0.0,"td":0.0,"t0":0.0,"g":0,"cbd":0,"d":3.29},"geometry":{"type":"Polygon","coordinates":[[[9.0390155,44.9903997],[9.0404054,44.9903997],[9.0404054,44.9911771],[9.0390155,44.9911771],[9.0390155,44.9903997]]]}},{"type":"Feature","id":"B0835","properties":{"z":"Z053","k":"park","h":0.0,"dh":0.0,"td":0.0,"t0":0.0,"g":0,"cbd":0,"d":3.432},"geometry":{"type":"Polygon","coordinates":[[[9.0410214,44.9904107],[9.0422012,44.9904107],[9.0422012,44.9911661],[9.0410214,44.9911661],[9.0410214,44.9904107]]]}},{"type":"Feature","id":"B0836","properties":{"z":"Z053","k":"residential","h":19.0,"dh":0.0,"td":0.0,"t0":0.0,"g":0,"cbd":0,"d":3.246},"geometry":{"type":"Polygon","coordinates":[[[9.0390256,44.9917388],[9.0403953,44.9917388],[9.0403953,44.9925261],[9.0390256,44.9925261],[9.0390256,44.9917388]]]}},{"type":"Feature","id":"B0837","properties":{"z":"Z053","k":"residential","h":14.2,"dh":0.0,"td":0.0,"t0":0.0,"g":0,"cbd":0,"d":3.391},"geometry":{"type":"Polygon","coordinates":[[[9.0411018,44.9917597],[9.0421208,44.9917597],[9.0421208,44.9925052],[9.0411018,44.9925052],[9.0411018,44.9917597]]]}},{"type":"Feature","id":"B0838","properties":{"z":"Z053","k":"park","h":0.0,"dh":0.0,"td":0.0,"t0":0.0,"g":0,"cbd":0,"d":2.795},"geometry":{"type":"Polygon","coordinates":[[[9.0340526,44.993972],[9.0351733,44.993972],[9.0351733,44.9948137],[9.0340526,44.9948137],[9.0340526,44.993972]]]}},{"type":"Feature","id":"B0839","properties":{"z":"Z053","k":"residential","h":16.6,"dh":0.0,"td":0.0,"t0":0.0,"g":0,"cbd":0,"d":2.941},"geometry":{"type":"Polygon","coordinates":[[[9.0360024,44.9938895],[9.0370252,44.9938895],[9.0370252,44.9948962],[9.0360024,44.9948962],[9.0360024,44.9938895]]]}},{"type":"Feature","id":"B0840","properties":{"z":"Z053","k":"residential","h":17.9,"dh":0.0,"td":0.0,"t0":0.0,"g":0,"cbd":0,"d":2.766},"geometry":{"type":"Polygon","coordinates":[[[9.0338873,44.9953712],[9.0353386,44.9953712],[9.0353386,44.9961027],[9.0338873,44.9961027],[9.0338873,44.9953712]]]}},{"type":"Feature","id":"B0841","properties":{"z":"Z053","k":"park","h":0.0,"dh":0.0,"td":0.0,"t0":0.0,"g":0,"cbd":0,"d":2.913},"geometry":{"type":"Polygon","coordinates":[[[9.0357839,44.9952977],[9.0372436,44.9952977],[9.0372436,44.9961762],[9.0357839,44.9961762],[9.0357839,44.9952977]]]}},{"type":"Feature","id":"B0842","properties":{"z":"Z053","k":"residential","h":19.6,"dh":11.2,"td":0.0,"t0":0.0,"g":0,"cbd":0,"d":3.188},"geometry":{"type":"Polygon","coordinates":[[[9.0391758,44.9939847],[9.0402451,44.9939847],[9.0402451,44.994801],[9.0391758,44.994801],[9.0391758,44.9939847]]]}},{"type":"Feature","id":"B0843","properties":{"z":"Z053","k":"residential","h":12.9,"dh":0.0,"td":0.7,"t0":0.0,"g":0,"cbd":0,"d":3.334},"geometry":{"type":"Polygon","coordinates":[[[9.0410174,44.9938752],[9.0422052,44.9938752],[9.0422052,44.9949105],[9.0410174,44.9949105],[9.0410174,44.9938752]]]}},{"type":"Feature","id":"B0844","properties":{"z":"Z053","k":"park","h":0.0,"dh":0.0,"td":0.0,"t0":0.0,"g":0,"cbd":0,"d":3.162},"geometry":{"type":"Polygon","coordinates":[[[9.039038,44.9952235],[9.0403829,44.9952235],[9.0403829,44.9962504],[9.039038,44.9962504],[9.039038,44.9952235]]]}},{"type":"Feature","id":"B0845","properties":{"z":"Z053","k":"residential","h":9.3,"dh":0.0,"td":0.3,"t0":0.0,"g":0,"cbd":0,"d":3.31},"geometry":{"type":"Polygon","coordinates":[[[9.0411084,44.9953392],[9.0421141,44.9953392],[9.0421141,44.9961348],[9.0411084,44.9961348],[9.0411084,44.9953392]]]}},{"type":"Feature","id":"B0846","properties":{"z":"Z054","k":"industrial","h":7.3,"dh":0.0,"td":0.0,"t0":0.0,"g":0,"cbd":0,"d":3.726},"geometry":{"type":"Polygon","coordinates":[[[8.9578745,44.9835313],[8.9589029,44.9835313],[8.9589029,44.9845708],[8.9578745,44.9845708],[8.9578745,44.9835313]]]}},{"type":"Feature","id":"B0847","properties":{"z":"Z054","k":"industrial","h":12.0,"dh":0.0,"td":0.0,"t0":0.0,"g":0,"cbd":0,"d":3.595},"geometry":{"type":"Polygon","coordinates":[[[8.9597251,44.9835378],[8.960854,44.9835378],[8.960854,44.9845643],[8.9597251,44.9845643],[8.9597251,44.9835378]]]}},{"type":"Feature","id":"B0848","properties":{"z":"Z054","k":"industrial","h":9.6,"dh":0.0,"td":0.0,"t0":0.0,"g":0,"cbd":0,"d":3.657},"geometry":{"type":"Polygon","coordinates":[[[8.9576837,44.9850199],[8.9590937,44.9850199],[8.9590937,44.9857704],[8.9576837,44.9857704],[8.9576837,44.9850199]]]}},{"type":"Feature","id":"B0849","properties":{"z":"Z054","k":"industrial","h":23.0,"dh":0.0,"td":0.6,"t0":3.46,"g":0,"cbd":0,"d":3.523},"geometry":{"type":"Polygon","coordinates":[[[8.9597622,44.9849596],[8.960817,44.9849596],[8.960817,44.9858307],[8.9597622,44.9858307],[8.9597622,44.9849596]]]}},{"type":"Feature","id":"B0850","properties":{"z":"Z054","k":"industrial","h":16.3,"dh":0.0,"td":0.7,"t0":0.0,"g":0,"cbd":0,"d":3.378},"geometry":{"type":"Polygon","coordinates":[[[8.9627586,44.9836832],[8.9642139,44.9836832],[8.9642139,44.9844189],[8.9627586,44.9844189],[8.9627586,44.9836832]]]}},{"type":"Feature","id":"B0851","properties":{"z":"Z054","k":"industrial","h":15.2,"dh":0.0,"td":0.0,"t0":0.0,"g":0,"cbd":0,"d":3.252},"geometry":{"type":"Polygon","coordinates":[[[8.9646995,44.9836226],[8.9660746,44.9836226],[8.9660746,44.9844795],[8.9646995,44.9844795],[8.9646995,44.9836226]]]}},{"type":"Feature","id":"B0852","properties":{"z":"Z054","k":"industrial","h":7.8,"dh":0.0,"td":0.0,"t0":0.0,"g":0,"cbd":0,"d":3.302},"geometry":{"type":"Polygon","coordinates":[[[8.9629794,44.9848945],[8.963993,44.9848945],[8.963993,44.9858958],[8.9629794,44.9858958],[8.9629794,44.9848945]]]}},{"type":"Feature","id":"B0853","properties":{"z":"Z054","k":"industrial","h":13.8,"dh":0.0,"td":0.0,"t0":0.0,"g":0,"cbd":0,"d":3.173},"geometry":{"type":"Polygon","coordinates":[[[8.9647721,44.984968],[8.966002,44.984968],[8.966002,44.9858223],[8.9647721,44.9858223],[8.9647721,44.984968]]]}},{"type":"Feature","id":"B0854","properties":{"z":"Z054","k":"industrial","h":11.3,"dh":0.0,"td":0.0,"t0":0.0,"g":0,"cbd":0,"d":3.552},"geometry":{"type":"Polygon","coordinates":[[[8.957787,44.9871566],[8.9589904,44.9871566],[8.9589904,44.9881544],[8.957787,44.9881544],[8.957787,44.9871566]]]}},{"type":"Feature","id":"B0855","properties":{"z":"Z054","k":"industrial","h":7.7,"dh":0.0,"td":0.0,"t0":0.0,"g":0,"cbd":0,"d":3.415},"geometry":{"type":"Polygon","coordinates":[[[8.9596537,44.9871967],[8.9609254,44.9871967],[8.9609254,44.9881143],[8.9596537,44.9881143],[8.9596537,44.9871967]]]}},{"type":"Feature","id":"B0856","properties":{"z":"Z054","k":"industrial","h":7.0,"dh":0.0,"td":0.0,"t0":0.0,"g":0,"cbd":0,"d":3.497},"geometry":{"type":"Polygon","coordinates":[[[8.9577915,44.9885401],[8.9589859,44.9885401],[8.9589859,44.9894591],[8.9577915,44.9894591],[8.9577915,44.9885401]]]}},{"type":"Feature","id":"B0857","properties":{"z":"Z054","k":"industrial","h":15.8,"dh":0.0,"td":0.0,"t0":0.0,"g":0,"cbd":0,"d":3.357},"geometry":{"type":"Polygon","coordinates":[[[8.9596296,44.988489],[8.9609495,44.988489],[8.9609495,44.9895102],[8.9596296,44.9895102],[8.9596296,44.988489]]]}},{"type":"Feature","id":"B0858","properties":{"z":"Z054","k":"industrial","h":15.4,"dh":7.8,"td":0.0,"t0":0.0,"g":0,"cbd":0,"d":3.186},"geometry":{"type":"Polygon","coordinates":[[[8.9628604,44.9871994],[8.964112,44.9871994],[8.964112,44.9881116],[8.9628604,44.9881116],[8.9628604,44.9871994]]]}},{"type":"Feature","id":"B0859","properties":{"z":"Z054","k":"industrial","h":7.4,"dh":0.0,"td":0.0,"t0":0.0,"g":0,"cbd":0,"d":3.051},"geometry":{"type":"Polygon","coordinates":[[[8.9648187,44.9872113],[8.9659554,44.9872113],[8.9659554,44.9880998],[8.9648187,44.9880998],[8.9648187,44.9872113]]]}},{"type":"Feature","id":"B0860","properties":{"z":"Z054","k":"industrial","h":13.5,"dh":0.0,"td":1.0,"t0":0.0,"g":0,"cbd":0,"d":3.124},"geometry":{"type":"Polygon","coordinates":[[[8.9628613,44.9886269],[8.9641111,44.9886269],[8.9641111,44.9893723],[8.9628613,44.9893723],[8.9628613,44.9886269]]]}},{"type":"Feature","id":"B0861","properties":{"z":"Z054","k":"industrial","h":10.5,"dh":0.0,"td":0.0,"t0":0.0,"g":0,"cbd":0,"d":2.987},"geometry":{"type":"Polygon","coordinates":[[[8.9648223,44.9884995],[8.9659518,44.9884995],[8.9659518,44.9894997],[8.9648223,44.9894997],[8.9648223,44.9884995]]]}},{"type":"Feature","id":"B0862","properties":{"z":"Z055","k":"residential","h":19.3,"dh":0.0,"td":0.9,"t0":0.0,"g":0,"cbd":0,"d":3.087},"geometry":{"type":"Polygon","coordinates":[[[8.9672235,44.98365],[8.9686099,44.98365],[8.9686099,44.9844521],[8.9672235,44.9844521],[8.9672235,44.98365]]]}},{"type":"Feature","id":"B0863","properties":{"z":"Z055","k":"residential","h":8.0,"dh":0.0,"td":0.6,"t0":0.0,"g":0,"cbd":0,"d":2.966},"geometry":{"type":"Polygon","coordinates":[[[8.9692277,44.9836364],[8.9704074,44.9836364],[8.9704074,44.9844657],[8.9692277,44.9844657],[8.9692277,44.9836364]]]}},{"type":"Feature","id":"B0864","properties":{"z":"Z055","k":"residential","h":14.9,"dh":4.6,"td":0.0,"t0":0.0,"g":0,"cbd":0,"d":3.004},"geometry":{"type":"Polygon","coordinates":[[[8.9673919,44.9849602],[8.9684416,44.9849602],[8.9684416,44.9858301],[8.9673919,44.9858301],[8.9673919,44.9849602]]]}},{"type":"Feature","id":"B0865","properties":{"z":"Z055","k":"residential","h":9.3,"dh":0.0,"td":0.0,"t0":0.0,"g":0,"cbd":0,"d":2.879},"geometry":{"type":"Polygon","coordinates":[[[8.9692944,44.9849023],[8.9703407,44.9849023],[8.9703407,44.985888],[8.9692944,44.985888],[8.9692944,44.9849023]]]}},{"type":"Feature","id":"B0866","properties":{"z":"Z055","k":"residential","h":17.5,"dh":0.0,"td":2.2,"t0":0.0,"g":0,"cbd":0,"d":2.768},"geometry":{"type":"Polygon","coordinates":[[[8.972373,44.9836094],[8.9736555,44.9836094],[8.9736555,44.9844927],[8.972373,44.9844927],[8.972373,44.9836094]]]}},{"type":"Feature","id":"B0867","properties":{"z":"Z055","k":"residential","h":11.3,"dh":0.0,"td":0.0,"t0":0.0,"g":0,"cbd":0,"d":2.655},"geometry":{"type":"Polygon","coordinates":[[[8.9743023,44.9836437],[8.9755278,44.9836437],[8.9755278,44.9844584],[8.9743023,44.9844584],[8.9743023,44.9836437]]]}},{"type":"Feature","id":"B0868","properties":{"z":"Z055","k":"residential","h":10.1,"dh":0.0,"td":1.1,"t0":0.0,"g":0,"cbd":0,"d":2.675},"geometry":{"type":"Polygon","coordinates":[[[8.9723863,44.9849621],[8.9736421,44.9849621],[8.9736421,44.9858282],[8.9723863,44.9858282],[8.9723863,44.9849621]]]}},{"type":"Feature","id":"B0869","properties":{"z":"Z055","k":"residential","h":10.7,"dh":0.0,"td":0.9,"t0":0.0,"g":0,"cbd":0,"d":2.558},"geometry":{"type":"Polygon","coordinates":[[[8.9742807,44.9848863],[8.9755494,44.9848863],[8.9755494,44.985904],[8.9742807,44.985904],[8.9742807,44.9848863]]]}},{"type":"Feature","id":"B0870","properties":{"z":"Z055","k":"residential","h":17.5,"dh":0.0,"td":0.7,"t0":0.0,"g":0,"cbd":0,"d":2.875},"geometry":{"type":"Polygon","coordinates":[[[8.9672466,44.9871926],[8.9685869,44.9871926],[8.9685869,44.9881184],[8.9672466,44.9881184],[8.9672466,44.9871926]]]}},{"type":"Feature","id":"B0871","properties":{"z":"Z055","k":"residential","h":18.1,"dh":0.0,"td":0.0,"t0":0.0,"g":0,"cbd":0,"d":2.745},"geometry":{"type":"Polygon","coordinates":[[[8.9691203,44.987178],[8.9705149,44.987178],[8.9705149,44.9881331],[8.9691203,44.9881331],[8.9691203,44.987178]]]}},{"type":"Feature","id":"B0872","properties":{"z":"Z055","k":"park","h":0.0,"dh":0.0,"td":0.0,"t0":0.0,"g":0,"cbd":0,"d":2.807},"geometry":{"type":"Polygon","coordinates":[[[8.9673574,44.9885358],[8.9684761,44.9885358],[8.9684761,44.9894634],[8.9673574,44.9894634],[8.9673574,44.9885358]]]}},{"type":"Feature","id":"B0873","properties":{"z":"Z055","k":"residential","h":9.3,"dh":0.0,"td":0.5,"t0":0.0,"g":0,"cbd":0,"d":2.673},"geometry":{"type":"Polygon","coordinates":[[[8.9693117,44.9885218],[8.9703235,44.9885218],[8.9703235,44.9894775],[8.9693117,44.9894775],[8.9693117,44.9885218]]]}},{"type":"Feature","id":"B0874","properties":{"z":"Z055","k":"residential","h":16.4,"dh":0.0,"td":2.7,"t0":0.0,"g":0,"cbd":0,"d":2.53},"geometry":{"type":"Polygon","coordinates":[[[8.972325,44.9872686],[8.9737034,44.9872686],[8.9737034,44.9880424],[8.972325,44.9880424],[8.972325,44.9872686]]]}},{"type":"Feature","id":"B0875","properties":{"z":"Z055","k":"residential","h":10.8,"dh":0.0,"td":1.5,"t0":0.0,"g":0,"cbd":0,"d":2.406},"geometry":{"type":"Polygon","coordinates":[[[8.9741895,44.9872366],[8.9756407,44.9872366],[8.9756407,44.9880744],[8.9741895,44.9880744],[8.9741895,44.9872366]]]}},{"type":"Feature","id":"B0876","properties":{"z":"Z055","k":"residential","h":19.8,"dh":0.0,"td":0.0,"t0":0.0,"g":0,"cbd":0,"d":2.452},"geometry":{"type":"Polygon","coordinates":[[[8.9724323,44.9885639],[8.9735962,44.9885639],[8.9735962,44.9894353],[8.9724323,44.9894353],[8.9724323,44.9885639]]]}},{"type":"Feature","id":"B0877","properties":{"z":"Z055","k":"residential","h":22.2,"dh":0.0,"td":1.9,"t0":7.23,"g":0,"cbd":0,"d":2.323},"geometry":{"type":"Polygon","coordinates":[[[8.9742908,44.988571],[8.9755393,44.988571],[8.9755393,44.9894282],[8.9742908,44.9894282],[8.9742908,44.988571]]]}},{"type":"Feature","id":"B0878","properties":{"z":"Z056","k":"mixed","h":15.4,"dh":8.6,"td":0.0,"t0":0.0,"g":0,"cbd":0,"d":2.511},"geometry":{"type":"Polygon","coordinates":[[[8.97685,44.9836602],[8.9780395,44.9836602],[8.9780395,44.9844419],[8.97685,44.9844419],[8.97685,44.9836602]]]}},{"type":"Feature","id":"B0879","properties":{"z":"Z056","k":"lowrise","h":6.4,"dh":0.0,"td":0.0,"t0":0.0,"g":1,"cbd":0,"d":2.407},"geometry":{"type":"Polygon","coordinates":[[[8.9787055,44.9835565],[8.9799857,44.9835565],[8.9799857,44.9845456],[8.9787055,44.9845456],[8.9787055,44.9835565]]]}},{"type":"Feature","id":"B0880","properties":{"z":"Z056","k":"park","h":0.0,"dh":0.0,"td":0.0,"t0":0.0,"g":0,"cbd":0,"d":2.407},"geometry":{"type":"Polygon","coordinates":[[[8.9768035,44.9850073],[8.978086,44.9850073],[8.978086,44.9857829],[8.9768035,44.9857829],[8.9768035,44.9850073]]]}},{"type":"Feature","id":"B0881","properties":{"z":"Z056","k":"mixed","h":27.7,"dh":0.0,"td":0.0,"t0":0.0,"g":0,"cbd":0,"d":2.299},"geometry":{"type":"Polygon","coordinates":[[[8.9786871,44.9850294],[8.9800042,44.9850294],[8.9800042,44.9857609],[8.9786871,44.9857609],[8.9786871,44.9850294]]]}},{"type":"Feature","id":"B0882","properties":{"z":"Z056","k":"park","h":0.0,"dh":0.0,"td":0.0,"t0":0.0,"g":0,"cbd":0,"d":2.245},"geometry":{"type":"Polygon","coordinates":[[[8.981834,44.9835731],[8.9832505,44.9835731],[8.9832505,44.984529],[8.981834,44.984529],[8.981834,44.9835731]]]}},{"type":"Feature","id":"B0883","properties":{"z":"Z056","k":"lowrise","h":11.0,"dh":0.0,"td":0.0,"t0":0.0,"g":1,"cbd":0,"d":2.157},"geometry":{"type":"Polygon","coordinates":[[[8.9839122,44.9835841],[8.984974,44.9835841],[8.984974,44.984518],[8.9839122,44.984518],[8.9839122,44.9835841]]]}},{"type":"Feature","id":"B0884","properties":{"z":"Z056","k":"mixed","h":19.2,"dh":0.0,"td":0.0,"t0":0.0,"g":0,"cbd":0,"d":2.129},"geometry":{"type":"Polygon","coordinates":[[[8.9818406,44.985001],[8.983244,44.985001],[8.983244,44.9857893],[8.9818406,44.9857893],[8.9818406,44.985001]]]}},{"type":"Feature","id":"B0885","properties":{"z":"Z056","k":"mixed","h":23.2,"dh":0.0,"td":0.0,"t0":0.0,"g":0,"cbd":0,"d":2.035},"geometry":{"type":"Polygon","coordinates":[[[8.9838975,44.9849311],[8.9849888,44.9849311],[8.9849888,44.9858592],[8.9838975,44.9858592],[8.9838975,44.9849311]]]}},{"type":"Feature","id":"B0886","properties":{"z":"Z056","k":"mixed","h":21.5,"dh":0.0,"td":0.0,"t0":0.0,"g":0,"cbd":0,"d":2.245},"geometry":{"type":"Polygon","coordinates":[[[8.9768035,44.9872779],[8.978086,44.9872779],[8.978086,44.9880332],[8.9768035,44.9880332],[8.9768035,44.9872779]]]}},{"type":"Feature","id":"B0887","properties":{"z":"Z056","k":"lowrise","h":11.9,"dh":0.0,"td":0.0,"t0":0.0,"g":1,"cbd":0,"d":2.129},"geometry":{"type":"Polygon","coordinates":[[[8.9786813,44.9871493],[8.9800099,44.9871493],[8.9800099,44.9881618],[8.9786813,44.9881618],[8.9786813,44.9871493]]]}},{"type":"Feature","id":"B0888","properties":{"z":"Z056","k":"lowrise","h":10.7,"dh":0.0,"td":0.0,"t0":0.0,"g":0,"cbd":0,"d":2.157},"geometry":{"type":"Polygon","coordinates":[[[8.9768395,44.9884943],[8.9780501,44.9884943],[8.9780501,44.989505],[8.9768395,44.989505],[8.9768395,44.9884943]]]}},{"type":"Feature","id":"B0889","properties":{"z":"Z056","k":"lowrise","h":9.5,"dh":0.0,"td":0.0,"t0":0.0,"g":1,"cbd":0,"d":2.035},"geometry":{"type":"Polygon","coordinates":[[[8.978622,44.9884811],[8.9800693,44.9884811],[8.9800693,44.9895181],[8.978622,44.9895181],[8.978622,44.9884811]]]}},{"type":"Feature","id":"B0890","properties":{"z":"Z056","k":"mixed","h":34.5,"dh":0.0,"td":0.0,"t0":0.0,"g":0,"cbd":0,"d":1.943},"geometry":{"type":"Polygon","coordinates":[[[8.9818997,44.9872145],[8.9831849,44.9872145],[8.9831849,44.9880965],[8.9818997,44.9880965],[8.9818997,44.9872145]]]}},{"type":"Feature","id":"B0891","properties":{"z":"Z056","k":"mixed","h":35.6,"dh":0.0,"td":0.0,"t0":0.0,"g":0,"cbd":0,"d":1.841},"geometry":{"type":"Polygon","coordinates":[[[8.9838213,44.9872674],[8.9850649,44.9872674],[8.9850649,44.9880436],[8.9838213,44.9880436],[8.9838213,44.9872674]]]}},{"type":"Feature","id":"B0892","properties":{"z":"Z056","k":"park","h":0.0,"dh":0.0,"td":0.0,"t0":0.0,"g":0,"cbd":0,"d":1.841},"geometry":{"type":"Polygon","coordinates":[[[8.9819304,44.9886383],[8.9831542,44.9886383],[8.9831542,44.9893609],[8.9819304,44.9893609],[8.9819304,44.9886383]]]}},{"type":"Feature","id":"B0893","properties":{"z":"Z056","k":"lowrise","h":7.9,"dh":0.0,"td":0.0,"t0":0.0,"g":0,"cbd":0,"d":1.732},"geometry":{"type":"Polygon","coordinates":[[[8.9839174,44.9885976],[8.9849688,44.9885976],[8.9849688,44.9894017],[8.9839174,44.9894017],[8.9839174,44.9885976]]]}},{"type":"Feature","id":"B0894","properties":{"z":"Z057","k":"mixed","h":14.0,"dh":0.0,"td":0.0,"t0":0.0,"g":0,"cbd":0,"d":2.05},"geometry":{"type":"Polygon","coordinates":[[[8.9863889,44.9835383],[8.9875567,44.9835383],[8.9875567,44.9845638],[8.9863889,44.9845638],[8.9863889,44.9835383]]]}},{"type":"Feature","id":"B0895","properties":{"z":"Z057","k":"mixed","h":25.0,"dh":0.0,"td":0.0,"t0":0.0,"g":0,"cbd":0,"d":1.98},"geometry":{"type":"Polygon","coordinates":[[[8.9881562,44.9836812],[8.9895911,44.9836812],[8.9895911,44.9844208],[8.9881562,44.9844208],[8.9881562,44.9836812]]]}},{"type":"Feature","id":"B0896","properties":{"z":"Z057","k":"lowrise","h":6.1,"dh":0.0,"td":0.0,"t0":0.0,"g":1,"cbd":0,"d":1.922},"geometry":{"type":"Polygon","coordinates":[[[8.9864654,44.9850332],[8.9874802,44.9850332],[8.9874802,44.9857571],[8.9864654,44.9857571],[8.9864654,44.9850332]]]}},{"type":"Feature","id":"B0897","properties":{"z":"Z057","k":"mixed","h":19.6,"dh":0.0,"td":0.0,"t0":4.96,"g":0,"cbd":0,"d":1.847},"geometry":{"type":"Polygon","coordinates":[[[8.9883623,44.9849116],[8.989385,44.9849116],[8.989385,44.9858787],[8.9883623,44.9858787],[8.9883623,44.9849116]]]}},{"type":"Feature","id":"B0898","properties":{"z":"Z057","k":"mixed","h":31.0,"dh":0.0,"td":0.0,"t0":0.0,"g":0,"cbd":0,"d":1.882},"geometry":{"type":"Polygon","coordinates":[[[8.9914659,44.9836297],[8.9926747,44.9836297],[8.9926747,44.9844724],[8.9914659,44.9844724],[8.9914659,44.9836297]]]}},{"type":"Feature","id":"B0899","properties":{"z":"Z057","k":"lowrise","h":12.3,"dh":0.0,"td":0.0,"t0":0.0,"g":1,"cbd":0,"d":1.838},"geometry":{"type":"Polygon","coordinates":[[[8.9933023,44.9835374],[8.99464,44.9835374],[8.99464,44.9845647],[8.9933023,44.9845647],[8.9933023,44.9835374]]]}},{"type":"Feature","id":"B0900","properties":{"z":"Z057","k":"lowrise","h":5.1,"dh":0.0,"td":0.0,"t0":0.0,"g":1,"cbd":0,"d":1.742},"geometry":{"type":"Polygon","coordinates":[[[8.9913757,44.9849198],[8.9927649,44.9849198],[8.9927649,44.9858705],[8.9913757,44.9858705],[8.9913757,44.9849198]]]}},{"type":"Feature","id":"B0901","properties":{"z":"Z057","k":"mixed","h":25.7,"dh":0.0,"td":0.0,"t0":0.0,"g":0,"cbd":0,"d":1.694},"geometry":{"type":"Polygon","coordinates":[[[8.9934329,44.9849308],[8.9945093,44.9849308],[8.9945093,44.9858594],[8.9934329,44.9858594],[8.9934329,44.9849308]]]}},{"type":"Feature","id":"B0902","properties":{"z":"Z057","k":"mixed","h":35.9,"dh":13.4,"td":0.0,"t0":0.0,"g":0,"cbd":0,"d":1.715},"geometry":{"type":"Polygon","coordinates":[[[8.9864303,44.9871457],[8.9875153,44.9871457],[8.9875153,44.9881653],[8.9864303,44.9881653],[8.9864303,44.9871457]]]}},{"type":"Feature","id":"B0903","properties":{"z":"Z057","k":"mixed","h":18.5,"dh":0.0,"td":0.0,"t0":0.0,"g":0,"cbd":0,"d":1.63},"geometry":{"type":"Polygon","coordinates":[[[8.9882631,44.9872937],[8.9894842,44.9872937],[8.9894842,44.9880174],[8.9882631,44.9880174],[8.9882631,44.9872937]]]}},{"type":"Feature","id":"B0904","properties":{"z":"Z057","k":"mixed","h":44.8,"dh":17.9,"td":0.0,"t0":0.0,"g":0,"cbd":0,"d":1.597},"geometry":{"type":"Polygon","coordinates":[[[8.9863723,44.9886339],[8.9875733,44.9886339],[8.9875733,44.9893653],[8.9863723,44.9893653],[8.9863723,44.9886339]]]}},{"type":"Feature","id":"B0905","properties":{"z":"Z057","k":"mixed","h":28.2,"dh":19.8,"td":16.2,"t0":0.0,"g":0,"cbd":0,"d":1.506},"geometry":{"type":"Polygon","coordinates":[[[8.9881975,44.9885401],[8.9895498,44.9885401],[8.9895498,44.9894591],[8.9881975,44.9894591],[8.9881975,44.9885401]]]}},{"type":"Feature","id":"B0906","properties":{"z":"Z057","k":"park","h":0.0,"dh":0.0,"td":0.0,"t0":0.0,"g":0,"cbd":0,"d":1.509},"geometry":{"type":"Polygon","coordinates":[[[8.9914161,44.987159],[8.9927245,44.987159],[8.9927245,44.988152],[8.9914161,44.988152],[8.9914161,44.987159]]]}},{"type":"Feature","id":"B0907","properties":{"z":"Z057","k":"office","h":49.5,"dh":0.0,"td":14.6,"t0":0.0,"g":0,"cbd":0,"d":1.454},"geometry":{"type":"Polygon","coordinates":[[[8.993469,44.9872676],[8.9944733,44.9872676],[8.9944733,44.9880434],[8.993469,44.9880434],[8.993469,44.9872676]]]}},{"type":"Feature","id":"B0908","properties":{"z":"Z057","k":"office","h":56.0,"dh":0.0,"td":23.5,"t0":0.0,"g":0,"cbd":0,"d":1.374},"geometry":{"type":"Polygon","coordinates":[[[8.9915643,44.9886002],[8.9925763,44.9886002],[8.9925763,44.989399],[8.9915643,44.989399],[8.9915643,44.9886002]]]}},{"type":"Feature","id":"B0909","properties":{"z":"Z057","k":"mixed","h":31.3,"dh":0.0,"td":0.0,"t0":0.0,"g":0,"cbd":0,"d":1.313},"geometry":{"type":"Polygon","coordinates":[[[8.9932411,44.9885683],[8.9947011,44.9885683],[8.9947011,44.989431],[8.9932411,44.989431],[8.9932411,44.9885683]]]}},{"type":"Feature","id":"B0910","properties":{"z":"Z058","k":"park","h":0.0,"dh":0.0,"td":0.0,"t0":0.0,"g":0,"cbd":0,"d":1.797},"geometry":{"type":"Polygon","coordinates":[[[8.9959035,44.9836018],[8.9970981,44.9836018],[8.9970981,44.9845003],[8.9959035,44.9845003],[8.9959035,44.9836018]]]}},{"type":"Feature","id":"B0911","properties":{"z":"Z058","k":"mixed","h":21.8,"dh":0.0,"td":2.4,"t0":0.0,"g":0,"cbd":0,"d":1.78},"geometry":{"type":"Polygon","coordinates":[[[8.9976875,44.9836489],[8.9991158,44.9836489],[8.9991158,44.9844532],[8.9976875,44.9844532],[8.9976875,44.9836489]]]}},{"type":"Feature","id":"B0912","properties":{"z":"Z058","k":"mixed","h":18.0,"dh":0.0,"td":0.0,"t0":0.0,"g":0,"cbd":0,"d":1.649},"geometry":{"type":"Polygon","coordinates":[[[8.9959417,44.984974],[8.99706,44.984974],[8.99706,44.9858163],[8.9959417,44.9858163],[8.9959417,44.984974]]]}},{"type":"Feature","id":"B0913","properties":{"z":"Z058","k":"lowrise","h":8.7,"dh":0.0,"td":0.0,"t0":0.0,"g":1,"cbd":0,"d":1.631},"geometry":{"type":"Polygon","coordinates":[[[8.9977149,44.9848873],[8.9990884,44.9848873],[8.9990884,44.985903],[8.9977149,44.985903],[8.9977149,44.9848873]]]}},{"type":"Feature","id":"B0914","properties":{"z":"Z058","k":"office","h":47.8,"dh":0.0,"td":0.0,"t0":0.0,"g":0,"cbd":0,"d":1.402},"geometry":{"type":"Polygon","coordinates":[[[8.99598,44.9871527],[8.9970216,44.9871527],[8.9970216,44.9881584],[8.99598,44.9881584],[8.99598,44.9871527]]]}},{"type":"Feature","id":"B0915","properties":{"z":"Z058","k":"office","h":46.7,"dh":0.0,"td":0.0,"t0":0.0,"g":0,"cbd":0,"d":1.38},"geometry":{"type":"Polygon","coordinates":[[[8.9977766,44.9872135],[8.9990268,44.9872135],[8.9990268,44.9880976],[8.9977766,44.9880976],[8.9977766,44.9872135]]]}},{"type":"Feature","id":"B0916","properties":{"z":"Z058","k":"lowrise","h":10.4,"dh":0.0,"td":0.0,"t0":0.0,"g":0,"cbd":0,"d":1.255},"geometry":{"type":"Polygon","coordinates":[[[8.9959749,44.988644],[8.9970267,44.988644],[8.9970267,44.9893552],[8.9959749,44.9893552],[8.9959749,44.988644]]]}},{"type":"Feature","id":"B0917","properties":{"z":"Z058","k":"office","h":57.3,"dh":0.0,"td":0.0,"t0":0.0,"g":0,"cbd":0,"d":1.231},"geometry":{"type":"Polygon","coordinates":[[[8.9977576,44.9886348],[8.9990458,44.9886348],[8.9990458,44.9893645],[8.9977576,44.9893645],[8.9977576,44.9886348]]]}},{"type":"Feature","id":"B0918","properties":{"z":"Z059","k":"lowrise","h":12.3,"dh":0.0,"td":0.0,"t0":0.0,"g":1,"cbd":0,"d":1.882},"geometry":{"type":"Polygon","coordinates":[[[9.007295,44.9835353],[9.0085644,44.9835353],[9.0085644,44.9845668],[9.007295,44.9845668],[9.007295,44.9835353]]]}},{"type":"Feature","id":"B0919","properties":{"z":"Z059","k":"mixed","h":16.8,"dh":0.0,"td":0.0,"t0":0.0,"g":0,"cbd":0,"d":1.694},"geometry":{"type":"Polygon","coordinates":[[[9.00542,44.9849184],[9.0066378,44.9849184],[9.0066378,44.9858719],[9.00542,44.9858719],[9.00542,44.9849184]]]}},{"type":"Feature","id":"B0920","properties":{"z":"Z059","k":"lowrise","h":11.6,"dh":0.0,"td":0.0,"t0":0.0,"g":1,"cbd":0,"d":1.742},"geometry":{"type":"Polygon","coordinates":[[[9.0072025,44.9849244],[9.0086569,44.9849244],[9.0086569,44.9858659],[9.0072025,44.9858659],[9.0072025,44.9849244]]]}},{"type":"Feature","id":"B0921","properties":{"z":"Z059","k":"mixed","h":28.8,"dh":18.7,"td":0.0,"t0":0.0,"g":0,"cbd":0,"d":1.98},"geometry":{"type":"Polygon","coordinates":[[[9.0106225,44.9836829],[9.0116302,44.9836829],[9.0116302,44.9844192],[9.0106225,44.9844192],[9.0106225,44.9836829]]]}},{"type":"Feature","id":"B0922","properties":{"z":"Z059","k":"mixed","h":42.1,"dh":0.0,"td":11.4,"t0":3.55,"g":0,"cbd":0,"d":2.05},"geometry":{"type":"Polygon","coordinates":[[[9.0124391,44.9835826],[9.0136153,44.9835826],[9.0136153,44.9845195],[9.0124391,44.9845195],[9.0124391,44.9835826]]]}},{"type":"Feature","id":"B0923","properties":{"z":"Z059","k":"park","h":0.0,"dh":0.0,"td":0.0,"t0":0.0,"g":0,"cbd":0,"d":1.847},"geometry":{"type":"Polygon","coordinates":[[[9.010602,44.9850098],[9.0116507,44.9850098],[9.0116507,44.9857805],[9.010602,44.9857805],[9.010602,44.9850098]]]}},{"type":"Feature","id":"B0924","properties":{"z":"Z059","k":"mixed","h":31.7,"dh":5.0,"td":10.1,"t0":0.0,"g":0,"cbd":0,"d":1.922},"geometry":{"type":"Polygon","coordinates":[[[9.0123892,44.9848934],[9.0136652,44.9848934],[9.0136652,44.9858969],[9.0123892,44.9858969],[9.0123892,44.9848934]]]}},{"type":"Feature","id":"B0925","properties":{"z":"Z059","k":"lowrise","h":10.9,"dh":0.0,"td":0.0,"t0":8.37,"g":1,"cbd":0,"d":1.454},"geometry":{"type":"Polygon","coordinates":[[[9.0054872,44.9872207],[9.0065705,44.9872207],[9.0065705,44.9880903],[9.0054872,44.9880903],[9.0054872,44.9872207]]]}},{"type":"Feature","id":"B0926","properties":{"z":"Z059","k":"office","h":63.2,"dh":0.0,"td":14.7,"t0":6.63,"g":0,"cbd":0,"d":1.509},"geometry":{"type":"Polygon","coordinates":[[[9.00733,44.9872986],[9.0085294,44.9872986],[9.0085294,44.9880124],[9.00733,44.9880124],[9.00733,44.9872986]]]}},{"type":"Feature","id":"B0927","properties":{"z":"Z059","k":"mixed","h":30.5,"dh":0.0,"td":0.0,"t0":0.0,"g":0,"cbd":0,"d":1.313},"geometry":{"type":"Polygon","coordinates":[[[9.0055245,44.9884893],[9.0065332,44.9884893],[9.0065332,44.9895099],[9.0055245,44.9895099],[9.0055245,44.9884893]]]}},{"type":"Feature","id":"B0928","properties":{"z":"Z059","k":"office","h":52.2,"dh":0.0,"td":0.0,"t0":0.0,"g":0,"cbd":0,"d":1.374},"geometry":{"type":"Polygon","coordinates":[[[9.0073736,44.9885351],[9.0084859,44.9885351],[9.0084859,44.9894642],[9.0073736,44.9894642],[9.0073736,44.9885351]]]}},{"type":"Feature","id":"B0929","properties":{"z":"Z059","k":"lowrise","h":5.8,"dh":0.0,"td":0.0,"t0":0.0,"g":1,"cbd":0,"d":1.63},"geometry":{"type":"Polygon","coordinates":[[[9.0105632,44.9872302],[9.0116895,44.9872302],[9.0116895,44.9880809],[9.0105632,44.9880809],[9.0105632,44.9872302]]]}},{"type":"Feature","id":"B0930","properties":{"z":"Z059","k":"mixed","h":38.4,"dh":0.0,"td":0.0,"t0":0.0,"g":0,"cbd":0,"d":1.715},"geometry":{"type":"Polygon","coordinates":[[[9.0124356,44.9871694],[9.0136188,44.9871694],[9.0136188,44.9881417],[9.0124356,44.9881417],[9.0124356,44.9871694]]]}},{"type":"Feature","id":"B0931","properties":{"z":"Z059","k":"mixed","h":41.3,"dh":0.0,"td":0.0,"t0":0.0,"g":0,"cbd":0,"d":1.506},"geometry":{"type":"Polygon","coordinates":[[[9.0104536,44.988504],[9.0117991,44.988504],[9.0117991,44.9894953],[9.0104536,44.9894953],[9.0104536,44.988504]]]}},{"type":"Feature","id":"B0932","properties":{"z":"Z059","k":"mixed","h":32.9,"dh":0.0,"td":0.0,"t0":0.0,"g":0,"cbd":0,"d":1.597},"geometry":{"type":"Polygon","coordinates":[[[9.0123053,44.9885294],[9.0137491,44.9885294],[9.0137491,44.9894698],[9.0123053,44.9894698],[9.0123053,44.9885294]]]}},{"type":"Feature","id":"B0933","properties":{"z":"Z060","k":"park","h":0.0,"dh":0.0,"td":0.0,"t0":0.0,"g":0,"cbd":0,"d":2.157},"geometry":{"type":"Polygon","coordinates":[[[9.015005,44.9835914],[9.0161088,44.9835914],[9.0161088,44.9845107],[9.015005,44.9845107],[9.015005,44.9835914]]]}},{"type":"Feature","id":"B0934","properties":{"z":"Z060","k":"lowrise","h":10.6,"dh":0.0,"td":0.0,"t0":0.0,"g":1,"cbd":0,"d":2.245},"geometry":{"type":"Polygon","coordinates":[[[9.0169515,44.983662],[9.0179639,44.983662],[9.0179639,44.9844401],[9.0169515,44.9844401],[9.0169515,44.983662]]]}},{"type":"Feature","id":"B0935","properties":{"z":"Z060","k":"mixed","h":17.6,"dh":0.0,"td":1.6,"t0":0.0,"g":0,"cbd":0,"d":2.035},"geometry":{"type":"Polygon","coordinates":[[[9.0148692,44.9848753],[9.0162446,44.9848753],[9.0162446,44.985915],[9.0148692,44.985915],[9.0148692,44.9848753]]]}},{"type":"Feature","id":"B0936","properties":{"z":"Z060","k":"lowrise","h":12.7,"dh":0.0,"td":0.0,"t0":0.0,"g":1,"cbd":0,"d":2.129},"geometry":{"type":"Polygon","coordinates":[[[9.016918,44.9849971],[9.0179975,44.9849971],[9.0179975,44.9857932],[9.016918,44.9857932],[9.016918,44.9849971]]]}},{"type":"Feature","id":"B0937","properties":{"z":"Z060","k":"mixed","h":12.7,"dh":0.0,"td":0.0,"t0":0.0,"g":0,"cbd":0,"d":2.407},"geometry":{"type":"Polygon","coordinates":[[[9.0199472,44.9836137],[9.0213615,44.9836137],[9.0213615,44.9844884],[9.0199472,44.9844884],[9.0199472,44.9836137]]]}},{"type":"Feature","id":"B0938","properties":{"z":"Z060","k":"park","h":0.0,"dh":0.0,"td":0.0,"t0":0.0,"g":0,"cbd":0,"d":2.511},"geometry":{"type":"Polygon","coordinates":[[[9.0219647,44.9835934],[9.0231458,44.9835934],[9.0231458,44.9845087],[9.0219647,44.9845087],[9.0219647,44.9835934]]]}},{"type":"Feature","id":"B0939","properties":{"z":"Z060","k":"lowrise","h":11.5,"dh":0.0,"td":0.0,"t0":0.0,"g":1,"cbd":0,"d":2.299},"geometry":{"type":"Polygon","coordinates":[[[9.0199224,44.9850135],[9.0213864,44.9850135],[9.0213864,44.9857768],[9.0199224,44.9857768],[9.0199224,44.9850135]]]}},{"type":"Feature","id":"B0940","properties":{"z":"Z060","k":"mixed","h":15.2,"dh":0.0,"td":0.0,"t0":0.0,"g":0,"cbd":0,"d":2.407},"geometry":{"type":"Polygon","coordinates":[[[9.0220144,44.984938],[9.0230961,44.984938],[9.0230961,44.9858523],[9.0220144,44.9858523],[9.0220144,44.984938]]]}},{"type":"Feature","id":"B0941","properties":{"z":"Z060","k":"mixed","h":17.8,"dh":0.0,"td":0.0,"t0":0.0,"g":0,"cbd":0,"d":1.841},"geometry":{"type":"Polygon","coordinates":[[[9.0148446,44.9872671],[9.0162692,44.9872671],[9.0162692,44.9880439],[9.0148446,44.9880439],[9.0148446,44.9872671]]]}},{"type":"Feature","id":"B0942","properties":{"z":"Z060","k":"lowrise","h":7.1,"dh":0.0,"td":0.0,"t0":0.0,"g":1,"cbd":0,"d":1.943},"geometry":{"type":"Polygon","coordinates":[[[9.0169218,44.9872598],[9.0179937,44.9872598],[9.0179937,44.9880512],[9.0169218,44.9880512],[9.0169218,44.9872598]]]}},{"type":"Feature","id":"B0943","properties":{"z":"Z060","k":"lowrise","h":5.8,"dh":0.0,"td":0.0,"t0":0.0,"g":1,"cbd":0,"d":1.732},"geometry":{"type":"Polygon","coordinates":[[[9.0148417,44.9885156],[9.0162721,44.9885156],[9.0162721,44.9894836],[9.0148417,44.9894836],[9.0148417,44.9885156]]]}},{"type":"Feature","id":"B0944","properties":{"z":"Z060","k":"mixed","h":37.1,"dh":0.0,"td":0.0,"t0":0.0,"g":0,"cbd":0,"d":1.841},"geometry":{"type":"Polygon","coordinates":[[[9.0168599,44.988567],[9.0180555,44.988567],[9.0180555,44.9894322],[9.0168599,44.9894322],[9.0168599,44.988567]]]}},{"type":"Feature","id":"B0945","properties":{"z":"Z060","k":"mixed","h":25.9,"dh":0.0,"td":0.0,"t0":0.0,"g":0,"cbd":0,"d":2.129},"geometry":{"type":"Polygon","coordinates":[[[9.0201498,44.9872627],[9.0211589,44.9872627],[9.0211589,44.9880484],[9.0201498,44.9880484],[9.0201498,44.9872627]]]}},{"type":"Feature","id":"B0946","properties":{"z":"Z060","k":"mixed","h":15.5,"dh":0.0,"td":0.0,"t0":0.0,"g":0,"cbd":0,"d":2.245},"geometry":{"type":"Polygon","coordinates":[[[9.0218701,44.9872294],[9.0232403,44.9872294],[9.0232403,44.9880817],[9.0218701,44.9880817],[9.0218701,44.9872294]]]}},{"type":"Feature","id":"B0947","properties":{"z":"Z060","k":"mixed","h":33.0,"dh":0.0,"td":0.0,"t0":0.0,"g":0,"cbd":0,"d":2.035},"geometry":{"type":"Polygon","coordinates":[[[9.0200186,44.9885963],[9.0212902,44.9885963],[9.0212902,44.9894029],[9.0200186,44.9894029],[9.0200186,44.9885963]]]}},{"type":"Feature","id":"B0948","properties":{"z":"Z060","k":"lowrise","h":9.0,"dh":0.0,"td":0.0,"t0":0.0,"g":1,"cbd":0,"d":2.157},"geometry":{"type":"Polygon","coordinates":[[[9.0219355,44.988635],[9.023175,44.988635],[9.023175,44.9893642],[9.0219355,44.9893642],[9.0219355,44.988635]]]}},{"type":"Feature","id":"B0949","properties":{"z":"Z061","k":"residential","h":14.2,"dh":2.3,"td":0.0,"t0":0.0,"g":0,"cbd":0,"d":2.655},"geometry":{"type":"Polygon","coordinates":[[[9.0243894,44.9836043],[9.0257805,44.9836043],[9.0257805,44.9844978],[9.0243894,44.9844978],[9.0243894,44.9836043]]]}},{"type":"Feature","id":"B0950","properties":{"z":"Z061","k":"residential","h":11.8,"dh":0.0,"td":0.6,"t0":0.0,"g":0,"cbd":0,"d":2.768},"geometry":{"type":"Polygon","coordinates":[[[9.0264771,44.9835774],[9.0274944,44.9835774],[9.0274944,44.9845247],[9.0264771,44.9845247],[9.0264771,44.9835774]]]}},{"type":"Feature","id":"B0951","properties":{"z":"Z061","k":"residential","h":13.0,"dh":0.0,"td":0.0,"t0":0.0,"g":0,"cbd":0,"d":2.558},"geometry":{"type":"Polygon","coordinates":[[[9.0243974,44.984936],[9.0257724,44.984936],[9.0257724,44.9858543],[9.0243974,44.9858543],[9.0243974,44.984936]]]}},{"type":"Feature","id":"B0952","properties":{"z":"Z061","k":"residential","h":12.1,"dh":0.0,"td":0.0,"t0":0.0,"g":0,"cbd":0,"d":2.675},"geometry":{"type":"Polygon","coordinates":[[[9.0264003,44.9849733],[9.0275712,44.9849733],[9.0275712,44.985817],[9.0264003,44.985817],[9.0264003,44.9849733]]]}},{"type":"Feature","id":"B0953","properties":{"z":"Z061","k":"residential","h":15.6,"dh":0.0,"td":1.4,"t0":0.0,"g":0,"cbd":0,"d":2.966},"geometry":{"type":"Polygon","coordinates":[[[9.0294623,44.9836541],[9.0309026,44.9836541],[9.0309026,44.984448],[9.0294623,44.984448],[9.0294623,44.9836541]]]}},{"type":"Feature","id":"B0954","properties":{"z":"Z061","k":"residential","h":19.7,"dh":0.0,"td":1.0,"t0":0.0,"g":0,"cbd":0,"d":3.087},"geometry":{"type":"Polygon","coordinates":[[[9.0313996,44.9835756],[9.0327669,44.9835756],[9.0327669,44.9845265],[9.0313996,44.9845265],[9.0313996,44.9835756]]]}},{"type":"Feature","id":"B0955","properties":{"z":"Z061","k":"residential","h":9.1,"dh":0.0,"td":0.0,"t0":0.0,"g":0,"cbd":0,"d":2.879},"geometry":{"type":"Polygon","coordinates":[[[9.02963,44.9849929],[9.0307349,44.9849929],[9.0307349,44.9857974],[9.02963,44.9857974],[9.02963,44.9849929]]]}},{"type":"Feature","id":"B0956","properties":{"z":"Z061","k":"residential","h":17.0,"dh":0.0,"td":0.0,"t0":2.23,"g":0,"cbd":0,"d":3.004},"geometry":{"type":"Polygon","coordinates":[[[9.0315562,44.984954],[9.0326103,44.984954],[9.0326103,44.9858363],[9.0315562,44.9858363],[9.0315562,44.984954]]]}},{"type":"Feature","id":"B0957","properties":{"z":"Z061","k":"residential","h":14.6,"dh":0.0,"td":0.0,"t0":0.0,"g":0,"cbd":0,"d":2.406},"geometry":{"type":"Polygon","coordinates":[[[9.0245512,44.9871602],[9.0256186,44.9871602],[9.0256186,44.9881508],[9.0245512,44.9881508],[9.0245512,44.9871602]]]}},{"type":"Feature","id":"B0958","properties":{"z":"Z061","k":"residential","h":24.4,"dh":0.0,"td":1.6,"t0":7.54,"g":0,"cbd":0,"d":2.53},"geometry":{"type":"Polygon","coordinates":[[[9.0263692,44.9872362],[9.0276024,44.9872362],[9.0276024,44.9880749],[9.0263692,44.9880749],[9.0263692,44.9872362]]]}},{"type":"Feature","id":"B0959","properties":{"z":"Z061","k":"residential","h":15.0,"dh":0.0,"td":2.8,"t0":0.0,"g":0,"cbd":0,"d":2.323},"geometry":{"type":"Polygon","coordinates":[[[9.0244691,44.9885758],[9.0257008,44.9885758],[9.0257008,44.9894234],[9.0244691,44.9894234],[9.0244691,44.9885758]]]}},{"type":"Feature","id":"B0960","properties":{"z":"Z061","k":"residential","h":9.1,"dh":0.0,"td":0.0,"t0":0.0,"g":0,"cbd":0,"d":2.452},"geometry":{"type":"Polygon","coordinates":[[[9.0264698,44.9886321],[9.0275017,44.9886321],[9.0275017,44.9893672],[9.0264698,44.9893672],[9.0264698,44.9886321]]]}},{"type":"Feature","id":"B0961","properties":{"z":"Z061","k":"residential","h":20.0,"dh":8.5,"td":0.0,"t0":0.0,"g":0,"cbd":0,"d":2.745},"geometry":{"type":"Polygon","coordinates":[[[9.0296585,44.9871582],[9.0307063,44.9871582],[9.0307063,44.9881528],[9.0296585,44.9881528],[9.0296585,44.9871582]]]}},{"type":"Feature","id":"B0962","properties":{"z":"Z061","k":"residential","h":20.0,"dh":12.0,"td":0.0,"t0":0.0,"g":0,"cbd":0,"d":2.875},"geometry":{"type":"Polygon","coordinates":[[[9.0315314,44.9871661],[9.0326351,44.9871661],[9.0326351,44.988145],[9.0315314,44.988145],[9.0315314,44.9871661]]]}},{"type":"Feature","id":"B0963","properties":{"z":"Z061","k":"residential","h":10.7,"dh":4.1,"td":0.0,"t0":0.0,"g":0,"cbd":0,"d":2.673},"geometry":{"type":"Polygon","coordinates":[[[9.0296633,44.9885163],[9.0307015,44.9885163],[9.0307015,44.9894829],[9.0296633,44.9894829],[9.0296633,44.9885163]]]}},{"type":"Feature","id":"B0964","properties":{"z":"Z061","k":"park","h":0.0,"dh":0.0,"td":0.0,"t0":0.0,"g":0,"cbd":0,"d":2.807},"geometry":{"type":"Polygon","coordinates":[[[9.0314306,44.988598],[9.0327359,44.988598],[9.0327359,44.9894012],[9.0314306,44.9894012],[9.0314306,44.988598]]]}},{"type":"Feature","id":"B0965","properties":{"z":"Z062","k":"park","h":0.0,"dh":0.0,"td":0.0,"t0":0.0,"g":0,"cbd":0,"d":3.252},"geometry":{"type":"Polygon","coordinates":[[[9.033998,44.9836201],[9.0352279,44.9836201],[9.0352279,44.984482],[9.033998,44.984482],[9.033998,44.9836201]]]}},{"type":"Feature","id":"B0966","properties":{"z":"Z062","k":"residential","h":17.7,"dh":3.2,"td":0.8,"t0":0.0,"g":0,"cbd":0,"d":3.378},"geometry":{"type":"Polygon","coordinates":[[[9.0359138,44.9836046],[9.0371138,44.9836046],[9.0371138,44.9844975],[9.0359138,44.9844975],[9.0359138,44.9836046]]]}},{"type":"Feature","id":"B0967","properties":{"z":"Z062","k":"residential","h":9.1,"dh":0.0,"td":0.0,"t0":0.0,"g":0,"cbd":0,"d":3.173},"geometry":{"type":"Polygon","coordinates":[[[9.0341039,44.9850353],[9.035122,44.9850353],[9.035122,44.985755],[9.0341039,44.985755],[9.0341039,44.9850353]]]}},{"type":"Feature","id":"B0968","properties":{"z":"Z062","k":"residential","h":9.1,"dh":0.0,"td":0.2,"t0":0.0,"g":0,"cbd":0,"d":3.302},"geometry":{"type":"Polygon","coordinates":[[[9.0359183,44.9848945],[9.0371093,44.9848945],[9.0371093,44.9858958],[9.0359183,44.9858958],[9.0359183,44.9848945]]]}},{"type":"Feature","id":"B0969","properties":{"z":"Z062","k":"residential","h":18.2,"dh":0.0,"td":0.0,"t0":0.0,"g":0,"cbd":0,"d":3.595},"geometry":{"type":"Polygon","coordinates":[[[9.0392024,44.9835742],[9.0402185,44.9835742],[9.0402185,44.9845279],[9.0392024,44.9845279],[9.0392024,44.9835742]]]}},{"type":"Feature","id":"B0970","properties":{"z":"Z062","k":"residential","h":15.0,"dh":4.3,"td":0.0,"t0":0.0,"g":0,"cbd":0,"d":3.726},"geometry":{"type":"Polygon","coordinates":[[[9.041018,44.9835318],[9.0422046,44.9835318],[9.0422046,44.9845703],[9.041018,44.9845703],[9.041018,44.9835318]]]}},{"type":"Feature","id":"B0971","properties":{"z":"Z062","k":"residential","h":17.3,"dh":0.0,"td":0.0,"t0":0.0,"g":0,"cbd":0,"d":3.523},"geometry":{"type":"Polygon","coordinates":[[[9.0389933,44.9848926],[9.0404276,44.9848926],[9.0404276,44.9858977],[9.0389933,44.9858977],[9.0389933,44.9848926]]]}},{"type":"Feature","id":"B0972","properties":{"z":"Z062","k":"residential","h":12.0,"dh":0.0,"td":0.0,"t0":0.0,"g":0,"cbd":0,"d":3.657},"geometry":{"type":"Polygon","coordinates":[[[9.0409314,44.9849685],[9.0422912,44.9849685],[9.0422912,44.9858218],[9.0409314,44.9858218],[9.0409314,44.9849685]]]}},{"type":"Feature","id":"B0973","properties":{"z":"Z062","k":"residential","h":17.7,"dh":0.0,"td":0.0,"t0":4.81,"g":0,"cbd":0,"d":3.051},"geometry":{"type":"Polygon","coordinates":[[[9.0339196,44.9872316],[9.0353063,44.9872316],[9.0353063,44.9880794],[9.0339196,44.9880794],[9.0339196,44.9872316]]]}},{"type":"Feature","id":"B0974","properties":{"z":"Z062","k":"residential","h":11.1,"dh":0.0,"td":0.7,"t0":0.0,"g":0,"cbd":0,"d":3.186},"geometry":{"type":"Polygon","coordinates":[[[9.0359702,44.9872126],[9.0370574,44.9872126],[9.0370574,44.9880984],[9.0359702,44.9880984],[9.0359702,44.9872126]]]}},{"type":"Feature","id":"B0975","properties":{"z":"Z062","k":"residential","h":18.0,"dh":0.0,"td":1.3,"t0":0.0,"g":0,"cbd":0,"d":2.987},"geometry":{"type":"Polygon","coordinates":[[[9.0339941,44.9885382],[9.0352318,44.9885382],[9.0352318,44.989461],[9.0339941,44.989461],[9.0339941,44.9885382]]]}},{"type":"Feature","id":"B0976","properties":{"z":"Z062","k":"residential","h":11.7,"dh":0.0,"td":0.0,"t0":0.0,"g":0,"cbd":0,"d":3.124},"geometry":{"type":"Polygon","coordinates":[[[9.0357838,44.9886211],[9.0372437,44.9886211],[9.0372437,44.9893781],[9.0357838,44.9893781],[9.0357838,44.9886211]]]}},{"type":"Feature","id":"B0977","properties":{"z":"Z062","k":"residential","h":8.8,"dh":4.7,"td":0.0,"t0":0.0,"g":0,"cbd":0,"d":3.415},"geometry":{"type":"Polygon","coordinates":[[[9.0391589,44.9872479],[9.040262,44.9872479],[9.040262,44.9880631],[9.0391589,44.9880631],[9.0391589,44.9872479]]]}},{"type":"Feature","id":"B0978","properties":{"z":"Z062","k":"residential","h":13.3,"dh":0.0,"td":0.0,"t0":0.0,"g":0,"cbd":0,"d":3.552},"geometry":{"type":"Polygon","coordinates":[[[9.0410919,44.987227],[9.0421307,44.987227],[9.0421307,44.988084],[9.0410919,44.988084],[9.0410919,44.987227]]]}},{"type":"Feature","id":"B0979","properties":{"z":"Z062","k":"residential","h":10.0,"dh":0.0,"td":0.0,"t0":0.0,"g":0,"cbd":0,"d":3.357},"geometry":{"type":"Polygon","coordinates":[[[9.0390889,44.9884797],[9.040332,44.9884797],[9.040332,44.9895195],[9.0390889,44.9895195],[9.0390889,44.9884797]]]}},{"type":"Feature","id":"B0980","properties":{"z":"Z062","k":"park","h":0.0,"dh":0.0,"td":0.0,"t0":0.0,"g":0,"cbd":0,"d":3.497},"geometry":{"type":"Polygon","coordinates":[[[9.041054,44.9884938],[9.0421685,44.9884938],[9.0421685,44.9895054],[9.041054,44.9895054],[9.041054,44.9884938]]]}},{"type":"Feature","id":"B0981","properties":{"z":"Z063","k":"residential","h":13.6,"dh":0.0,"td":0.0,"t0":0.0,"g":0,"cbd":0,"d":4.136},"geometry":{"type":"Polygon","coordinates":[[[8.957817,44.9768922],[8.9589604,44.9768922],[8.9589604,44.9777352],[8.957817,44.9777352],[8.957817,44.9768922]]]}},{"type":"Feature","id":"B0982","properties":{"z":"Z063","k":"residential","h":14.2,"dh":0.0,"td":0.0,"t0":0.0,"g":0,"cbd":0,"d":4.019},"geometry":{"type":"Polygon","coordinates":[[[8.9595641,44.9768141],[8.961015,44.9768141],[8.961015,44.9778134],[8.9595641,44.9778134],[8.9595641,44.9768141]]]}},{"type":"Feature","id":"B0983","properties":{"z":"Z063","k":"park","h":0.0,"dh":0.0,"td":0.0,"t0":0.0,"g":0,"cbd":0,"d":4.046},"geometry":{"type":"Polygon","coordinates":[[[8.957804,44.9782712],[8.9589734,44.9782712],[8.9589734,44.9790444],[8.957804,44.9790444],[8.957804,44.9782712]]]}},{"type":"Feature","id":"B0984","properties":{"z":"Z063","k":"residential","h":9.3,"dh":1.7,"td":0.0,"t0":0.0,"g":0,"cbd":0,"d":3.926},"geometry":{"type":"Polygon","coordinates":[[[8.9596623,44.9782717],[8.9609168,44.9782717],[8.9609168,44.9790439],[8.9596623,44.9790439],[8.9596623,44.9782717]]]}},{"type":"Feature","id":"B0985","properties":{"z":"Z063","k":"residential","h":8.8,"dh":0.0,"td":0.1,"t0":0.0,"g":0,"cbd":0,"d":3.826},"geometry":{"type":"Polygon","coordinates":[[[8.9629738,44.9768957],[8.9639986,44.9768957],[8.9639986,44.9777317],[8.9629738,44.9777317],[8.9629738,44.9768957]]]}},{"type":"Feature","id":"B0986","properties":{"z":"Z063","k":"residential","h":18.6,"dh":0.0,"td":0.0,"t0":0.0,"g":0,"cbd":0,"d":3.715},"geometry":{"type":"Polygon","coordinates":[[[8.9646621,44.9769021],[8.966112,44.9769021],[8.966112,44.9777253],[8.9646621,44.9777253],[8.9646621,44.9769021]]]}},{"type":"Feature","id":"B0987","properties":{"z":"Z063","k":"park","h":0.0,"dh":0.0,"td":0.0,"t0":0.0,"g":0,"cbd":0,"d":3.729},"geometry":{"type":"Polygon","coordinates":[[[8.9629696,44.978219],[8.9640028,44.978219],[8.9640028,44.9790966],[8.9629696,44.9790966],[8.9629696,44.978219]]]}},{"type":"Feature","id":"B0988","properties":{"z":"Z063","k":"residential","h":14.1,"dh":0.0,"td":0.0,"t0":0.0,"g":0,"cbd":0,"d":3.615},"geometry":{"type":"Polygon","coordinates":[[[8.9648161,44.9781662],[8.965958,44.9781662],[8.965958,44.9791494],[8.9648161,44.9791494],[8.9648161,44.9781662]]]}},{"type":"Feature","id":"B0989","properties":{"z":"Z063","k":"residential","h":12.7,"dh":5.6,"td":0.0,"t0":0.0,"g":0,"cbd":0,"d":3.904},"geometry":{"type":"Polygon","coordinates":[[[8.9578191,44.9804741],[8.9589583,44.9804741],[8.9589583,44.9813623],[8.9578191,44.9813623],[8.9578191,44.9804741]]]}},{"type":"Feature","id":"B0990","properties":{"z":"Z063","k":"residential","h":10.8,"dh":4.8,"td":0.0,"t0":0.0,"g":0,"cbd":0,"d":3.779},"geometry":{"type":"Polygon","coordinates":[[[8.9595694,44.9804429],[8.9610097,44.9804429],[8.9610097,44.9813935],[8.9595694,44.9813935],[8.9595694,44.9804429]]]}},{"type":"Feature","id":"B0991","properties":{"z":"Z063","k":"residential","h":15.1,"dh":0.0,"td":0.3,"t0":0.0,"g":0,"cbd":0,"d":3.825},"geometry":{"type":"Polygon","coordinates":[[[8.9578349,44.98175],[8.9589425,44.98175],[8.9589425,44.9827746],[8.9578349,44.9827746],[8.9578349,44.98175]]]}},{"type":"Feature","id":"B0992","properties":{"z":"Z063","k":"residential","h":14.5,"dh":0.0,"td":0.0,"t0":0.0,"g":0,"cbd":0,"d":3.697},"geometry":{"type":"Polygon","coordinates":[[[8.959584,44.9817933],[8.9609951,44.9817933],[8.9609951,44.9827312],[8.959584,44.9827312],[8.959584,44.9817933]]]}},{"type":"Feature","id":"B0993","properties":{"z":"Z063","k":"residential","h":8.0,"dh":0.0,"td":0.3,"t0":0.0,"g":0,"cbd":0,"d":3.574},"geometry":{"type":"Polygon","coordinates":[[[8.9628797,44.9804016],[8.9640927,44.9804016],[8.9640927,44.9814348],[8.9628797,44.9814348],[8.9628797,44.9804016]]]}},{"type":"Feature","id":"B0994","properties":{"z":"Z063","k":"residential","h":15.0,"dh":0.0,"td":0.0,"t0":0.0,"g":0,"cbd":0,"d":3.455},"geometry":{"type":"Polygon","coordinates":[[[8.9647175,44.9805311],[8.9660566,44.9805311],[8.9660566,44.9813052],[8.9647175,44.9813052],[8.9647175,44.9805311]]]}},{"type":"Feature","id":"B0995","properties":{"z":"Z063","k":"residential","h":12.6,"dh":0.0,"td":0.0,"t0":0.0,"g":0,"cbd":0,"d":3.487},"geometry":{"type":"Polygon","coordinates":[[[8.9629277,44.981881],[8.9640447,44.981881],[8.9640447,44.9826435],[8.9629277,44.9826435],[8.9629277,44.981881]]]}},{"type":"Feature","id":"B0996","properties":{"z":"Z063","k":"residential","h":8.4,"dh":0.0,"td":0.0,"t0":0.0,"g":0,"cbd":0,"d":3.365},"geometry":{"type":"Polygon","coordinates":[[[8.964766,44.9818323],[8.9660081,44.9818323],[8.9660081,44.9826923],[8.964766,44.9826923],[8.964766,44.9818323]]]}},{"type":"Feature","id":"B0997","properties":{"z":"Z064","k":"residential","h":11.7,"dh":0.0,"td":0.3,"t0":0.0,"g":0,"cbd":0,"d":3.572},"geometry":{"type":"Polygon","coordinates":[[[8.9672416,44.9768304],[8.9685919,44.9768304],[8.9685919,44.9777971],[8.9672416,44.9777971],[8.9672416,44.9768304]]]}},{"type":"Feature","id":"B0998","properties":{"z":"Z064","k":"park","h":0.0,"dh":0.0,"td":0.0,"t0":0.0,"g":0,"cbd":0,"d":3.467},"geometry":{"type":"Polygon","coordinates":[[[8.9691063,44.9768529],[8.9705289,44.9768529],[8.9705289,44.9777745],[8.9691063,44.9777745],[8.9691063,44.9768529]]]}},{"type":"Feature","id":"B0999","properties":{"z":"Z064","k":"residential","h":12.0,"dh":7.9,"td":0.0,"t0":0.0,"g":0,"cbd":0,"d":3.467},"geometry":{"type":"Polygon","coordinates":[[[8.9672984,44.978296],[8.9685351,44.978296],[8.9685351,44.9790197],[8.9672984,44.9790197],[8.9672984,44.978296]]]}},{"type":"Feature","id":"B1000","properties":{"z":"Z064","k":"residential","h":12.3,"dh":0.0,"td":0.0,"t0":0.0,"g":0,"cbd":0,"d":3.36},"geometry":{"type":"Polygon","coordinates":[[[8.9690979,44.978295],[8.9705372,44.978295],[8.9705372,44.9790206],[8.9690979,44.9790206],[8.9690979,44.978295]]]}},{"type":"Feature","id":"B1001","properties":{"z":"Z064","k":"park","h":0.0,"dh":0.0,"td":0.0,"t0":0.0,"g":0,"cbd":0,"d":3.3},"geometry":{"type":"Polygon","coordinates":[[[8.9724881,44.9768475],[8.9735404,44.9768475],[8.9735404,44.9777799],[8.9724881,44.9777799],[8.9724881,44.9768475]]]}},{"type":"Feature","id":"B1002","properties":{"z":"Z064","k":"residential","h":8.5,"dh":0.0,"td":0.0,"t0":0.0,"g":0,"cbd":0,"d":3.206},"geometry":{"type":"Polygon","coordinates":[[[8.9743616,44.9769007],[8.9754685,44.9769007],[8.9754685,44.9777268],[8.9743616,44.9777268],[8.9743616,44.9769007]]]}},{"type":"Feature","id":"B1003","properties":{"z":"Z064","k":"residential","h":8.3,"dh":5.0,"td":0.0,"t0":0.0,"g":0,"cbd":0,"d":3.187},"geometry":{"type":"Polygon","coordinates":[[[8.9725063,44.9781698],[8.9735221,44.9781698],[8.9735221,44.9791458],[8.9725063,44.9791458],[8.9725063,44.9781698]]]}},{"type":"Feature","id":"B1004","properties":{"z":"Z064","k":"residential","h":16.4,"dh":0.0,"td":0.0,"t0":0.0,"g":0,"cbd":0,"d":3.089},"geometry":{"type":"Polygon","coordinates":[[[8.9743727,44.9782684],[8.9754575,44.9782684],[8.9754575,44.9790472],[8.9743727,44.9790472],[8.9743727,44.9782684]]]}},{"type":"Feature","id":"B1005","properties":{"z":"Z064","k":"residential","h":11.5,"dh":0.0,"td":0.0,"t0":0.0,"g":0,"cbd":0,"d":3.3},"geometry":{"type":"Polygon","coordinates":[[[8.9673376,44.9804275],[8.9684959,44.9804275],[8.9684959,44.9814089],[8.9673376,44.9814089],[8.9673376,44.9804275]]]}},{"type":"Feature","id":"B1006","properties":{"z":"Z064","k":"residential","h":8.5,"dh":0.0,"td":0.0,"t0":0.0,"g":0,"cbd":0,"d":3.187},"geometry":{"type":"Polygon","coordinates":[[[8.9690957,44.9804081],[8.9705395,44.9804081],[8.9705395,44.9814282],[8.9690957,44.9814282],[8.9690957,44.9804081]]]}},{"type":"Feature","id":"B1007","properties":{"z":"Z064","k":"residential","h":13.2,"dh":0.0,"td":0.0,"t0":0.0,"g":0,"cbd":0,"d":3.206},"geometry":{"type":"Polygon","coordinates":[[[8.9673057,44.9818464],[8.9685277,44.9818464],[8.9685277,44.9826782],[8.9673057,44.9826782],[8.9673057,44.9818464]]]}},{"type":"Feature","id":"B1008","properties":{"z":"Z064","k":"residential","h":20.4,"dh":0.0,"td":0.0,"t0":8.01,"g":0,"cbd":0,"d":3.089},"geometry":{"type":"Polygon","coordinates":[[[8.9691149,44.9817662],[8.9705203,44.9817662],[8.9705203,44.9827583],[8.9691149,44.9827583],[8.9691149,44.9817662]]]}},{"type":"Feature","id":"B1009","properties":{"z":"Z064","k":"park","h":0.0,"dh":0.0,"td":0.0,"t0":0.0,"g":0,"cbd":0,"d":3.004},"geometry":{"type":"Polygon","coordinates":[[[8.9722891,44.9805055],[8.9737394,44.9805055],[8.9737394,44.9813309],[8.9722891,44.9813309],[8.9722891,44.9805055]]]}},{"type":"Feature","id":"B1010","properties":{"z":"Z064","k":"residential","h":13.1,"dh":0.0,"td":1.3,"t0":0.0,"g":0,"cbd":0,"d":2.9},"geometry":{"type":"Polygon","coordinates":[[[8.9742403,44.9804677],[8.9755899,44.9804677],[8.9755899,44.9813687],[8.9742403,44.9813687],[8.9742403,44.9804677]]]}},{"type":"Feature","id":"B1011","properties":{"z":"Z064","k":"residential","h":16.3,"dh":0.0,"td":0.0,"t0":6.07,"g":0,"cbd":0,"d":2.9},"geometry":{"type":"Polygon","coordinates":[[[8.9723231,44.981764],[8.9737054,44.981764],[8.9737054,44.9827606],[8.9723231,44.9827606],[8.9723231,44.981764]]]}},{"type":"Feature","id":"B1012","properties":{"z":"Z064","k":"residential","h":14.4,"dh":0.0,"td":0.0,"t0":0.0,"g":0,"cbd":0,"d":2.792},"geometry":{"type":"Polygon","coordinates":[[[8.9742496,44.9818137],[8.9755806,44.9818137],[8.9755806,44.9827109],[8.9742496,44.9827109],[8.9742496,44.9818137]]]}},{"type":"Feature","id":"B1013","properties":{"z":"Z065","k":"residential","h":16.5,"dh":3.6,"td":0.7,"t0":0.0,"g":0,"cbd":0,"d":3.087},"geometry":{"type":"Polygon","coordinates":[[[8.9767773,44.976869],[8.9781123,44.976869],[8.9781123,44.9777584],[8.9767773,44.9777584],[8.9767773,44.976869]]]}},{"type":"Feature","id":"B1014","properties":{"z":"Z065","k":"residential","h":18.9,"dh":0.0,"td":1.4,"t0":0.0,"g":0,"cbd":0,"d":3.004},"geometry":{"type":"Polygon","coordinates":[[[8.9786528,44.976903],[8.9800384,44.976903],[8.9800384,44.9777244],[8.9786528,44.9777244],[8.9786528,44.976903]]]}},{"type":"Feature","id":"B1015","properties":{"z":"Z065","k":"residential","h":16.0,"dh":0.0,"td":0.0,"t0":0.0,"g":0,"cbd":0,"d":2.966},"geometry":{"type":"Polygon","coordinates":[[[8.9768444,44.9781792],[8.9780451,44.9781792],[8.9780451,44.9791365],[8.9768444,44.9791365],[8.9768444,44.9781792]]]}},{"type":"Feature","id":"B1016","properties":{"z":"Z065","k":"residential","h":12.3,"dh":0.0,"td":0.0,"t0":0.0,"g":0,"cbd":0,"d":2.879},"geometry":{"type":"Polygon","coordinates":[[[8.9786313,44.9781979],[8.9800599,44.9781979],[8.9800599,44.9791177],[8.9786313,44.9791177],[8.9786313,44.9781979]]]}},{"type":"Feature","id":"B1017","properties":{"z":"Z065","k":"residential","h":10.8,"dh":0.0,"td":0.0,"t0":0.0,"g":0,"cbd":0,"d":2.875},"geometry":{"type":"Polygon","coordinates":[[[8.9818939,44.976855],[8.9831907,44.976855],[8.9831907,44.9777724],[8.9818939,44.9777724],[8.9818939,44.976855]]]}},{"type":"Feature","id":"B1018","properties":{"z":"Z065","k":"residential","h":36.8,"dh":0.0,"td":0.0,"t0":1.97,"g":0,"cbd":0,"d":2.807},"geometry":{"type":"Polygon","coordinates":[[[8.9839312,44.9769528],[8.984955,44.9769528],[8.984955,44.9776746],[8.9839312,44.9776746],[8.9839312,44.9769528]]]}},{"type":"Feature","id":"B1019","properties":{"z":"Z065","k":"residential","h":13.1,"dh":0.0,"td":1.5,"t0":0.0,"g":0,"cbd":0,"d":2.745},"geometry":{"type":"Polygon","coordinates":[[[8.9819507,44.9782401],[8.9831339,44.9782401],[8.9831339,44.9790755],[8.9819507,44.9790755],[8.9819507,44.9782401]]]}},{"type":"Feature","id":"B1020","properties":{"z":"Z065","k":"residential","h":15.2,"dh":0.0,"td":0.0,"t0":0.0,"g":0,"cbd":0,"d":2.673},"geometry":{"type":"Polygon","coordinates":[[[8.9838419,44.9782826],[8.9850443,44.9782826],[8.9850443,44.979033],[8.9838419,44.979033],[8.9838419,44.9782826]]]}},{"type":"Feature","id":"B1021","properties":{"z":"Z065","k":"park","h":0.0,"dh":0.0,"td":0.0,"t0":0.0,"g":0,"cbd":0,"d":2.768},"geometry":{"type":"Polygon","coordinates":[[[8.9768389,44.9804518],[8.9780506,44.9804518],[8.9780506,44.9813845],[8.9768389,44.9813845],[8.9768389,44.9804518]]]}},{"type":"Feature","id":"B1022","properties":{"z":"Z065","k":"residential","h":10.4,"dh":0.0,"td":1.1,"t0":0.0,"g":0,"cbd":0,"d":2.675},"geometry":{"type":"Polygon","coordinates":[[[8.9787238,44.9804845],[8.9799674,44.9804845],[8.9799674,44.9813519],[8.9787238,44.9813519],[8.9787238,44.9804845]]]}},{"type":"Feature","id":"B1023","properties":{"z":"Z065","k":"residential","h":14.2,"dh":0.0,"td":0.0,"t0":0.0,"g":0,"cbd":0,"d":2.655},"geometry":{"type":"Polygon","coordinates":[[[8.9767165,44.9817556],[8.978173,44.9817556],[8.978173,44.9827689],[8.9767165,44.9827689],[8.9767165,44.9817556]]]}},{"type":"Feature","id":"B1024","properties":{"z":"Z065","k":"residential","h":8.5,"dh":0.0,"td":0.6,"t0":0.0,"g":0,"cbd":0,"d":2.558},"geometry":{"type":"Polygon","coordinates":[[[8.9787403,44.9818116],[8.979951,44.9818116],[8.979951,44.982713],[8.9787403,44.982713],[8.9787403,44.9818116]]]}},{"type":"Feature","id":"B1025","properties":{"z":"Z065","k":"residential","h":15.9,"dh":9.4,"td":3.0,"t0":0.0,"g":0,"cbd":0,"d":2.53},"geometry":{"type":"Polygon","coordinates":[[[8.9820251,44.9805371],[8.9830594,44.9805371],[8.9830594,44.9812992],[8.9820251,44.9812992],[8.9820251,44.9805371]]]}},{"type":"Feature","id":"B1026","properties":{"z":"Z065","k":"park","h":0.0,"dh":0.0,"td":0.0,"t0":0.0,"g":0,"cbd":0,"d":2.452},"geometry":{"type":"Polygon","coordinates":[[[8.9837114,44.9804015],[8.9851749,44.9804015],[8.9851749,44.9814348],[8.9837114,44.9814348],[8.9837114,44.9804015]]]}},{"type":"Feature","id":"B1027","properties":{"z":"Z065","k":"residential","h":25.2,"dh":0.0,"td":0.0,"t0":8.19,"g":0,"cbd":0,"d":2.406},"geometry":{"type":"Polygon","coordinates":[[[8.9819595,44.9818435],[8.983125,44.9818435],[8.983125,44.9826811],[8.9819595,44.9826811],[8.9819595,44.9818435]]]}},{"type":"Feature","id":"B1028","properties":{"z":"Z065","k":"residential","h":11.5,"dh":0.0,"td":1.9,"t0":0.0,"g":0,"cbd":0,"d":2.323},"geometry":{"type":"Polygon","coordinates":[[[8.9837172,44.9818803],[8.985169,44.9818803],[8.985169,44.9826443],[8.9837172,44.9826443],[8.9837172,44.9818803]]]}},{"type":"Feature","id":"B1029","properties":{"z":"Z066","k":"residential","h":16.8,"dh":0.0,"td":0.0,"t0":0.0,"g":0,"cbd":0,"d":2.726},"geometry":{"type":"Polygon","coordinates":[[[8.9862777,44.9769076],[8.9876679,44.9769076],[8.9876679,44.9777198],[8.9862777,44.9777198],[8.9862777,44.9769076]]]}},{"type":"Feature","id":"B1030","properties":{"z":"Z066","k":"residential","h":15.5,"dh":0.0,"td":0.0,"t0":0.0,"g":0,"cbd":0,"d":2.673},"geometry":{"type":"Polygon","coordinates":[[[8.9883472,44.9769301],[8.9894001,44.9769301],[8.9894001,44.9776974],[8.9883472,44.9776974],[8.9883472,44.9769301]]]}},{"type":"Feature","id":"B1031","properties":{"z":"Z066","k":"residential","h":18.8,"dh":0.0,"td":0.0,"t0":0.0,"g":0,"cbd":0,"d":2.588},"geometry":{"type":"Polygon","coordinates":[[[8.9863162,44.9782736],[8.9876294,44.9782736],[8.9876294,44.979042],[8.9863162,44.979042],[8.9863162,44.9782736]]]}},{"type":"Feature","id":"B1032","properties":{"z":"Z066","k":"residential","h":8.4,"dh":5.5,"td":2.1,"t0":0.0,"g":0,"cbd":0,"d":2.532},"geometry":{"type":"Polygon","coordinates":[[[8.9882911,44.9782269],[8.9894562,44.9782269],[8.9894562,44.9790887],[8.9882911,44.9790887],[8.9882911,44.9782269]]]}},{"type":"Feature","id":"B1033","properties":{"z":"Z066","k":"residential","h":16.6,"dh":0.0,"td":0.0,"t0":0.0,"g":0,"cbd":0,"d":2.601},"geometry":{"type":"Polygon","coordinates":[[[8.9913872,44.9768156],[8.9927534,44.9768156],[8.9927534,44.9778118],[8.9913872,44.9778118],[8.9913872,44.9768156]]]}},{"type":"Feature","id":"B1034","properties":{"z":"Z066","k":"residential","h":13.3,"dh":0.0,"td":0.0,"t0":0.0,"g":0,"cbd":0,"d":2.57},"geometry":{"type":"Polygon","coordinates":[[[8.9933542,44.9768828],[8.9945881,44.9768828],[8.9945881,44.9777446],[8.9933542,44.9777446],[8.9933542,44.9768828]]]}},{"type":"Feature","id":"B1035","properties":{"z":"Z066","k":"residential","h":9.4,"dh":0.0,"td":0.0,"t0":0.0,"g":0,"cbd":0,"d":2.456},"geometry":{"type":"Polygon","coordinates":[[[8.9915127,44.9782274],[8.9926279,44.9782274],[8.9926279,44.9790882],[8.9915127,44.9790882],[8.9915127,44.9782274]]]}},{"type":"Feature","id":"B1036","properties":{"z":"Z066","k":"residential","h":14.7,"dh":0.0,"td":0.0,"t0":0.0,"g":0,"cbd":0,"d":2.423},"geometry":{"type":"Polygon","coordinates":[[[8.9932783,44.9782616],[8.994664,44.9782616],[8.994664,44.979054],[8.9932783,44.979054],[8.9932783,44.9782616]]]}},{"type":"Feature","id":"B1037","properties":{"z":"Z066","k":"residential","h":20.2,"dh":0.0,"td":0.0,"t0":0.0,"g":0,"cbd":0,"d":2.359},"geometry":{"type":"Polygon","coordinates":[[[8.9864072,44.9804722],[8.9875384,44.9804722],[8.9875384,44.9813641],[8.9864072,44.9813641],[8.9864072,44.9804722]]]}},{"type":"Feature","id":"B1038","properties":{"z":"Z066","k":"residential","h":15.5,"dh":0.0,"td":0.0,"t0":0.0,"g":0,"cbd":0,"d":2.298},"geometry":{"type":"Polygon","coordinates":[[[8.9883032,44.9804578],[8.9894441,44.9804578],[8.9894441,44.9813786],[8.9883032,44.9813786],[8.9883032,44.9804578]]]}},{"type":"Feature","id":"B1039","properties":{"z":"Z066","k":"park","h":0.0,"dh":0.0,"td":0.0,"t0":0.0,"g":0,"cbd":0,"d":2.225},"geometry":{"type":"Polygon","coordinates":[[[8.9864615,44.9817762],[8.9874841,44.9817762],[8.9874841,44.9827483],[8.9864615,44.9827483],[8.9864615,44.9817762]]]}},{"type":"Feature","id":"B1040","properties":{"z":"Z066","k":"residential","h":16.8,"dh":0.0,"td":2.2,"t0":0.0,"g":0,"cbd":0,"d":2.16},"geometry":{"type":"Polygon","coordinates":[[[8.988186,44.9817673],[8.9895613,44.9817673],[8.9895613,44.9827572],[8.988186,44.9827572],[8.988186,44.9817673]]]}},{"type":"Feature","id":"B1041","properties":{"z":"Z066","k":"residential","h":17.5,"dh":0.0,"td":2.8,"t0":0.0,"g":0,"cbd":0,"d":2.214},"geometry":{"type":"Polygon","coordinates":[[[8.9915463,44.9804715],[8.9925943,44.9804715],[8.9925943,44.9813649],[8.9915463,44.9813649],[8.9915463,44.9804715]]]}},{"type":"Feature","id":"B1042","properties":{"z":"Z066","k":"residential","h":22.4,"dh":0.0,"td":0.0,"t0":0.0,"g":0,"cbd":0,"d":2.177},"geometry":{"type":"Polygon","coordinates":[[[8.9933078,44.9805212],[8.9946345,44.9805212],[8.9946345,44.9813152],[8.9933078,44.9813152],[8.9933078,44.9805212]]]}},{"type":"Feature","id":"B1043","properties":{"z":"Z066","k":"residential","h":14.0,"dh":0.0,"td":0.0,"t0":0.0,"g":0,"cbd":0,"d":2.071},"geometry":{"type":"Polygon","coordinates":[[[8.9915243,44.9817524],[8.9926163,44.9817524],[8.9926163,44.9827722],[8.9915243,44.9827722],[8.9915243,44.9817524]]]}},{"type":"Feature","id":"B1044","properties":{"z":"Z066","k":"residential","h":15.8,"dh":0.0,"td":3.9,"t0":0.0,"g":0,"cbd":0,"d":2.031},"geometry":{"type":"Polygon","coordinates":[[[8.9934144,44.981788],[8.9945278,44.981788],[8.9945278,44.9827366],[8.9934144,44.9827366],[8.9934144,44.981788]]]}},{"type":"Feature","id":"B1045","properties":{"z":"Z067","k":"residential","h":20.9,"dh":15.1,"td":2.0,"t0":0.0,"g":0,"cbd":0,"d":2.54},"geometry":{"type":"Polygon","coordinates":[[[8.9958028,44.9768453],[8.9971989,44.9768453],[8.9971989,44.9777821],[8.9958028,44.9777821],[8.9958028,44.9768453]]]}},{"type":"Feature","id":"B1046","properties":{"z":"Z067","k":"residential","h":8.1,"dh":3.5,"td":0.0,"t0":0.0,"g":0,"cbd":0,"d":2.529},"geometry":{"type":"Polygon","coordinates":[[[8.9978443,44.9768202],[8.998959,44.9768202],[8.998959,44.9778073],[8.9978443,44.9778073],[8.9978443,44.9768202]]]}},{"type":"Feature","id":"B1047","properties":{"z":"Z067","k":"residential","h":19.7,"dh":0.0,"td":0.0,"t0":0.0,"g":0,"cbd":0,"d":2.392},"geometry":{"type":"Polygon","coordinates":[[[8.995938,44.9782191],[8.9970637,44.9782191],[8.9970637,44.9790965],[8.995938,44.9790965],[8.995938,44.9782191]]]}},{"type":"Feature","id":"B1048","properties":{"z":"Z067","k":"residential","h":11.3,"dh":0.0,"td":0.0,"t0":0.0,"g":0,"cbd":0,"d":2.379},"geometry":{"type":"Polygon","coordinates":[[[8.9977893,44.9781657],[8.9990141,44.9781657],[8.9990141,44.9791499],[8.9977893,44.9791499],[8.9977893,44.9781657]]]}},{"type":"Feature","id":"B1049","properties":{"z":"Z067","k":"park","h":0.0,"dh":0.0,"td":0.0,"t0":0.0,"g":0,"cbd":0,"d":2.529},"geometry":{"type":"Polygon","coordinates":[[[9.0009968,44.9769304],[9.0021999,44.9769304],[9.0021999,44.977697],[9.0009968,44.977697],[9.0009968,44.9769304]]]}},{"type":"Feature","id":"B1050","properties":{"z":"Z067","k":"residential","h":13.8,"dh":4.6,"td":0.0,"t0":0.0,"g":0,"cbd":0,"d":2.379},"geometry":{"type":"Polygon","coordinates":[[[9.0010106,44.978177],[9.0021861,44.978177],[9.0021861,44.9791386],[9.0010106,44.9791386],[9.0010106,44.978177]]]}},{"type":"Feature","id":"B1051","properties":{"z":"Z067","k":"residential","h":16.3,"dh":7.5,"td":4.3,"t0":0.0,"g":0,"cbd":0,"d":2.142},"geometry":{"type":"Polygon","coordinates":[[[8.9958928,44.9805162],[8.9971089,44.9805162],[8.9971089,44.9813201],[8.9958928,44.9813201],[8.9958928,44.9805162]]]}},{"type":"Feature","id":"B1052","properties":{"z":"Z067","k":"residential","h":22.8,"dh":0.0,"td":4.0,"t0":0.0,"g":0,"cbd":0,"d":2.128},"geometry":{"type":"Polygon","coordinates":[[[8.9977267,44.9804321],[8.9990767,44.9804321],[8.9990767,44.9814043],[8.9977267,44.9814043],[8.9977267,44.9804321]]]}},{"type":"Feature","id":"B1053","properties":{"z":"Z067","k":"residential","h":11.9,"dh":0.0,"td":3.2,"t0":0.0,"g":0,"cbd":0,"d":1.994},"geometry":{"type":"Polygon","coordinates":[[[8.9957671,44.9818965],[8.9972345,44.9818965],[8.9972345,44.9826281],[8.9957671,44.9826281],[8.9957671,44.9818965]]]}},{"type":"Feature","id":"B1054","properties":{"z":"Z067","k":"residential","h":24.8,"dh":0.0,"td":0.0,"t0":0.0,"g":0,"cbd":0,"d":1.979},"geometry":{"type":"Polygon","coordinates":[[[8.9978117,44.9817541],[8.9989917,44.9817541],[8.9989917,44.9827705],[8.9978117,44.9827705],[8.9978117,44.9817541]]]}},{"type":"Feature","id":"B1055","properties":{"z":"Z068","k":"residential","h":13.1,"dh":0.0,"td":1.8,"t0":0.0,"g":0,"cbd":0,"d":2.601},"geometry":{"type":"Polygon","coordinates":[[[9.0073281,44.9769151],[9.0085313,44.9769151],[9.0085313,44.9777123],[9.0073281,44.9777123],[9.0073281,44.9769151]]]}},{"type":"Feature","id":"B1056","properties":{"z":"Z068","k":"residential","h":17.0,"dh":0.0,"td":2.0,"t0":0.0,"g":0,"cbd":0,"d":2.456},"geometry":{"type":"Polygon","coordinates":[[[9.0073551,44.978222],[9.0085043,44.978222],[9.0085043,44.9790936],[9.0073551,44.9790936],[9.0073551,44.978222]]]}},{"type":"Feature","id":"B1057","properties":{"z":"Z068","k":"residential","h":8.2,"dh":0.0,"td":1.1,"t0":0.0,"g":0,"cbd":0,"d":2.673},"geometry":{"type":"Polygon","coordinates":[[[9.0104087,44.9768357],[9.011844,44.9768357],[9.011844,44.9777918],[9.0104087,44.9777918],[9.0104087,44.9768357]]]}},{"type":"Feature","id":"B1058","properties":{"z":"Z068","k":"residential","h":14.7,"dh":4.5,"td":2.2,"t0":0.0,"g":0,"cbd":0,"d":2.726},"geometry":{"type":"Polygon","coordinates":[[[9.0123785,44.976868],[9.0136759,44.976868],[9.0136759,44.9777594],[9.0123785,44.9777594],[9.0123785,44.976868]]]}},{"type":"Feature","id":"B1059","properties":{"z":"Z068","k":"residential","h":10.5,"dh":0.0,"td":1.6,"t0":0.0,"g":0,"cbd":0,"d":2.532},"geometry":{"type":"Polygon","coordinates":[[[9.0104491,44.9782961],[9.0118037,44.9782961],[9.0118037,44.9790196],[9.0104491,44.9790196],[9.0104491,44.9782961]]]}},{"type":"Feature","id":"B1060","properties":{"z":"Z068","k":"residential","h":12.3,"dh":0.0,"td":0.0,"t0":0.0,"g":0,"cbd":0,"d":2.588},"geometry":{"type":"Polygon","coordinates":[[[9.0124757,44.9782337],[9.0135787,44.9782337],[9.0135787,44.9790819],[9.0124757,44.9790819],[9.0124757,44.9782337]]]}},{"type":"Feature","id":"B1061","properties":{"z":"Z068","k":"park","h":0.0,"dh":0.0,"td":0.0,"t0":0.0,"g":0,"cbd":0,"d":2.214},"geometry":{"type":"Polygon","coordinates":[[[9.0073052,44.9804003],[9.0085542,44.9804003],[9.0085542,44.9814361],[9.0073052,44.9814361],[9.0073052,44.9804003]]]}},{"type":"Feature","id":"B1062","properties":{"z":"Z068","k":"residential","h":22.0,"dh":0.0,"td":0.0,"t0":0.0,"g":0,"cbd":0,"d":2.071},"geometry":{"type":"Polygon","coordinates":[[[9.007402,44.9817633],[9.0084574,44.9817633],[9.0084574,44.9827612],[9.007402,44.9827612],[9.007402,44.9817633]]]}},{"type":"Feature","id":"B1063","properties":{"z":"Z068","k":"residential","h":21.9,"dh":0.0,"td":0.0,"t0":0.0,"g":0,"cbd":0,"d":2.298},"geometry":{"type":"Polygon","coordinates":[[[9.0104812,44.9805595],[9.0117715,44.9805595],[9.0117715,44.9812769],[9.0104812,44.9812769],[9.0104812,44.9805595]]]}},{"type":"Feature","id":"B1064","properties":{"z":"Z068","k":"residential","h":21.9,"dh":0.0,"td":3.2,"t0":0.0,"g":0,"cbd":0,"d":2.359},"geometry":{"type":"Polygon","coordinates":[[[9.012498,44.980512],[9.0135564,44.980512],[9.0135564,44.9813244],[9.012498,44.9813244],[9.012498,44.980512]]]}},{"type":"Feature","id":"B1065","properties":{"z":"Z068","k":"residential","h":10.0,"dh":0.0,"td":0.0,"t0":0.0,"g":0,"cbd":0,"d":2.16},"geometry":{"type":"Polygon","coordinates":[[[9.0105746,44.9818706],[9.0116781,44.9818706],[9.0116781,44.982654],[9.0105746,44.982654],[9.0105746,44.9818706]]]}},{"type":"Feature","id":"B1066","properties":{"z":"Z068","k":"residential","h":21.7,"dh":0.0,"td":4.5,"t0":0.0,"g":0,"cbd":0,"d":2.225},"geometry":{"type":"Polygon","coordinates":[[[9.0123982,44.9818311],[9.0136562,44.9818311],[9.0136562,44.9826935],[9.0123982,44.9826935],[9.0123982,44.9818311]]]}},{"type":"Feature","id":"B1067","properties":{"z":"Z069","k":"residential","h":19.1,"dh":0.0,"td":0.8,"t0":0.0,"g":0,"cbd":0,"d":2.807},"geometry":{"type":"Polygon","coordinates":[[[9.0150364,44.9768143],[9.0160774,44.9768143],[9.0160774,44.9778131],[9.0150364,44.9778131],[9.0150364,44.9768143]]]}},{"type":"Feature","id":"B1068","properties":{"z":"Z069","k":"park","h":0.0,"dh":0.0,"td":0.0,"t0":0.0,"g":0,"cbd":0,"d":2.875},"geometry":{"type":"Polygon","coordinates":[[[9.0167804,44.9768766],[9.018135,44.9768766],[9.018135,44.9777508],[9.0167804,44.9777508],[9.0167804,44.9768766]]]}},{"type":"Feature","id":"B1069","properties":{"z":"Z069","k":"residential","h":9.8,"dh":2.2,"td":1.5,"t0":0.0,"g":0,"cbd":0,"d":2.673},"geometry":{"type":"Polygon","coordinates":[[[9.0148805,44.9782158],[9.0162333,44.9782158],[9.0162333,44.9790998],[9.0148805,44.9790998],[9.0148805,44.9782158]]]}},{"type":"Feature","id":"B1070","properties":{"z":"Z069","k":"residential","h":18.4,"dh":0.0,"td":0.8,"t0":0.0,"g":0,"cbd":0,"d":2.745},"geometry":{"type":"Polygon","coordinates":[[[9.0169278,44.9781446],[9.0179877,44.9781446],[9.0179877,44.979171],[9.0169278,44.979171],[9.0169278,44.9781446]]]}},{"type":"Feature","id":"B1071","properties":{"z":"Z069","k":"residential","h":17.0,"dh":0.0,"td":1.2,"t0":0.0,"g":0,"cbd":0,"d":3.004},"geometry":{"type":"Polygon","coordinates":[[[9.0201421,44.9768301],[9.0211666,44.9768301],[9.0211666,44.9777973],[9.0201421,44.9777973],[9.0201421,44.9768301]]]}},{"type":"Feature","id":"B1072","properties":{"z":"Z069","k":"residential","h":10.2,"dh":0.0,"td":0.0,"t0":0.0,"g":0,"cbd":0,"d":3.087},"geometry":{"type":"Polygon","coordinates":[[[9.0219769,44.9768318],[9.0231336,44.9768318],[9.0231336,44.9777957],[9.0219769,44.9777957],[9.0219769,44.9768318]]]}},{"type":"Feature","id":"B1073","properties":{"z":"Z069","k":"residential","h":14.1,"dh":0.0,"td":0.0,"t0":0.0,"g":0,"cbd":0,"d":2.879},"geometry":{"type":"Polygon","coordinates":[[[9.0199329,44.9782842],[9.0213759,44.9782842],[9.0213759,44.9790314],[9.0199329,44.9790314],[9.0199329,44.9782842]]]}},{"type":"Feature","id":"B1074","properties":{"z":"Z069","k":"residential","h":7.7,"dh":0.0,"td":0.5,"t0":0.0,"g":0,"cbd":0,"d":2.966},"geometry":{"type":"Polygon","coordinates":[[[9.0218845,44.978223],[9.023226,44.978223],[9.023226,44.9790926],[9.0218845,44.9790926],[9.0218845,44.978223]]]}},{"type":"Feature","id":"B1075","properties":{"z":"Z069","k":"residential","h":14.9,"dh":0.0,"td":0.0,"t0":0.0,"g":0,"cbd":0,"d":2.452},"geometry":{"type":"Polygon","coordinates":[[[9.0149577,44.9804938],[9.0161561,44.9804938],[9.0161561,44.9813425],[9.0149577,44.9813425],[9.0149577,44.9804938]]]}},{"type":"Feature","id":"B1076","properties":{"z":"Z069","k":"residential","h":12.1,"dh":0.0,"td":0.0,"t0":0.0,"g":0,"cbd":0,"d":2.53},"geometry":{"type":"Polygon","coordinates":[[[9.0168812,44.9804177],[9.0180343,44.9804177],[9.0180343,44.9814186],[9.0168812,44.9814186],[9.0168812,44.9804177]]]}},{"type":"Feature","id":"B1077","properties":{"z":"Z069","k":"residential","h":21.3,"dh":0.0,"td":0.0,"t0":0.0,"g":0,"cbd":0,"d":2.323},"geometry":{"type":"Polygon","coordinates":[[[9.014993,44.9818035],[9.0161208,44.9818035],[9.0161208,44.9827211],[9.014993,44.9827211],[9.014993,44.9818035]]]}},{"type":"Feature","id":"B1078","properties":{"z":"Z069","k":"residential","h":10.2,"dh":0.0,"td":0.0,"t0":0.0,"g":0,"cbd":0,"d":2.406},"geometry":{"type":"Polygon","coordinates":[[[9.0169274,44.9818751],[9.0179881,44.9818751],[9.0179881,44.9826495],[9.0169274,44.9826495],[9.0169274,44.9818751]]]}},{"type":"Feature","id":"B1079","properties":{"z":"Z069","k":"residential","h":17.6,"dh":4.8,"td":0.0,"t0":0.0,"g":0,"cbd":0,"d":2.675},"geometry":{"type":"Polygon","coordinates":[[[9.0200891,44.9805459],[9.0212197,44.9805459],[9.0212197,44.9812904],[9.0200891,44.9812904],[9.0200891,44.9805459]]]}},{"type":"Feature","id":"B1080","properties":{"z":"Z069","k":"park","h":0.0,"dh":0.0,"td":0.0,"t0":0.0,"g":0,"cbd":0,"d":2.768},"geometry":{"type":"Polygon","coordinates":[[[9.021861,44.9804768],[9.0232495,44.9804768],[9.0232495,44.9813596],[9.021861,44.9813596],[9.021861,44.9804768]]]}},{"type":"Feature","id":"B1081","properties":{"z":"Z069","k":"residential","h":28.6,"dh":0.0,"td":0.0,"t0":7.29,"g":0,"cbd":0,"d":2.558},"geometry":{"type":"Polygon","coordinates":[[[9.0200715,44.9818101],[9.0212373,44.9818101],[9.0212373,44.9827145],[9.0200715,44.9827145],[9.0200715,44.9818101]]]}},{"type":"Feature","id":"B1082","properties":{"z":"Z069","k":"residential","h":9.7,"dh":0.0,"td":0.7,"t0":0.0,"g":0,"cbd":0,"d":2.655},"geometry":{"type":"Polygon","coordinates":[[[9.0218883,44.9817857],[9.0232222,44.9817857],[9.0232222,44.9827389],[9.0218883,44.9827389],[9.0218883,44.9817857]]]}},{"type":"Feature","id":"B1083","properties":{"z":"Z070","k":"park","h":0.0,"dh":0.0,"td":0.0,"t0":0.0,"g":0,"cbd":0,"d":3.206},"geometry":{"type":"Polygon","coordinates":[[[9.0244483,44.9769558],[9.0257216,44.9769558],[9.0257216,44.9776716],[9.0244483,44.9776716],[9.0244483,44.9769558]]]}},{"type":"Feature","id":"B1084","properties":{"z":"Z070","k":"residential","h":16.7,"dh":0.0,"td":0.3,"t0":0.0,"g":0,"cbd":0,"d":3.3},"geometry":{"type":"Polygon","coordinates":[[[9.0263885,44.9768063],[9.027583,44.9768063],[9.027583,44.9778211],[9.0263885,44.9778211],[9.0263885,44.9768063]]]}},{"type":"Feature","id":"B1085","properties":{"z":"Z070","k":"residential","h":9.7,"dh":0.0,"td":0.0,"t0":0.0,"g":0,"cbd":0,"d":3.089},"geometry":{"type":"Polygon","coordinates":[[[9.0244782,44.978151],[9.0256916,44.978151],[9.0256916,44.9791646],[9.0244782,44.9791646],[9.0244782,44.978151]]]}},{"type":"Feature","id":"B1086","properties":{"z":"Z070","k":"residential","h":17.5,"dh":0.0,"td":0.0,"t0":0.0,"g":0,"cbd":0,"d":3.187},"geometry":{"type":"Polygon","coordinates":[[[9.0262873,44.9781608],[9.0276842,44.9781608],[9.0276842,44.9791548],[9.0262873,44.9791548],[9.0262873,44.9781608]]]}},{"type":"Feature","id":"B1087","properties":{"z":"Z070","k":"park","h":0.0,"dh":0.0,"td":0.0,"t0":0.0,"g":0,"cbd":0,"d":3.467},"geometry":{"type":"Polygon","coordinates":[[[9.0295254,44.9768004],[9.0308394,44.9768004],[9.0308394,44.977827],[9.0295254,44.977827],[9.0295254,44.9768004]]]}},{"type":"Feature","id":"B1088","properties":{"z":"Z070","k":"residential","h":10.0,"dh":0.0,"td":0.0,"t0":0.0,"g":0,"cbd":0,"d":3.572},"geometry":{"type":"Polygon","coordinates":[[[9.0315168,44.9768774],[9.0326497,44.9768774],[9.0326497,44.97775],[9.0315168,44.97775],[9.0315168,44.9768774]]]}},{"type":"Feature","id":"B1089","properties":{"z":"Z070","k":"park","h":0.0,"dh":0.0,"td":0.0,"t0":0.0,"g":0,"cbd":0,"d":3.36},"geometry":{"type":"Polygon","coordinates":[[[9.0294829,44.9782577],[9.0308819,44.9782577],[9.0308819,44.979058],[9.0294829,44.979058],[9.0294829,44.9782577]]]}},{"type":"Feature","id":"B1090","properties":{"z":"Z070","k":"residential","h":16.4,"dh":8.7,"td":0.0,"t0":0.0,"g":0,"cbd":0,"d":3.467},"geometry":{"type":"Polygon","coordinates":[[[9.0314567,44.9781801],[9.0327098,44.9781801],[9.0327098,44.9791355],[9.0314567,44.9791355],[9.0314567,44.9781801]]]}},{"type":"Feature","id":"B1091","properties":{"z":"Z070","k":"residential","h":12.1,"dh":0.0,"td":0.0,"t0":0.0,"g":0,"cbd":0,"d":2.9},"geometry":{"type":"Polygon","coordinates":[[[9.0243513,44.9805367],[9.0258185,44.9805367],[9.0258185,44.9812997],[9.0243513,44.9812997],[9.0243513,44.9805367]]]}},{"type":"Feature","id":"B1092","properties":{"z":"Z070","k":"residential","h":8.0,"dh":0.0,"td":0.0,"t0":0.0,"g":0,"cbd":0,"d":3.004},"geometry":{"type":"Polygon","coordinates":[[[9.0263707,44.9805252],[9.0276008,44.9805252],[9.0276008,44.9813112],[9.0263707,44.9813112],[9.0263707,44.9805252]]]}},{"type":"Feature","id":"B1093","properties":{"z":"Z070","k":"residential","h":18.9,"dh":8.7,"td":0.0,"t0":0.0,"g":0,"cbd":0,"d":2.792},"geometry":{"type":"Polygon","coordinates":[[[9.0244009,44.9817937],[9.0257689,44.9817937],[9.0257689,44.9827309],[9.0244009,44.9827309],[9.0244009,44.9817937]]]}},{"type":"Feature","id":"B1094","properties":{"z":"Z070","k":"park","h":0.0,"dh":0.0,"td":0.0,"t0":0.0,"g":0,"cbd":0,"d":2.9},"geometry":{"type":"Polygon","coordinates":[[[9.0264329,44.9818061],[9.0275387,44.9818061],[9.0275387,44.9827184],[9.0264329,44.9827184],[9.0264329,44.9818061]]]}},{"type":"Feature","id":"B1095","properties":{"z":"Z070","k":"residential","h":11.8,"dh":0.0,"td":0.0,"t0":0.0,"g":0,"cbd":0,"d":3.187},"geometry":{"type":"Polygon","coordinates":[[[9.0296716,44.9804988],[9.0306933,44.9804988],[9.0306933,44.9813376],[9.0296716,44.9813376],[9.0296716,44.9804988]]]}},{"type":"Feature","id":"B1096","properties":{"z":"Z070","k":"residential","h":16.8,"dh":0.0,"td":0.0,"t0":0.0,"g":0,"cbd":0,"d":3.3},"geometry":{"type":"Polygon","coordinates":[[[9.0315028,44.980523],[9.0326637,44.980523],[9.0326637,44.9813134],[9.0315028,44.9813134],[9.0315028,44.980523]]]}},{"type":"Feature","id":"B1097","properties":{"z":"Z070","k":"residential","h":16.6,"dh":0.0,"td":0.0,"t0":0.0,"g":0,"cbd":0,"d":3.089},"geometry":{"type":"Polygon","coordinates":[[[9.0294911,44.9817571],[9.0308738,44.9817571],[9.0308738,44.9827675],[9.0294911,44.9827675],[9.0294911,44.9817571]]]}},{"type":"Feature","id":"B1098","properties":{"z":"Z070","k":"park","h":0.0,"dh":0.0,"td":0.0,"t0":0.0,"g":0,"cbd":0,"d":3.206},"geometry":{"type":"Polygon","coordinates":[[[9.0314975,44.9818926],[9.032669,44.9818926],[9.032669,44.982632],[9.0314975,44.982632],[9.0314975,44.9818926]]]}},{"type":"Feature","id":"B1099","properties":{"z":"Z071","k":"residential","h":14.1,"dh":0.0,"td":0.0,"t0":0.0,"g":0,"cbd":0,"d":3.715},"geometry":{"type":"Polygon","coordinates":[[[9.0340586,44.9767956],[9.0351673,44.9767956],[9.0351673,44.9778318],[9.0340586,44.9778318],[9.0340586,44.9767956]]]}},{"type":"Feature","id":"B1100","properties":{"z":"Z071","k":"residential","h":8.9,"dh":0.0,"td":0.1,"t0":0.0,"g":0,"cbd":0,"d":3.826},"geometry":{"type":"Polygon","coordinates":[[[9.0357961,44.9768778],[9.0372315,44.9768778],[9.0372315,44.9777496],[9.0357961,44.9777496],[9.0357961,44.9768778]]]}},{"type":"Feature","id":"B1101","properties":{"z":"Z071","k":"residential","h":19.0,"dh":0.0,"td":0.0,"t0":0.0,"g":0,"cbd":0,"d":3.615},"geometry":{"type":"Polygon","coordinates":[[[9.0339286,44.9782069],[9.0352973,44.9782069],[9.0352973,44.9791087],[9.0339286,44.9791087],[9.0339286,44.9782069]]]}},{"type":"Feature","id":"B1102","properties":{"z":"Z071","k":"park","h":0.0,"dh":0.0,"td":0.0,"t0":0.0,"g":0,"cbd":0,"d":3.729},"geometry":{"type":"Polygon","coordinates":[[[9.0357781,44.9782069],[9.0372495,44.9782069],[9.0372495,44.9791088],[9.0357781,44.9791088],[9.0357781,44.9782069]]]}},{"type":"Feature","id":"B1103","properties":{"z":"Z071","k":"park","h":0.0,"dh":0.0,"td":0.0,"t0":0.0,"g":0,"cbd":0,"d":4.019},"geometry":{"type":"Polygon","coordinates":[[[9.0390056,44.9769273],[9.0404153,44.9769273],[9.0404153,44.9777001],[9.0390056,44.9777001],[9.0390056,44.9769273]]]}},{"type":"Feature","id":"B1104","properties":{"z":"Z071","k":"residential","h":7.9,"dh":0.0,"td":0.1,"t0":0.0,"g":0,"cbd":0,"d":4.136},"geometry":{"type":"Polygon","coordinates":[[[9.0409457,44.9768805],[9.0422769,44.9768805],[9.0422769,44.9777469],[9.0409457,44.9777469],[9.0409457,44.9768805]]]}},{"type":"Feature","id":"B1105","properties":{"z":"Z071","k":"park","h":0.0,"dh":0.0,"td":0.0,"t0":0.0,"g":0,"cbd":0,"d":3.926},"geometry":{"type":"Polygon","coordinates":[[[9.0390619,44.978303],[9.040359,44.978303],[9.040359,44.9790126],[9.0390619,44.9790126],[9.0390619,44.978303]]]}},{"type":"Feature","id":"B1106","properties":{"z":"Z071","k":"residential","h":19.3,"dh":0.0,"td":0.0,"t0":0.0,"g":0,"cbd":0,"d":4.046},"geometry":{"type":"Polygon","coordinates":[[[9.0409177,44.9781499],[9.0423049,44.9781499],[9.0423049,44.9791657],[9.0409177,44.9791657],[9.0409177,44.9781499]]]}},{"type":"Feature","id":"B1107","properties":{"z":"Z071","k":"residential","h":10.7,"dh":0.0,"td":0.0,"t0":0.0,"g":0,"cbd":0,"d":3.455},"geometry":{"type":"Polygon","coordinates":[[[9.034106,44.980515],[9.0351199,44.980515],[9.0351199,44.9813214],[9.034106,44.9813214],[9.034106,44.980515]]]}},{"type":"Feature","id":"B1108","properties":{"z":"Z071","k":"residential","h":12.4,"dh":0.0,"td":0.0,"t0":0.0,"g":0,"cbd":0,"d":3.574},"geometry":{"type":"Polygon","coordinates":[[[9.0357991,44.9804676],[9.0372285,44.9804676],[9.0372285,44.9813688],[9.0357991,44.9813688],[9.0357991,44.9804676]]]}},{"type":"Feature","id":"B1109","properties":{"z":"Z071","k":"residential","h":15.1,"dh":0.0,"td":0.0,"t0":0.0,"g":0,"cbd":0,"d":3.365},"geometry":{"type":"Polygon","coordinates":[[[9.0339664,44.9818598],[9.0352595,44.9818598],[9.0352595,44.9826647],[9.0339664,44.9826647],[9.0339664,44.9818598]]]}},{"type":"Feature","id":"B1110","properties":{"z":"Z071","k":"residential","h":8.6,"dh":0.0,"td":0.0,"t0":0.0,"g":0,"cbd":0,"d":3.487},"geometry":{"type":"Polygon","coordinates":[[[9.0359508,44.9817455],[9.0370767,44.9817455],[9.0370767,44.9827791],[9.0359508,44.9827791],[9.0359508,44.9817455]]]}},{"type":"Feature","id":"B1111","properties":{"z":"Z071","k":"residential","h":7.9,"dh":0.0,"td":0.1,"t0":0.0,"g":0,"cbd":0,"d":3.779},"geometry":{"type":"Polygon","coordinates":[[[9.039195,44.9804721],[9.0402259,44.9804721],[9.0402259,44.9813643],[9.039195,44.9813643],[9.039195,44.9804721]]]}},{"type":"Feature","id":"B1112","properties":{"z":"Z071","k":"residential","h":9.7,"dh":0.0,"td":0.0,"t0":0.0,"g":0,"cbd":0,"d":3.904},"geometry":{"type":"Polygon","coordinates":[[[9.040998,44.9804983],[9.0422246,44.9804983],[9.0422246,44.9813381],[9.040998,44.9813381],[9.040998,44.9804983]]]}},{"type":"Feature","id":"B1113","properties":{"z":"Z071","k":"residential","h":12.6,"dh":4.0,"td":0.5,"t0":0.0,"g":0,"cbd":0,"d":3.697},"geometry":{"type":"Polygon","coordinates":[[[9.0391996,44.9818534],[9.0402213,44.9818534],[9.0402213,44.9826712],[9.0391996,44.9826712],[9.0391996,44.9818534]]]}},{"type":"Feature","id":"B1114","properties":{"z":"Z071","k":"residential","h":18.5,"dh":0.0,"td":0.3,"t0":0.0,"g":0,"cbd":0,"d":3.825},"geometry":{"type":"Polygon","coordinates":[[[9.0409603,44.9818869],[9.0422623,44.9818869],[9.0422623,44.9826376],[9.0409603,44.9826376],[9.0409603,44.9818869]]]}},{"type":"Feature","id":"B1115","properties":{"z":"Z072","k":"park","h":0.0,"dh":0.0,"td":0.0,"t0":0.0,"g":0,"cbd":0,"d":4.632},"geometry":{"type":"Polygon","coordinates":[[[8.9577259,44.9701933],[8.9590515,44.9701933],[8.9590515,44.9709595],[8.9577259,44.9709595],[8.9577259,44.9701933]]]}},{"type":"Feature","id":"B1116","properties":{"z":"Z072","k":"industrial","h":12.6,"dh":0.0,"td":0.0,"t0":0.0,"g":0,"cbd":0,"d":4.528},"geometry":{"type":"Polygon","coordinates":[[[8.9597029,44.9701122],[8.9608763,44.9701122],[8.9608763,44.9710405],[8.9597029,44.9710405],[8.9597029,44.9701122]]]}},{"type":"Feature","id":"B1117","properties":{"z":"Z072","k":"industrial","h":8.8,"dh":0.0,"td":0.0,"t0":0.0,"g":0,"cbd":0,"d":4.528},"geometry":{"type":"Polygon","coordinates":[[[8.9578767,44.9714873],[8.9589007,44.9714873],[8.9589007,44.9723536],[8.9578767,44.9723536],[8.9578767,44.9714873]]]}},{"type":"Feature","id":"B1118","properties":{"z":"Z072","k":"industrial","h":8.1,"dh":0.0,"td":0.0,"t0":0.0,"g":0,"cbd":0,"d":4.421},"geometry":{"type":"Polygon","coordinates":[[[8.9596998,44.9715153],[8.9608793,44.9715153],[8.9608793,44.9723257],[8.9596998,44.9723257],[8.9596998,44.9715153]]]}},{"type":"Feature","id":"B1119","properties":{"z":"Z072","k":"industrial","h":7.3,"dh":0.0,"td":0.0,"t0":0.0,"g":0,"cbd":0,"d":4.358},"geometry":{"type":"Polygon","coordinates":[[[8.9628395,44.9700785],[8.9641329,44.9700785],[8.9641329,44.9710743],[8.9628395,44.9710743],[8.9628395,44.9700785]]]}},{"type":"Feature","id":"B1120","properties":{"z":"Z072","k":"industrial","h":13.0,"dh":4.7,"td":0.0,"t0":0.0,"g":0,"cbd":0,"d":4.26},"geometry":{"type":"Polygon","coordinates":[[[8.9648679,44.9700584],[8.9659062,44.9700584],[8.9659062,44.9710944],[8.9648679,44.9710944],[8.9648679,44.9700584]]]}},{"type":"Feature","id":"B1121","properties":{"z":"Z072","k":"industrial","h":15.9,"dh":0.0,"td":0.0,"t0":0.0,"g":0,"cbd":0,"d":4.246},"geometry":{"type":"Polygon","coordinates":[[[8.962829,44.9715648],[8.9641434,44.9715648],[8.9641434,44.9722762],[8.962829,44.9722762],[8.962829,44.9715648]]]}},{"type":"Feature","id":"B1122","properties":{"z":"Z072","k":"industrial","h":7.0,"dh":0.0,"td":0.0,"t0":0.0,"g":0,"cbd":0,"d":4.147},"geometry":{"type":"Polygon","coordinates":[[[8.9648488,44.9714197],[8.9659253,44.9714197],[8.9659253,44.9724213],[8.9648488,44.9724213],[8.9648488,44.9714197]]]}},{"type":"Feature","id":"B1123","properties":{"z":"Z072","k":"park","h":0.0,"dh":0.0,"td":0.0,"t0":0.0,"g":0,"cbd":0,"d":4.358},"geometry":{"type":"Polygon","coordinates":[[[8.957748,44.9737427],[8.9590294,44.9737427],[8.9590294,44.974619],[8.957748,44.974619],[8.957748,44.9737427]]]}},{"type":"Feature","id":"B1124","properties":{"z":"Z072","k":"industrial","h":16.2,"dh":0.0,"td":0.0,"t0":0.0,"g":0,"cbd":0,"d":4.246},"geometry":{"type":"Polygon","coordinates":[[[8.9597301,44.9737465],[8.960849,44.9737465],[8.960849,44.9746152],[8.9597301,44.9746152],[8.9597301,44.9737465]]]}},{"type":"Feature","id":"B1125","properties":{"z":"Z072","k":"industrial","h":13.5,"dh":0.0,"td":0.0,"t0":2.78,"g":0,"cbd":0,"d":4.26},"geometry":{"type":"Polygon","coordinates":[[[8.9576854,44.9750488],[8.959092,44.9750488],[8.959092,44.9760011],[8.9576854,44.9760011],[8.9576854,44.9750488]]]}},{"type":"Feature","id":"B1126","properties":{"z":"Z072","k":"industrial","h":21.3,"dh":0.0,"td":0.1,"t0":4.62,"g":0,"cbd":0,"d":4.147},"geometry":{"type":"Polygon","coordinates":[[[8.9595777,44.9751163],[8.9610014,44.9751163],[8.9610014,44.9759337],[8.9595777,44.9759337],[8.9595777,44.9751163]]]}},{"type":"Feature","id":"B1127","properties":{"z":"Z072","k":"industrial","h":9.8,"dh":0.0,"td":0.0,"t0":0.0,"g":0,"cbd":0,"d":4.065},"geometry":{"type":"Polygon","coordinates":[[[8.9629225,44.9737558],[8.9640499,44.9737558],[8.9640499,44.9746059],[8.9629225,44.9746059],[8.9629225,44.9737558]]]}},{"type":"Feature","id":"B1128","properties":{"z":"Z072","k":"industrial","h":9.4,"dh":0.0,"td":0.0,"t0":0.0,"g":0,"cbd":0,"d":3.96},"geometry":{"type":"Polygon","coordinates":[[[8.9648763,44.9738225],[8.9658978,44.9738225],[8.9658978,44.9745392],[8.9648763,44.9745392],[8.9648763,44.9738225]]]}},{"type":"Feature","id":"B1129","properties":{"z":"Z072","k":"industrial","h":16.3,"dh":0.0,"td":0.0,"t0":4.65,"g":0,"cbd":0,"d":3.96},"geometry":{"type":"Polygon","coordinates":[[[8.9629316,44.9750924],[8.9640408,44.9750924],[8.9640408,44.9759575],[8.9629316,44.9759575],[8.9629316,44.9750924]]]}},{"type":"Feature","id":"B1130","properties":{"z":"Z072","k":"industrial","h":17.1,"dh":0.0,"td":0.0,"t0":0.0,"g":0,"cbd":0,"d":3.853},"geometry":{"type":"Polygon","coordinates":[[[8.9647523,44.9751436],[8.9660218,44.9751436],[8.9660218,44.9759063],[8.9647523,44.9759063],[8.9647523,44.9751436]]]}},{"type":"Feature","id":"B1131","properties":{"z":"Z073","k":"residential","h":7.0,"dh":0.0,"td":0.0,"t0":0.0,"g":0,"cbd":0,"d":4.136},"geometry":{"type":"Polygon","coordinates":[[[8.9672601,44.9700733],[8.9685734,44.9700733],[8.9685734,44.9710795],[8.9672601,44.9710795],[8.9672601,44.9700733]]]}},{"type":"Feature","id":"B1132","properties":{"z":"Z073","k":"park","h":0.0,"dh":0.0,"td":0.0,"t0":0.0,"g":0,"cbd":0,"d":4.046},"geometry":{"type":"Polygon","coordinates":[[[8.969224,44.9701796],[8.9704112,44.9701796],[8.9704112,44.9709732],[8.969224,44.9709732],[8.969224,44.9701796]]]}},{"type":"Feature","id":"B1133","properties":{"z":"Z073","k":"residential","h":7.0,"dh":0.0,"td":0.1,"t0":0.0,"g":0,"cbd":0,"d":4.019},"geometry":{"type":"Polygon","coordinates":[[[8.9672331,44.9714133],[8.9686004,44.9714133],[8.9686004,44.9724277],[8.9672331,44.9724277],[8.9672331,44.9714133]]]}},{"type":"Feature","id":"B1134","properties":{"z":"Z073","k":"residential","h":7.0,"dh":0.0,"td":0.0,"t0":0.0,"g":0,"cbd":0,"d":3.926},"geometry":{"type":"Polygon","coordinates":[[[8.9692266,44.9715241],[8.9704086,44.9715241],[8.9704086,44.9723169],[8.9692266,44.9723169],[8.9692266,44.9715241]]]}},{"type":"Feature","id":"B1135","properties":{"z":"Z073","k":"park","h":0.0,"dh":0.0,"td":0.0,"t0":0.0,"g":0,"cbd":0,"d":3.904},"geometry":{"type":"Polygon","coordinates":[[[8.9724855,44.9701055],[8.973543,44.9701055],[8.973543,44.9710473],[8.9724855,44.9710473],[8.9724855,44.9701055]]]}},{"type":"Feature","id":"B1136","properties":{"z":"Z073","k":"park","h":0.0,"dh":0.0,"td":0.0,"t0":0.0,"g":0,"cbd":0,"d":3.825},"geometry":{"type":"Polygon","coordinates":[[[8.9742297,44.9700574],[8.9756004,44.9700574],[8.9756004,44.9710953],[8.9742297,44.9710953],[8.9742297,44.9700574]]]}},{"type":"Feature","id":"B1137","properties":{"z":"Z073","k":"residential","h":7.9,"dh":0.0,"td":0.2,"t0":0.0,"g":0,"cbd":0,"d":3.779},"geometry":{"type":"Polygon","coordinates":[[[8.9724602,44.9714548],[8.9735683,44.9714548],[8.9735683,44.9723861],[8.9724602,44.9723861],[8.9724602,44.9714548]]]}},{"type":"Feature","id":"B1138","properties":{"z":"Z073","k":"park","h":0.0,"dh":0.0,"td":0.0,"t0":0.0,"g":0,"cbd":0,"d":3.697},"geometry":{"type":"Polygon","coordinates":[[[8.974281,44.9714456],[8.9755491,44.9714456],[8.9755491,44.9723953],[8.974281,44.9723953],[8.974281,44.9714456]]]}},{"type":"Feature","id":"B1139","properties":{"z":"Z073","k":"park","h":0.0,"dh":0.0,"td":0.0,"t0":0.0,"g":0,"cbd":0,"d":3.826},"geometry":{"type":"Polygon","coordinates":[[[8.9673047,44.9737479],[8.9685288,44.9737479],[8.9685288,44.9746138],[8.9673047,44.9746138],[8.9673047,44.9737479]]]}},{"type":"Feature","id":"B1140","properties":{"z":"Z073","k":"park","h":0.0,"dh":0.0,"td":0.0,"t0":0.0,"g":0,"cbd":0,"d":3.729},"geometry":{"type":"Polygon","coordinates":[[[8.9690959,44.973765],[8.9705393,44.973765],[8.9705393,44.9745967],[8.9690959,44.9745967],[8.9690959,44.973765]]]}},{"type":"Feature","id":"B1141","properties":{"z":"Z073","k":"residential","h":10.5,"dh":0.0,"td":0.2,"t0":5.16,"g":0,"cbd":0,"d":3.715},"geometry":{"type":"Polygon","coordinates":[[[8.9673438,44.9750703],[8.9684897,44.9750703],[8.9684897,44.9759796],[8.9673438,44.9759796],[8.9673438,44.9750703]]]}},{"type":"Feature","id":"B1142","properties":{"z":"Z073","k":"residential","h":8.9,"dh":0.0,"td":0.0,"t0":0.0,"g":0,"cbd":0,"d":3.615},"geometry":{"type":"Polygon","coordinates":[[[8.9690827,44.9750107],[8.9705525,44.9750107],[8.9705525,44.9760392],[8.9690827,44.9760392],[8.9690827,44.9750107]]]}},{"type":"Feature","id":"B1143","properties":{"z":"Z073","k":"residential","h":7.7,"dh":0.0,"td":0.3,"t0":0.0,"g":0,"cbd":0,"d":3.574},"geometry":{"type":"Polygon","coordinates":[[[8.9724753,44.9737667],[8.9735532,44.9737667],[8.9735532,44.974595],[8.9724753,44.974595],[8.9724753,44.9737667]]]}},{"type":"Feature","id":"B1144","properties":{"z":"Z073","k":"residential","h":7.0,"dh":3.3,"td":0.0,"t0":0.0,"g":0,"cbd":0,"d":3.487},"geometry":{"type":"Polygon","coordinates":[[[8.9743646,44.9738206],[8.9754655,44.9738206],[8.9754655,44.9745411],[8.9743646,44.9745411],[8.9743646,44.9738206]]]}},{"type":"Feature","id":"B1145","properties":{"z":"Z073","k":"park","h":0.0,"dh":0.0,"td":0.0,"t0":0.0,"g":0,"cbd":0,"d":3.455},"geometry":{"type":"Polygon","coordinates":[[[8.9724466,44.9750613],[8.9735819,44.9750613],[8.9735819,44.9759886],[8.9724466,44.9759886],[8.9724466,44.9750613]]]}},{"type":"Feature","id":"B1146","properties":{"z":"Z073","k":"park","h":0.0,"dh":0.0,"td":0.0,"t0":0.0,"g":0,"cbd":0,"d":3.365},"geometry":{"type":"Polygon","coordinates":[[[8.9743516,44.9750679],[8.9754785,44.9750679],[8.9754785,44.975982],[8.9743516,44.975982],[8.9743516,44.9750679]]]}},{"type":"Feature","id":"B1147","properties":{"z":"Z074","k":"residential","h":13.4,"dh":0.0,"td":0.0,"t0":0.0,"g":0,"cbd":0,"d":3.726},"geometry":{"type":"Polygon","coordinates":[[[8.9769205,44.9701173],[8.977969,44.9701173],[8.977969,44.9710355],[8.9769205,44.9710355],[8.9769205,44.9701173]]]}},{"type":"Feature","id":"B1148","properties":{"z":"Z074","k":"residential","h":13.7,"dh":5.2,"td":0.0,"t0":0.0,"g":0,"cbd":0,"d":3.657},"geometry":{"type":"Polygon","coordinates":[[[8.9787626,44.9700817],[8.9799287,44.9700817],[8.9799287,44.9710711],[8.9787626,44.9710711],[8.9787626,44.9700817]]]}},{"type":"Feature","id":"B1149","properties":{"z":"Z074","k":"residential","h":13.1,"dh":0.0,"td":0.0,"t0":0.0,"g":0,"cbd":0,"d":3.595},"geometry":{"type":"Polygon","coordinates":[[[8.9767302,44.9715625],[8.9781594,44.9715625],[8.9781594,44.9722785],[8.9767302,44.9722785],[8.9767302,44.9715625]]]}},{"type":"Feature","id":"B1150","properties":{"z":"Z074","k":"residential","h":14.5,"dh":0.0,"td":0.0,"t0":0.0,"g":0,"cbd":0,"d":3.523},"geometry":{"type":"Polygon","coordinates":[[[8.9786506,44.9714805],[8.9800406,44.9714805],[8.9800406,44.9723604],[8.9786506,44.9723604],[8.9786506,44.9714805]]]}},{"type":"Feature","id":"B1151","properties":{"z":"Z074","k":"residential","h":16.8,"dh":0.0,"td":0.5,"t0":0.0,"g":0,"cbd":0,"d":3.552},"geometry":{"type":"Polygon","coordinates":[[[8.9818261,44.9701648],[8.9832584,44.9701648],[8.9832584,44.9709879],[8.9818261,44.9709879],[8.9818261,44.9701648]]]}},{"type":"Feature","id":"B1152","properties":{"z":"Z074","k":"residential","h":13.1,"dh":0.0,"td":0.0,"t0":0.0,"g":0,"cbd":0,"d":3.497},"geometry":{"type":"Polygon","coordinates":[[[8.9837086,44.9701927],[8.9851776,44.9701927],[8.9851776,44.9709601],[8.9837086,44.9709601],[8.9837086,44.9701927]]]}},{"type":"Feature","id":"B1153","properties":{"z":"Z074","k":"residential","h":19.0,"dh":0.0,"td":0.0,"t0":0.0,"g":0,"cbd":0,"d":3.415},"geometry":{"type":"Polygon","coordinates":[[[8.9819533,44.9714092],[8.9831312,44.9714092],[8.9831312,44.9724317],[8.9819533,44.9724317],[8.9819533,44.9714092]]]}},{"type":"Feature","id":"B1154","properties":{"z":"Z074","k":"park","h":0.0,"dh":0.0,"td":0.0,"t0":0.0,"g":0,"cbd":0,"d":3.357},"geometry":{"type":"Polygon","coordinates":[[[8.9839292,44.9715629],[8.984957,44.9715629],[8.984957,44.9722781],[8.9839292,44.9722781],[8.9839292,44.9715629]]]}},{"type":"Feature","id":"B1155","properties":{"z":"Z074","k":"residential","h":11.0,"dh":1.8,"td":0.4,"t0":0.0,"g":0,"cbd":0,"d":3.378},"geometry":{"type":"Polygon","coordinates":[[[8.9767617,44.9736889],[8.9781279,44.9736889],[8.9781279,44.9746728],[8.9767617,44.9746728],[8.9767617,44.9736889]]]}},{"type":"Feature","id":"B1156","properties":{"z":"Z074","k":"residential","h":16.5,"dh":0.0,"td":0.0,"t0":0.0,"g":0,"cbd":0,"d":3.302},"geometry":{"type":"Polygon","coordinates":[[[8.9786412,44.9737321],[8.98005,44.9737321],[8.98005,44.9746296],[8.9786412,44.9746296],[8.9786412,44.9737321]]]}},{"type":"Feature","id":"B1157","properties":{"z":"Z074","k":"residential","h":18.4,"dh":0.0,"td":0.0,"t0":0.0,"g":0,"cbd":0,"d":3.252},"geometry":{"type":"Polygon","coordinates":[[[8.97674,44.9751058],[8.9781496,44.9751058],[8.9781496,44.9759441],[8.97674,44.9759441],[8.97674,44.9751058]]]}},{"type":"Feature","id":"B1158","properties":{"z":"Z074","k":"residential","h":7.8,"dh":0.0,"td":0.5,"t0":0.0,"g":0,"cbd":0,"d":3.173},"geometry":{"type":"Polygon","coordinates":[[[8.9787883,44.9750158],[8.9799029,44.9750158],[8.9799029,44.9760341],[8.9787883,44.9760341],[8.9787883,44.9750158]]]}},{"type":"Feature","id":"B1159","properties":{"z":"Z074","k":"residential","h":11.6,"dh":0.0,"td":0.8,"t0":0.0,"g":0,"cbd":0,"d":3.186},"geometry":{"type":"Polygon","coordinates":[[[8.9820402,44.9737633],[8.9830443,44.9737633],[8.9830443,44.9745984],[8.9820402,44.9745984],[8.9820402,44.9737633]]]}},{"type":"Feature","id":"B1160","properties":{"z":"Z074","k":"residential","h":16.5,"dh":0.0,"td":0.0,"t0":0.0,"g":0,"cbd":0,"d":3.124},"geometry":{"type":"Polygon","coordinates":[[[8.9838075,44.9737338],[8.9850788,44.9737338],[8.9850788,44.9746279],[8.9838075,44.9746279],[8.9838075,44.9737338]]]}},{"type":"Feature","id":"B1161","properties":{"z":"Z074","k":"residential","h":16.9,"dh":0.0,"td":0.0,"t0":0.0,"g":0,"cbd":0,"d":3.051},"geometry":{"type":"Polygon","coordinates":[[[8.9819053,44.9751375],[8.9831792,44.9751375],[8.9831792,44.9759124],[8.9819053,44.9759124],[8.9819053,44.9751375]]]}},{"type":"Feature","id":"B1162","properties":{"z":"Z074","k":"park","h":0.0,"dh":0.0,"td":0.0,"t0":0.0,"g":0,"cbd":0,"d":2.987},"geometry":{"type":"Polygon","coordinates":[[[8.9838318,44.9750689],[8.9850544,44.9750689],[8.9850544,44.975981],[8.9838318,44.975981],[8.9838318,44.9750689]]]}},{"type":"Feature","id":"B1163","properties":{"z":"Z075","k":"park","h":0.0,"dh":0.0,"td":0.0,"t0":0.0,"g":0,"cbd":0,"d":3.432},"geometry":{"type":"Polygon","coordinates":[[[8.9863604,44.9701149],[8.9875852,44.9701149],[8.9875852,44.9710378],[8.9863604,44.9710378],[8.9863604,44.9701149]]]}},{"type":"Feature","id":"B1164","properties":{"z":"Z075","k":"industrial","h":7.0,"dh":0.0,"td":0.0,"t0":0.0,"g":0,"cbd":0,"d":3.391},"geometry":{"type":"Polygon","coordinates":[[[8.9883704,44.970107],[8.9893769,44.970107],[8.9893769,44.9710457],[8.9883704,44.9710457],[8.9883704,44.970107]]]}},{"type":"Feature","id":"B1165","properties":{"z":"Z075","k":"industrial","h":15.0,"dh":0.0,"td":0.0,"t0":0.0,"g":0,"cbd":0,"d":3.29},"geometry":{"type":"Polygon","coordinates":[[[8.9863513,44.9714153],[8.9875943,44.9714153],[8.9875943,44.9724256],[8.9863513,44.9724256],[8.9863513,44.9714153]]]}},{"type":"Feature","id":"B1166","properties":{"z":"Z075","k":"industrial","h":14.7,"dh":0.0,"td":0.0,"t0":0.0,"g":0,"cbd":0,"d":3.246},"geometry":{"type":"Polygon","coordinates":[[[8.9882492,44.9714804],[8.9894981,44.9714804],[8.9894981,44.9723605],[8.9882492,44.9723605],[8.9882492,44.9714804]]]}},{"type":"Feature","id":"B1167","properties":{"z":"Z075","k":"industrial","h":15.2,"dh":0.0,"td":0.0,"t0":0.0,"g":0,"cbd":0,"d":3.334},"geometry":{"type":"Polygon","coordinates":[[[8.9914229,44.970205],[8.9927177,44.970205],[8.9927177,44.9709478],[8.9914229,44.9709478],[8.9914229,44.970205]]]}},{"type":"Feature","id":"B1168","properties":{"z":"Z075","k":"industrial","h":7.4,"dh":0.0,"td":0.0,"t0":0.0,"g":0,"cbd":0,"d":3.31},"geometry":{"type":"Polygon","coordinates":[[[8.9932433,44.9701464],[8.994699,44.9701464],[8.994699,44.9710064],[8.9932433,44.9710064],[8.9932433,44.9701464]]]}},{"type":"Feature","id":"B1169","properties":{"z":"Z075","k":"industrial","h":8.0,"dh":0.0,"td":0.4,"t0":0.0,"g":0,"cbd":0,"d":3.188},"geometry":{"type":"Polygon","coordinates":[[[8.9915028,44.9715249],[8.9926378,44.9715249],[8.9926378,44.9723161],[8.9915028,44.9723161],[8.9915028,44.9715249]]]}},{"type":"Feature","id":"B1170","properties":{"z":"Z075","k":"industrial","h":11.7,"dh":0.0,"td":0.0,"t0":0.0,"g":0,"cbd":0,"d":3.162},"geometry":{"type":"Polygon","coordinates":[[[8.9933558,44.9714605],[8.9945864,44.9714605],[8.9945864,44.9723805],[8.9933558,44.9723805],[8.9933558,44.9714605]]]}},{"type":"Feature","id":"B1171","properties":{"z":"Z075","k":"industrial","h":13.3,"dh":0.0,"td":0.0,"t0":0.0,"g":0,"cbd":0,"d":3.052},"geometry":{"type":"Polygon","coordinates":[[[8.9862786,44.9737883],[8.987667,44.9737883],[8.987667,44.9745734],[8.9862786,44.9745734],[8.9862786,44.9737883]]]}},{"type":"Feature","id":"B1172","properties":{"z":"Z075","k":"industrial","h":13.8,"dh":9.5,"td":0.0,"t0":0.0,"g":0,"cbd":0,"d":3.005},"geometry":{"type":"Polygon","coordinates":[[[8.9882244,44.9737901],[8.9895229,44.9737901],[8.9895229,44.9745716],[8.9882244,44.9745716],[8.9882244,44.9737901]]]}},{"type":"Feature","id":"B1173","properties":{"z":"Z075","k":"industrial","h":11.0,"dh":0.0,"td":0.0,"t0":0.0,"g":0,"cbd":0,"d":2.911},"geometry":{"type":"Polygon","coordinates":[[[8.9863883,44.9751422],[8.9875573,44.9751422],[8.9875573,44.9759077],[8.9863883,44.9759077],[8.9863883,44.9751422]]]}},{"type":"Feature","id":"B1174","properties":{"z":"Z075","k":"industrial","h":10.6,"dh":7.9,"td":0.0,"t0":0.0,"g":0,"cbd":0,"d":2.862},"geometry":{"type":"Polygon","coordinates":[[[8.9882228,44.9750742],[8.9895245,44.9750742],[8.9895245,44.9759757],[8.9882228,44.9759757],[8.9882228,44.9750742]]]}},{"type":"Feature","id":"B1175","properties":{"z":"Z075","k":"industrial","h":15.2,"dh":0.0,"td":0.7,"t0":0.0,"g":0,"cbd":0,"d":2.941},"geometry":{"type":"Polygon","coordinates":[[[8.9914655,44.9737669],[8.9926751,44.9737669],[8.9926751,44.9745948],[8.9914655,44.9745948],[8.9914655,44.9737669]]]}},{"type":"Feature","id":"B1176","properties":{"z":"Z075","k":"industrial","h":21.3,"dh":0.0,"td":1.5,"t0":3.68,"g":0,"cbd":0,"d":2.913},"geometry":{"type":"Polygon","coordinates":[[[8.9934349,44.9737669],[8.9945074,44.9737669],[8.9945074,44.9745948],[8.9934349,44.9745948],[8.9934349,44.9737669]]]}},{"type":"Feature","id":"B1177","properties":{"z":"Z075","k":"industrial","h":10.9,"dh":0.0,"td":1.2,"t0":0.0,"g":0,"cbd":0,"d":2.795},"geometry":{"type":"Polygon","coordinates":[[[8.9914107,44.9750482],[8.9927299,44.9750482],[8.9927299,44.9760017],[8.9914107,44.9760017],[8.9914107,44.9750482]]]}},{"type":"Feature","id":"B1178","properties":{"z":"Z075","k":"industrial","h":20.5,"dh":0.0,"td":0.0,"t0":8.26,"g":0,"cbd":0,"d":2.766},"geometry":{"type":"Polygon","coordinates":[[[8.9933645,44.9751007],[8.9945778,44.9751007],[8.9945778,44.9759492],[8.9933645,44.9759492],[8.9933645,44.9751007]]]}},{"type":"Feature","id":"B1179","properties":{"z":"Z076","k":"park","h":0.0,"dh":0.0,"td":0.0,"t0":0.0,"g":0,"cbd":0,"d":3.287},"geometry":{"type":"Polygon","coordinates":[[[8.9959775,44.9702044],[8.9970242,44.9702044],[8.9970242,44.9709484],[8.9959775,44.9709484],[8.9959775,44.9702044]]]}},{"type":"Feature","id":"B1180","properties":{"z":"Z076","k":"park","h":0.0,"dh":0.0,"td":0.0,"t0":0.0,"g":0,"cbd":0,"d":3.278},"geometry":{"type":"Polygon","coordinates":[[[8.9976682,44.9701593],[8.9991352,44.9701593],[8.9991352,44.9709934],[8.9976682,44.9709934],[8.9976682,44.9701593]]]}},{"type":"Feature","id":"B1181","properties":{"z":"Z076","k":"park","h":0.0,"dh":0.0,"td":0.0,"t0":0.0,"g":0,"cbd":0,"d":3.138},"geometry":{"type":"Polygon","coordinates":[[[8.9958994,44.9715377],[8.9971022,44.9715377],[8.9971022,44.9723033],[8.9958994,44.9723033],[8.9958994,44.9715377]]]}},{"type":"Feature","id":"B1182","properties":{"z":"Z076","k":"park","h":0.0,"dh":0.0,"td":0.0,"t0":0.0,"g":0,"cbd":0,"d":3.128},"geometry":{"type":"Polygon","coordinates":[[[8.9978636,44.9714516],[8.9989397,44.9714516],[8.9989397,44.9723893],[8.9978636,44.9723893],[8.9978636,44.9714516]]]}},{"type":"Feature","id":"B1183","properties":{"z":"Z076","k":"park","h":0.0,"dh":0.0,"td":0.0,"t0":0.0,"g":0,"cbd":0,"d":3.278},"geometry":{"type":"Polygon","coordinates":[[[9.0008713,44.9700738],[9.0023253,44.9700738],[9.0023253,44.971079],[9.0008713,44.971079],[9.0008713,44.9700738]]]}},{"type":"Feature","id":"B1184","properties":{"z":"Z076","k":"park","h":0.0,"dh":0.0,"td":0.0,"t0":0.0,"g":0,"cbd":0,"d":3.128},"geometry":{"type":"Polygon","coordinates":[[[9.0009028,44.9714481],[9.0022938,44.9714481],[9.0022938,44.9723929],[9.0009028,44.9723929],[9.0009028,44.9714481]]]}},{"type":"Feature","id":"B1185","properties":{"z":"Z076","k":"park","h":0.0,"dh":0.0,"td":0.0,"t0":0.0,"g":0,"cbd":0,"d":2.887},"geometry":{"type":"Polygon","coordinates":[[[8.9959219,44.9736855],[8.9970798,44.9736855],[8.9970798,44.9746762],[8.9959219,44.9746762],[8.9959219,44.9736855]]]}},{"type":"Feature","id":"B1186","properties":{"z":"Z076","k":"park","h":0.0,"dh":0.0,"td":0.0,"t0":0.0,"g":0,"cbd":0,"d":2.877},"geometry":{"type":"Polygon","coordinates":[[[8.9978016,44.9737804],[8.9990017,44.9737804],[8.9990017,44.9745813],[8.9978016,44.9745813],[8.9978016,44.9737804]]]}},{"type":"Feature","id":"B1187","properties":{"z":"Z076","k":"park","h":0.0,"dh":0.0,"td":0.0,"t0":0.0,"g":0,"cbd":0,"d":2.738},"geometry":{"type":"Polygon","coordinates":[[[8.9957763,44.9751154],[8.9972253,44.9751154],[8.9972253,44.9759345],[8.9957763,44.9759345],[8.9957763,44.9751154]]]}},{"type":"Feature","id":"B1188","properties":{"z":"Z076","k":"park","h":0.0,"dh":0.0,"td":0.0,"t0":0.0,"g":0,"cbd":0,"d":2.727},"geometry":{"type":"Polygon","coordinates":[[[8.9978826,44.975119],[8.9989207,44.975119],[8.9989207,44.9759309],[8.9978826,44.9759309],[8.9978826,44.975119]]]}},{"type":"Feature","id":"B1189","properties":{"z":"Z076","k":"park","h":0.0,"dh":0.0,"td":0.0,"t0":0.0,"g":0,"cbd":0,"d":2.877},"geometry":{"type":"Polygon","coordinates":[[[9.0009584,44.9736698],[9.0022382,44.9736698],[9.0022382,44.9746919],[9.0009584,44.9746919],[9.0009584,44.9736698]]]}},{"type":"Feature","id":"B1190","properties":{"z":"Z076","k":"park","h":0.0,"dh":0.0,"td":0.0,"t0":0.0,"g":0,"cbd":0,"d":2.727},"geometry":{"type":"Polygon","coordinates":[[[9.0010755,44.9751294],[9.0021211,44.9751294],[9.0021211,44.9759205],[9.0010755,44.9759205],[9.0010755,44.9751294]]]}},{"type":"Feature","id":"B1191","properties":{"z":"Z077","k":"park","h":0.0,"dh":0.0,"td":0.0,"t0":0.0,"g":0,"cbd":0,"d":3.334},"geometry":{"type":"Polygon","coordinates":[[[9.007287,44.9701946],[9.0085724,44.9701946],[9.0085724,44.9709581],[9.007287,44.9709581],[9.007287,44.9701946]]]}},{"type":"Feature","id":"B1192","properties":{"z":"Z077","k":"park","h":0.0,"dh":0.0,"td":0.0,"t0":0.0,"g":0,"cbd":0,"d":3.188},"geometry":{"type":"Polygon","coordinates":[[[9.0074196,44.9714573],[9.0084398,44.9714573],[9.0084398,44.9723837],[9.0074196,44.9723837],[9.0074196,44.9714573]]]}},{"type":"Feature","id":"B1193","properties":{"z":"Z077","k":"park","h":0.0,"dh":0.0,"td":0.0,"t0":0.0,"g":0,"cbd":0,"d":3.391},"geometry":{"type":"Polygon","coordinates":[[[9.0104847,44.9700909],[9.011768,44.9700909],[9.011768,44.9710619],[9.0104847,44.9710619],[9.0104847,44.9700909]]]}},{"type":"Feature","id":"B1194","properties":{"z":"Z077","k":"park","h":0.0,"dh":0.0,"td":0.0,"t0":0.0,"g":0,"cbd":0,"d":3.432},"geometry":{"type":"Polygon","coordinates":[[[9.0124763,44.9700872],[9.0135781,44.9700872],[9.0135781,44.9710655],[9.0124763,44.9710655],[9.0124763,44.9700872]]]}},{"type":"Feature","id":"B1195","properties":{"z":"Z077","k":"residential","h":7.0,"dh":0.0,"td":0.0,"t0":0.0,"g":0,"cbd":0,"d":3.246},"geometry":{"type":"Polygon","coordinates":[[[9.0104571,44.9714959],[9.0117956,44.9714959],[9.0117956,44.972345],[9.0104571,44.972345],[9.0104571,44.9714959]]]}},{"type":"Feature","id":"B1196","properties":{"z":"Z077","k":"park","h":0.0,"dh":0.0,"td":0.0,"t0":0.0,"g":0,"cbd":0,"d":3.29},"geometry":{"type":"Polygon","coordinates":[[[9.0123432,44.9714384],[9.0137112,44.9714384],[9.0137112,44.9724026],[9.0123432,44.9724026],[9.0123432,44.9714384]]]}},{"type":"Feature","id":"B1197","properties":{"z":"Z077","k":"residential","h":7.0,"dh":0.0,"td":0.5,"t0":0.0,"g":0,"cbd":0,"d":2.795},"geometry":{"type":"Polygon","coordinates":[[[9.0072411,44.9750809],[9.0086183,44.9750809],[9.0086183,44.975969],[9.0072411,44.975969],[9.0072411,44.9750809]]]}},{"type":"Feature","id":"B1198","properties":{"z":"Z077","k":"park","h":0.0,"dh":0.0,"td":0.0,"t0":0.0,"g":0,"cbd":0,"d":3.005},"geometry":{"type":"Polygon","coordinates":[[[9.0104028,44.9737749],[9.0118499,44.9737749],[9.0118499,44.9745868],[9.0104028,44.9745868],[9.0104028,44.9737749]]]}},{"type":"Feature","id":"B1199","properties":{"z":"Z077","k":"residential","h":7.0,"dh":5.0,"td":0.0,"t0":0.0,"g":0,"cbd":0,"d":3.052},"geometry":{"type":"Polygon","coordinates":[[[9.0124789,44.97378],[9.0135755,44.97378],[9.0135755,44.9745817],[9.0124789,44.9745817],[9.0124789,44.97378]]]}},{"type":"Feature","id":"B1200","properties":{"z":"Z077","k":"park","h":0.0,"dh":0.0,"td":0.0,"t0":0.0,"g":0,"cbd":0,"d":2.862},"geometry":{"type":"Polygon","coordinates":[[[9.0105061,44.9750645],[9.0117466,44.9750645],[9.0117466,44.9759854],[9.0105061,44.9759854],[9.0105061,44.9750645]]]}},{"type":"Feature","id":"B1201","properties":{"z":"Z077","k":"park","h":0.0,"dh":0.0,"td":0.0,"t0":0.0,"g":0,"cbd":0,"d":2.911},"geometry":{"type":"Polygon","coordinates":[[[9.0124212,44.9751327],[9.0136332,44.9751327],[9.0136332,44.9759172],[9.0124212,44.9759172],[9.0124212,44.9751327]]]}},{"type":"Feature","id":"B1202","properties":{"z":"Z078","k":"residential","h":17.2,"dh":0.0,"td":0.5,"t0":0.0,"g":0,"cbd":0,"d":3.497},"geometry":{"type":"Polygon","coordinates":[[[9.0148443,44.9701696],[9.0162695,44.9701696],[9.0162695,44.9709831],[9.0148443,44.9709831],[9.0148443,44.9701696]]]}},{"type":"Feature","id":"B1203","properties":{"z":"Z078","k":"residential","h":16.2,"dh":0.0,"td":0.0,"t0":0.0,"g":0,"cbd":0,"d":3.552},"geometry":{"type":"Polygon","coordinates":[[[9.0168594,44.9701307],[9.0180561,44.9701307],[9.0180561,44.9710221],[9.0168594,44.9710221],[9.0168594,44.9701307]]]}},{"type":"Feature","id":"B1204","properties":{"z":"Z078","k":"residential","h":13.0,"dh":0.0,"td":0.0,"t0":0.0,"g":0,"cbd":0,"d":3.357},"geometry":{"type":"Polygon","coordinates":[[[9.0149577,44.9714029],[9.016156,44.9714029],[9.016156,44.9724381],[9.0149577,44.9724381],[9.0149577,44.9714029]]]}},{"type":"Feature","id":"B1205","properties":{"z":"Z078","k":"residential","h":8.2,"dh":0.0,"td":0.1,"t0":0.0,"g":0,"cbd":0,"d":3.415},"geometry":{"type":"Polygon","coordinates":[[[9.0168952,44.9715033],[9.0180203,44.9715033],[9.0180203,44.9723377],[9.0168952,44.9723377],[9.0168952,44.9715033]]]}},{"type":"Feature","id":"B1206","properties":{"z":"Z078","k":"residential","h":16.6,"dh":0.0,"td":0.2,"t0":4.96,"g":0,"cbd":0,"d":3.657},"geometry":{"type":"Polygon","coordinates":[[[9.0199505,44.970085],[9.0213582,44.970085],[9.0213582,44.9710678],[9.0199505,44.9710678],[9.0199505,44.970085]]]}},{"type":"Feature","id":"B1207","properties":{"z":"Z078","k":"park","h":0.0,"dh":0.0,"td":0.0,"t0":0.0,"g":0,"cbd":0,"d":3.726},"geometry":{"type":"Polygon","coordinates":[[[9.0218548,44.9701225],[9.0232556,44.9701225],[9.0232556,44.9710303],[9.0218548,44.9710303],[9.0218548,44.9701225]]]}},{"type":"Feature","id":"B1208","properties":{"z":"Z078","k":"residential","h":18.3,"dh":0.0,"td":0.6,"t0":0.0,"g":0,"cbd":0,"d":3.523},"geometry":{"type":"Polygon","coordinates":[[[9.0200271,44.9714273],[9.0212816,44.9714273],[9.0212816,44.9724137],[9.0200271,44.9724137],[9.0200271,44.9714273]]]}},{"type":"Feature","id":"B1209","properties":{"z":"Z078","k":"residential","h":9.3,"dh":0.0,"td":0.0,"t0":0.0,"g":0,"cbd":0,"d":3.595},"geometry":{"type":"Polygon","coordinates":[[[9.0219966,44.9714802],[9.0231139,44.9714802],[9.0231139,44.9723608],[9.0219966,44.9723608],[9.0219966,44.9714802]]]}},{"type":"Feature","id":"B1210","properties":{"z":"Z078","k":"residential","h":14.3,"dh":0.0,"td":0.0,"t0":2.53,"g":0,"cbd":0,"d":3.124},"geometry":{"type":"Polygon","coordinates":[[[9.0149233,44.9737453],[9.0161905,44.9737453],[9.0161905,44.9746164],[9.0149233,44.9746164],[9.0149233,44.9737453]]]}},{"type":"Feature","id":"B1211","properties":{"z":"Z078","k":"residential","h":16.1,"dh":0.0,"td":1.1,"t0":0.0,"g":0,"cbd":0,"d":3.186},"geometry":{"type":"Polygon","coordinates":[[[9.0167943,44.9737189],[9.0181211,44.9737189],[9.0181211,44.9746428],[9.0167943,44.9746428],[9.0167943,44.9737189]]]}},{"type":"Feature","id":"B1212","properties":{"z":"Z078","k":"residential","h":8.2,"dh":0.0,"td":0.0,"t0":0.0,"g":0,"cbd":0,"d":2.987},"geometry":{"type":"Polygon","coordinates":[[[9.0149196,44.9751657],[9.0161941,44.9751657],[9.0161941,44.9758842],[9.0149196,44.9758842],[9.0149196,44.9751657]]]}},{"type":"Feature","id":"B1213","properties":{"z":"Z078","k":"residential","h":19.8,"dh":0.0,"td":0.0,"t0":0.0,"g":0,"cbd":0,"d":3.051},"geometry":{"type":"Polygon","coordinates":[[[9.0167884,44.9751428],[9.018127,44.9751428],[9.018127,44.9759071],[9.0167884,44.9759071],[9.0167884,44.9751428]]]}},{"type":"Feature","id":"B1214","properties":{"z":"Z078","k":"residential","h":7.8,"dh":0.0,"td":0.2,"t0":0.0,"g":0,"cbd":0,"d":3.302},"geometry":{"type":"Polygon","coordinates":[[[9.0200805,44.9737811],[9.0212283,44.9737811],[9.0212283,44.9745806],[9.0200805,44.9745806],[9.0200805,44.9737811]]]}},{"type":"Feature","id":"B1215","properties":{"z":"Z078","k":"residential","h":12.6,"dh":0.0,"td":0.4,"t0":0.0,"g":0,"cbd":0,"d":3.378},"geometry":{"type":"Polygon","coordinates":[[[9.0219469,44.9736782],[9.0231636,44.9736782],[9.0231636,44.9746835],[9.0219469,44.9746835],[9.0219469,44.9736782]]]}},{"type":"Feature","id":"B1216","properties":{"z":"Z078","k":"residential","h":11.6,"dh":0.0,"td":0.0,"t0":0.0,"g":0,"cbd":0,"d":3.173},"geometry":{"type":"Polygon","coordinates":[[[9.0200608,44.9751473],[9.021248,44.9751473],[9.021248,44.9759026],[9.0200608,44.9759026],[9.0200608,44.9751473]]]}},{"type":"Feature","id":"B1217","properties":{"z":"Z078","k":"residential","h":17.7,"dh":0.0,"td":0.5,"t0":0.0,"g":0,"cbd":0,"d":3.252},"geometry":{"type":"Polygon","coordinates":[[[9.0220075,44.9751391],[9.023103,44.9751391],[9.023103,44.9759108],[9.0220075,44.9759108],[9.0220075,44.9751391]]]}},{"type":"Feature","id":"B1218","properties":{"z":"Z079","k":"residential","h":7.0,"dh":0.0,"td":0.2,"t0":0.0,"g":0,"cbd":0,"d":3.825},"geometry":{"type":"Polygon","coordinates":[[[9.0244993,44.9701068],[9.0256705,44.9701068],[9.0256705,44.971046],[9.0244993,44.971046],[9.0244993,44.9701068]]]}},{"type":"Feature","id":"B1219","properties":{"z":"Z079","k":"residential","h":8.9,"dh":2.5,"td":0.0,"t0":0.0,"g":0,"cbd":0,"d":3.904},"geometry":{"type":"Polygon","coordinates":[[[9.0264193,44.9701503],[9.0275522,44.9701503],[9.0275522,44.9710024],[9.0264193,44.9710024],[9.0264193,44.9701503]]]}},{"type":"Feature","id":"B1220","properties":{"z":"Z079","k":"park","h":0.0,"dh":0.0,"td":0.0,"t0":0.0,"g":0,"cbd":0,"d":3.697},"geometry":{"type":"Polygon","coordinates":[[[9.0243765,44.9715067],[9.0257933,44.9715067],[9.0257933,44.9723343],[9.0243765,44.9723343],[9.0243765,44.9715067]]]}},{"type":"Feature","id":"B1221","properties":{"z":"Z079","k":"residential","h":8.1,"dh":0.0,"td":0.0,"t0":0.0,"g":0,"cbd":0,"d":3.779},"geometry":{"type":"Polygon","coordinates":[[[9.0263407,44.9715364],[9.0276308,44.9715364],[9.0276308,44.9723045],[9.0263407,44.9723045],[9.0263407,44.9715364]]]}},{"type":"Feature","id":"B1222","properties":{"z":"Z079","k":"residential","h":7.0,"dh":0.0,"td":0.0,"t0":0.0,"g":0,"cbd":0,"d":4.046},"geometry":{"type":"Polygon","coordinates":[[[9.0295889,44.9700692],[9.0307759,44.9700692],[9.0307759,44.9710836],[9.0295889,44.9710836],[9.0295889,44.9700692]]]}},{"type":"Feature","id":"B1223","properties":{"z":"Z079","k":"residential","h":9.6,"dh":0.0,"td":0.0,"t0":0.0,"g":0,"cbd":0,"d":4.136},"geometry":{"type":"Polygon","coordinates":[[[9.0315082,44.9700835],[9.0326583,44.9700835],[9.0326583,44.9710693],[9.0315082,44.9710693],[9.0315082,44.9700835]]]}},{"type":"Feature","id":"B1224","properties":{"z":"Z079","k":"park","h":0.0,"dh":0.0,"td":0.0,"t0":0.0,"g":0,"cbd":0,"d":3.926},"geometry":{"type":"Polygon","coordinates":[[[9.0296397,44.9715556],[9.0307252,44.9715556],[9.0307252,44.9722854],[9.0296397,44.9722854],[9.0296397,44.9715556]]]}},{"type":"Feature","id":"B1225","properties":{"z":"Z079","k":"park","h":0.0,"dh":0.0,"td":0.0,"t0":0.0,"g":0,"cbd":0,"d":4.019},"geometry":{"type":"Polygon","coordinates":[[[9.0313671,44.9714619],[9.0327994,44.9714619],[9.0327994,44.9723791],[9.0313671,44.9723791],[9.0313671,44.9714619]]]}},{"type":"Feature","id":"B1226","properties":{"z":"Z079","k":"park","h":0.0,"dh":0.0,"td":0.0,"t0":0.0,"g":0,"cbd":0,"d":3.487},"geometry":{"type":"Polygon","coordinates":[[[9.0244348,44.9736882],[9.025735,44.9736882],[9.025735,44.9746735],[9.0244348,44.9746735],[9.0244348,44.9736882]]]}},{"type":"Feature","id":"B1227","properties":{"z":"Z079","k":"park","h":0.0,"dh":0.0,"td":0.0,"t0":0.0,"g":0,"cbd":0,"d":3.574},"geometry":{"type":"Polygon","coordinates":[[[9.026283,44.9737391],[9.0276885,44.9737391],[9.0276885,44.9746226],[9.026283,44.9746226],[9.026283,44.9737391]]]}},{"type":"Feature","id":"B1228","properties":{"z":"Z079","k":"residential","h":7.0,"dh":0.0,"td":0.0,"t0":0.0,"g":0,"cbd":0,"d":3.365},"geometry":{"type":"Polygon","coordinates":[[[9.0245193,44.97504],[9.0256506,44.97504],[9.0256506,44.9760099],[9.0245193,44.9760099],[9.0245193,44.97504]]]}},{"type":"Feature","id":"B1229","properties":{"z":"Z079","k":"park","h":0.0,"dh":0.0,"td":0.0,"t0":0.0,"g":0,"cbd":0,"d":3.455},"geometry":{"type":"Polygon","coordinates":[[[9.0263786,44.9751066],[9.0275929,44.9751066],[9.0275929,44.9759433],[9.0263786,44.9759433],[9.0263786,44.9751066]]]}},{"type":"Feature","id":"B1230","properties":{"z":"Z079","k":"park","h":0.0,"dh":0.0,"td":0.0,"t0":0.0,"g":0,"cbd":0,"d":3.729},"geometry":{"type":"Polygon","coordinates":[[[9.0295583,44.973799],[9.0308065,44.973799],[9.0308065,44.9745627],[9.0295583,44.9745627],[9.0295583,44.973799]]]}},{"type":"Feature","id":"B1231","properties":{"z":"Z079","k":"residential","h":7.0,"dh":0.0,"td":0.1,"t0":0.0,"g":0,"cbd":0,"d":3.826},"geometry":{"type":"Polygon","coordinates":[[[9.0314046,44.9737159],[9.032762,44.9737159],[9.032762,44.9746458],[9.0314046,44.9746458],[9.0314046,44.9737159]]]}},{"type":"Feature","id":"B1232","properties":{"z":"Z079","k":"park","h":0.0,"dh":0.0,"td":0.0,"t0":0.0,"g":0,"cbd":0,"d":3.615},"geometry":{"type":"Polygon","coordinates":[[[9.0296438,44.97508],[9.030721,44.97508],[9.030721,44.9759699],[9.0296438,44.9759699],[9.0296438,44.97508]]]}},{"type":"Feature","id":"B1233","properties":{"z":"Z079","k":"park","h":0.0,"dh":0.0,"td":0.0,"t0":0.0,"g":0,"cbd":0,"d":3.715},"geometry":{"type":"Polygon","coordinates":[[[9.0314532,44.9750134],[9.0327133,44.9750134],[9.0327133,44.9760365],[9.0314532,44.9760365],[9.0314532,44.9750134]]]}},{"type":"Feature","id":"B1234","properties":{"z":"Z080","k":"residential","h":11.4,"dh":0.0,"td":0.0,"t0":0.0,"g":0,"cbd":0,"d":4.26},"geometry":{"type":"Polygon","coordinates":[[[9.0340712,44.9701819],[9.0351547,44.9701819],[9.0351547,44.9709709],[9.0340712,44.9709709],[9.0340712,44.9701819]]]}},{"type":"Feature","id":"B1235","properties":{"z":"Z080","k":"residential","h":14.5,"dh":0.0,"td":0.1,"t0":0.0,"g":0,"cbd":0,"d":4.358},"geometry":{"type":"Polygon","coordinates":[[[9.0358965,44.9701965],[9.0371311,44.9701965],[9.0371311,44.9709563],[9.0358965,44.9709563],[9.0358965,44.9701965]]]}},{"type":"Feature","id":"B1236","properties":{"z":"Z080","k":"residential","h":12.5,"dh":4.4,"td":0.0,"t0":0.0,"g":0,"cbd":0,"d":4.147},"geometry":{"type":"Polygon","coordinates":[[[9.0338899,44.9714094],[9.035336,44.9714094],[9.035336,44.9724316],[9.0338899,44.9724316],[9.0338899,44.9714094]]]}},{"type":"Feature","id":"B1237","properties":{"z":"Z080","k":"residential","h":9.7,"dh":0.0,"td":0.0,"t0":0.0,"g":0,"cbd":0,"d":4.246},"geometry":{"type":"Polygon","coordinates":[[[9.0359508,44.9715297],[9.0370768,44.9715297],[9.0370768,44.9723112],[9.0359508,44.9723112],[9.0359508,44.9715297]]]}},{"type":"Feature","id":"B1238","properties":{"z":"Z080","k":"park","h":0.0,"dh":0.0,"td":0.0,"t0":0.0,"g":0,"cbd":0,"d":4.528},"geometry":{"type":"Polygon","coordinates":[[[9.0391188,44.9702209],[9.040302,44.9702209],[9.040302,44.9709319],[9.0391188,44.9709319],[9.0391188,44.9702209]]]}},{"type":"Feature","id":"B1239","properties":{"z":"Z080","k":"residential","h":17.8,"dh":0.0,"td":0.0,"t0":0.0,"g":0,"cbd":0,"d":4.632},"geometry":{"type":"Polygon","coordinates":[[[9.0410373,44.9701325],[9.0421852,44.9701325],[9.0421852,44.9710203],[9.0410373,44.9710203],[9.0410373,44.9701325]]]}},{"type":"Feature","id":"B1240","properties":{"z":"Z080","k":"park","h":0.0,"dh":0.0,"td":0.0,"t0":0.0,"g":0,"cbd":0,"d":4.421},"geometry":{"type":"Polygon","coordinates":[[[9.0391419,44.971469],[9.0402789,44.971469],[9.0402789,44.9723719],[9.0391419,44.9723719],[9.0391419,44.971469]]]}},{"type":"Feature","id":"B1241","properties":{"z":"Z080","k":"residential","h":16.7,"dh":0.0,"td":0.0,"t0":0.0,"g":0,"cbd":0,"d":4.528},"geometry":{"type":"Polygon","coordinates":[[[9.0410545,44.9715162],[9.042168,44.9715162],[9.042168,44.9723247],[9.0410545,44.9723247],[9.0410545,44.9715162]]]}},{"type":"Feature","id":"B1242","properties":{"z":"Z080","k":"residential","h":19.2,"dh":0.0,"td":0.0,"t0":0.0,"g":0,"cbd":0,"d":3.96},"geometry":{"type":"Polygon","coordinates":[[[9.0339394,44.9738101],[9.0352865,44.9738101],[9.0352865,44.9745516],[9.0339394,44.9745516],[9.0339394,44.9738101]]]}},{"type":"Feature","id":"B1243","properties":{"z":"Z080","k":"residential","h":17.4,"dh":0.0,"td":0.0,"t0":0.0,"g":0,"cbd":0,"d":4.065},"geometry":{"type":"Polygon","coordinates":[[[9.0358648,44.9737364],[9.0371628,44.9737364],[9.0371628,44.9746253],[9.0358648,44.9746253],[9.0358648,44.9737364]]]}},{"type":"Feature","id":"B1244","properties":{"z":"Z080","k":"residential","h":8.1,"dh":0.0,"td":0.0,"t0":0.0,"g":0,"cbd":0,"d":3.853},"geometry":{"type":"Polygon","coordinates":[[[9.0339112,44.975033],[9.0353147,44.975033],[9.0353147,44.9760169],[9.0339112,44.9760169],[9.0339112,44.975033]]]}},{"type":"Feature","id":"B1245","properties":{"z":"Z080","k":"park","h":0.0,"dh":0.0,"td":0.0,"t0":0.0,"g":0,"cbd":0,"d":3.96},"geometry":{"type":"Polygon","coordinates":[[[9.0359058,44.9751178],[9.0371218,44.9751178],[9.0371218,44.9759321],[9.0359058,44.9759321],[9.0359058,44.9751178]]]}},{"type":"Feature","id":"B1246","properties":{"z":"Z080","k":"park","h":0.0,"dh":0.0,"td":0.0,"t0":0.0,"g":0,"cbd":0,"d":4.246},"geometry":{"type":"Polygon","coordinates":[[[9.0390519,44.9736641],[9.040369,44.9736641],[9.040369,44.9746976],[9.0390519,44.9746976],[9.0390519,44.9736641]]]}},{"type":"Feature","id":"B1247","properties":{"z":"Z080","k":"residential","h":12.1,"dh":0.0,"td":0.0,"t0":0.0,"g":0,"cbd":0,"d":4.358},"geometry":{"type":"Polygon","coordinates":[[[9.0410745,44.973683],[9.0421481,44.973683],[9.0421481,44.9746787],[9.0410745,44.9746787],[9.0410745,44.973683]]]}},{"type":"Feature","id":"B1248","properties":{"z":"Z080","k":"residential","h":16.9,"dh":0.0,"td":0.0,"t0":0.0,"g":0,"cbd":0,"d":4.147},"geometry":{"type":"Polygon","coordinates":[[[9.0392008,44.9750707],[9.0402201,44.9750707],[9.0402201,44.9759792],[9.0392008,44.9759792],[9.0392008,44.9750707]]]}},{"type":"Feature","id":"B1249","properties":{"z":"Z080","k":"residential","h":14.8,"dh":0.0,"td":0.0,"t0":0.0,"g":0,"cbd":0,"d":4.26},"geometry":{"type":"Polygon","coordinates":[[[9.0408987,44.9751522],[9.0423238,44.9751522],[9.0423238,44.9758977],[9.0408987,44.9758977],[9.0408987,44.9751522]]]}}]}